Generaci√≥n,Mejor Fitness,Fitness Promedio,Diversidad,Peor Fitness,CPU (%),Memoria (%),Tiempo (s),Goles Favor,Goles Contra
1,32.00,32.00,19.01,32.00,0.00,99.10,3.47,0,32
2,32.00,32.00,18.58,32.00,63.25,99.25,5.02,0,32
3,32.00,31.70,16.08,29.00,60.24,98.98,6.72,0,32
1,32.00,31.55,19.18,27.50,0.00,99.19,3.80,0,32
2,32.00,31.55,17.91,27.50,41.66,99.22,5.12,0,32
3,32.00,31.70,17.32,29.00,30.08,99.10,6.16,0,32
4,32.00,31.85,18.36,30.50,32.74,99.12,7.37,0,32
5,32.00,31.25,17.46,27.50,37.26,99.13,8.49,0,32
6,32.00,32.00,17.15,32.00,35.45,99.24,9.76,0,32
7,32.00,32.00,15.82,32.00,35.52,99.28,10.87,0,32
8,32.00,31.55,17.69,27.50,39.33,99.18,12.27,0,32
9,32.00,31.25,17.88,27.50,32.00,99.21,13.53,0,32
10,32.00,32.00,16.49,32.00,43.42,99.09,14.95,0,32
11,32.00,32.00,14.84,32.00,54.00,99.03,16.61,0,32
12,32.00,31.10,16.04,27.50,48.43,99.09,18.01,0,32
13,32.00,32.00,13.72,32.00,26.50,99.06,19.10,0,32
1,32.00,30.95,18.91,27.50,0.00,99.12,4.21,0,32
2,32.00,31.70,18.70,29.00,39.00,99.04,5.48,0,32
3,32.00,32.00,19.26,32.00,46.77,98.87,6.92,0,32
4,32.00,32.00,18.02,32.00,32.60,99.09,8.18,0,32
1,32.00,31.70,19.30,29.00,0.00,99.09,3.94,0,32
2,32.00,31.70,19.49,29.00,58.51,99.19,5.88,0,32
3,32.00,31.55,18.63,27.50,49.02,99.18,7.55,0,32
1,33.50,32.15,18.15,27.50,0.00,98.80,3.81,0,31
2,33.50,32.90,13.70,32.00,42.70,99.09,5.44,0,31
1,32.00,32.00,19.71,32.00,0.00,99.08,4.68,0,32
2,32.00,31.70,18.75,29.00,43.91,99.22,6.33,0,32
3,32.00,31.70,18.50,29.00,50.16,99.18,7.90,0,32
1,38.00,34.40,16.86,32.00,0.00,98.91,4.34,0,28
2,38.00,34.70,17.70,32.00,49.30,99.18,6.07,0,28
3,38.00,34.25,14.14,30.50,58.60,99.08,7.76,0,28
1,36.50,32.90,19.14,32.00,0.00,98.83,3.90,0,29
2,36.50,32.45,17.80,32.00,25.68,99.11,5.16,0,29
3,32.00,32.00,18.40,32.00,28.52,98.79,6.57,0,29
4,32.00,32.00,17.49,32.00,39.66,99.10,7.97,0,29
1,38.00,33.50,17.94,32.00,0.00,97.67,4.38,0,28
2,38.00,34.85,13.86,32.00,35.53,98.00,5.82,0,28
3,38.00,36.20,9.71,32.00,41.99,98.42,7.44,0,28
4,38.00,36.50,7.79,32.00,44.04,98.83,8.83,0,28
5,38.00,36.65,11.45,32.00,33.04,98.97,10.11,0,28
6,38.00,36.50,11.53,32.00,33.25,99.07,11.57,0,28
7,38.00,35.90,15.01,32.00,38.21,98.91,13.09,0,28
8,38.00,36.80,12.71,32.00,37.57,99.06,14.60,0,28
9,38.00,36.80,13.54,32.00,28.86,99.16,16.03,0,28
10,38.00,36.50,13.86,32.00,36.60,99.19,17.56,0,28
11,38.00,36.95,13.76,32.00,38.64,99.13,18.88,0,28
12,38.00,36.20,14.43,32.00,28.94,99.20,20.36,0,28
13,38.00,36.50,13.92,32.00,27.20,99.08,21.81,0,28
1,35.00,32.60,17.87,32.00,0.00,99.24,4.29,0,30
2,35.00,33.20,15.53,32.00,45.40,99.19,5.84,0,30
3,35.00,34.10,14.84,32.00,30.60,99.10,7.23,0,30
4,35.00,34.10,15.81,32.00,35.37,99.12,8.66,0,30
5,35.00,34.40,17.00,32.00,26.65,99.23,10.07,0,30
6,35.00,34.70,16.84,32.00,38.40,99.09,11.70,0,30
7,38.00,35.00,15.17,32.00,29.01,99.08,13.14,0,28
1,36.50,33.00,19.74,32.00,0.00,98.94,10.74,0,29
2,36.50,33.85,19.05,32.00,30.00,98.98,14.95,0,29
3,36.50,34.55,18.69,32.00,29.33,99.12,19.17,0,29
4,36.50,34.80,18.15,32.00,36.27,99.13,23.33,0,29
5,38.00,35.00,17.60,32.00,41.74,98.88,27.94,0,28
6,38.00,35.30,15.83,32.00,40.29,99.20,32.23,0,28
7,38.00,35.70,15.17,32.00,32.96,99.19,36.75,0,28
8,38.00,35.75,14.98,32.00,41.55,98.72,41.60,0,28
9,38.00,36.55,14.28,32.00,34.96,99.09,46.30,0,28
10,38.00,36.30,12.99,32.00,33.46,99.19,50.91,0,28
11,38.00,37.10,11.99,32.00,34.79,99.24,55.65,0,28
12,38.00,37.05,10.81,32.00,33.45,99.05,60.39,0,28
13,38.00,37.00,13.38,32.00,32.99,99.09,65.09,0,28
14,38.00,36.50,15.19,32.00,37.17,99.23,70.11,0,28
15,38.00,36.60,14.95,32.00,54.55,98.66,75.72,0,28
16,38.00,36.80,14.32,32.00,53.21,99.17,81.61,0,28
17,38.00,36.25,13.34,32.00,51.60,98.57,87.42,0,28
18,38.00,37.30,12.88,32.00,49.67,98.94,93.58,0,28
19,38.00,36.00,15.51,32.00,50.39,99.20,98.62,0,28
20,38.00,36.80,15.11,32.00,51.80,99.24,104.54,0,28
21,38.00,36.40,14.10,32.00,50.14,99.17,110.51,0,28
22,38.00,36.30,14.61,32.00,50.58,99.12,115.59,0,28
23,38.00,35.80,15.50,30.50,41.90,99.25,120.87,0,28
24,38.00,36.45,14.80,32.00,32.69,99.21,125.83,0,28
25,38.00,37.30,14.51,32.00,30.10,99.15,130.75,0,28
26,38.00,36.40,14.51,32.00,32.09,99.01,135.44,0,28
27,38.00,36.80,14.16,32.00,32.60,99.19,139.36,0,28
28,38.00,36.80,13.94,32.00,36.74,99.25,144.18,0,28
29,38.00,37.05,14.82,32.00,40.43,99.28,149.60,0,28
30,38.00,36.10,14.39,32.00,35.70,99.25,154.63,0,28
31,38.00,36.70,15.11,32.00,34.42,99.13,159.67,0,28
32,38.00,37.50,14.81,32.00,35.90,98.71,163.84,0,28
33,38.00,36.90,14.52,32.00,50.88,99.14,169.29,0,28
34,38.00,36.90,15.45,32.00,37.21,99.00,173.63,0,28
35,38.00,37.10,14.29,32.00,42.21,98.85,178.53,0,28
36,38.00,36.20,14.97,32.00,36.31,98.99,183.45,0,28
37,38.00,37.30,12.97,32.00,36.32,98.90,188.62,0,28
38,38.00,36.50,14.04,32.00,39.55,99.24,193.70,0,28
39,38.00,37.05,12.94,32.00,38.62,98.85,198.27,0,28
40,38.00,36.70,12.35,32.00,34.85,98.95,203.50,0,28
41,38.00,35.80,13.07,32.00,42.23,98.34,208.96,0,28
42,38.00,36.50,13.89,32.00,33.83,98.78,214.06,0,28
43,38.00,37.20,14.50,32.00,32.84,98.74,218.88,0,28
44,38.00,36.40,15.84,32.00,32.66,98.90,223.88,0,28
45,38.00,36.60,14.83,32.00,34.87,98.82,228.08,0,28
46,38.00,36.90,14.65,32.00,35.77,98.46,233.00,0,28
47,38.00,37.35,14.25,32.00,41.30,98.67,237.72,0,28
48,38.00,36.10,15.16,32.00,39.85,98.89,243.24,0,28
49,39.50,36.35,16.36,32.00,31.80,98.94,247.82,0,27
50,39.50,36.35,15.99,32.00,36.59,99.21,252.83,0,27
51,39.50,36.50,16.73,32.00,40.03,98.75,258.72,0,27
52,39.50,37.10,16.37,32.00,31.50,98.62,262.75,0,27
53,39.50,37.40,16.14,32.00,39.59,98.89,267.86,0,27
54,39.50,37.55,15.69,32.00,37.98,98.41,272.50,0,27
55,39.50,37.45,14.01,32.00,39.57,97.53,277.69,0,27
56,39.50,37.55,13.61,32.00,30.91,98.08,282.56,0,27
57,39.50,37.45,14.83,32.00,32.67,99.11,287.62,0,27
58,39.50,37.30,15.79,32.00,29.17,98.90,292.81,0,27
59,39.50,37.25,16.14,32.00,37.53,98.68,297.92,0,27
60,39.50,37.10,17.41,32.00,29.85,99.17,301.87,0,27
61,39.50,37.90,16.87,32.00,32.27,98.96,306.88,0,27
62,39.50,37.75,16.92,32.00,29.70,98.86,311.98,0,27
63,41.00,38.00,16.86,32.00,32.92,98.47,316.73,0,26
64,41.00,38.25,16.86,30.50,34.18,99.21,321.95,0,26
65,41.00,38.60,16.25,32.00,58.11,98.64,328.00,0,26
66,41.00,37.75,15.39,32.00,49.33,98.65,332.59,0,26
67,41.00,38.80,11.67,32.00,62.78,98.51,338.46,0,26
68,41.00,39.30,14.03,32.00,45.73,98.94,344.30,0,26
69,41.00,38.00,14.92,32.00,61.54,97.91,350.41,0,26
70,41.00,38.50,14.99,32.00,52.64,98.46,355.56,0,26
71,41.00,37.90,14.95,29.00,51.90,99.07,361.44,0,26
72,41.00,37.20,15.39,32.00,48.68,99.12,367.67,0,26
73,41.00,36.80,15.07,32.00,33.30,99.07,372.29,0,26
74,41.00,38.60,14.84,32.00,43.04,98.99,378.03,0,26
75,41.00,38.20,15.26,32.00,44.04,99.22,383.79,0,26
76,41.00,38.40,15.77,32.00,46.01,99.04,389.80,0,26
77,42.50,37.95,16.82,32.00,40.70,99.06,395.38,0,25
78,41.00,38.70,14.89,30.50,43.46,99.16,400.89,0,25
79,41.00,38.45,15.39,32.00,40.43,99.24,406.41,0,25
80,41.00,38.85,15.42,32.00,40.55,99.19,411.36,0,25
81,41.00,39.10,14.81,32.00,43.14,99.11,417.24,0,25
82,41.00,38.50,15.72,32.00,43.68,99.20,422.04,0,25
83,41.00,38.75,14.18,32.00,52.30,98.95,427.74,0,25
84,41.00,39.40,14.62,32.00,32.91,98.43,432.85,0,25
85,41.00,39.70,14.81,32.00,29.70,98.74,437.94,0,25
86,41.00,38.60,16.04,32.00,30.80,98.99,443.11,0,25
87,41.00,39.15,16.39,32.00,37.20,99.07,448.55,0,25
88,41.00,39.20,15.84,32.00,32.48,98.83,453.92,0,25
89,41.00,39.75,15.12,35.00,53.20,99.20,459.94,0,25
90,41.00,39.05,15.43,32.00,44.49,98.13,465.42,0,25
91,41.00,38.00,16.75,32.00,36.39,99.12,471.00,0,25
92,41.00,39.15,16.02,32.00,40.59,98.99,476.50,0,25
93,41.00,40.10,15.38,32.00,45.71,99.17,482.01,0,25
94,41.00,37.80,17.14,32.00,55.94,98.89,488.93,0,25
95,41.00,37.90,17.12,32.00,46.46,99.13,495.28,0,25
96,41.00,38.40,16.94,32.00,49.17,99.13,501.40,0,25
97,41.00,38.35,16.12,32.00,48.25,99.17,507.06,0,25
98,41.00,36.90,17.24,30.50,47.18,99.04,513.02,0,25
99,41.00,37.60,16.62,32.00,53.34,99.07,519.40,0,25
100,41.00,38.75,15.98,32.00,48.27,99.29,525.54,0,25
101,41.00,39.90,16.06,32.00,48.85,99.27,531.54,0,25
102,41.00,39.20,16.49,32.00,50.49,98.94,537.89,0,25
103,41.00,38.15,16.80,32.00,47.05,99.32,543.50,0,25
104,41.00,38.55,14.99,29.00,54.66,99.18,550.54,0,25
105,41.00,39.50,13.80,32.00,55.87,99.28,558.31,0,25
106,41.00,38.70,15.94,32.00,49.05,98.89,565.36,0,25
107,41.00,38.90,16.17,32.00,39.42,99.28,571.65,0,25
108,41.00,39.10,14.67,32.00,52.95,98.93,578.14,0,25
109,41.00,38.40,13.95,32.00,35.68,99.10,583.11,0,25
110,41.00,38.55,14.16,32.00,43.61,98.92,589.53,0,25
111,41.00,39.10,15.78,32.00,64.71,98.10,599.46,0,25
112,41.00,38.50,16.34,32.00,37.74,98.78,605.20,0,25
113,41.00,38.80,16.45,32.00,31.62,99.19,610.37,0,25
114,41.00,38.50,15.75,32.00,30.06,99.22,615.82,0,25
115,41.00,39.75,15.14,32.00,44.65,98.65,621.94,0,25
116,41.00,38.60,16.61,32.00,48.42,99.09,628.66,0,25
117,41.00,38.50,15.55,32.00,36.30,99.26,633.68,0,25
118,44.00,38.20,16.39,32.00,34.96,98.83,639.17,0,24
119,44.00,36.90,17.75,32.00,29.09,98.99,643.92,0,24
120,44.00,38.20,17.47,32.00,33.97,99.11,649.65,0,24
121,44.00,38.70,15.74,32.00,39.85,99.23,655.66,0,24
122,44.00,40.20,14.91,32.00,37.70,99.04,662.15,0,24
123,44.00,40.50,12.84,32.00,45.02,99.04,668.64,0,24
124,44.00,41.10,11.28,32.00,38.93,99.02,675.16,0,24
125,44.00,39.30,13.34,32.00,38.16,98.69,680.85,0,24
126,44.00,38.95,12.99,32.00,34.62,99.03,685.88,0,24
127,44.00,41.20,12.18,32.00,40.24,99.15,691.20,0,24
128,44.00,41.55,13.57,32.00,54.95,99.26,699.43,0,24
129,44.00,42.70,13.05,32.00,48.25,99.19,706.51,0,24
130,44.00,39.15,15.79,30.50,49.71,99.04,713.46,0,24
131,44.00,40.95,15.65,32.00,49.14,99.22,720.11,0,24
132,44.00,42.10,14.01,32.00,53.21,99.17,727.56,0,24
133,44.00,39.75,15.53,32.00,44.04,99.22,733.80,0,24
134,44.00,40.95,14.98,32.00,31.76,98.84,739.12,0,24
135,44.00,42.00,14.63,32.00,53.60,99.20,747.09,0,24
136,44.00,39.45,16.99,32.00,50.53,99.31,755.39,0,24
137,44.00,39.85,16.57,32.00,40.80,98.92,762.01,0,24
138,44.00,40.85,16.57,32.00,42.03,98.04,767.40,0,24
139,44.00,41.05,17.26,32.00,37.15,98.57,773.22,0,24
140,44.00,41.55,17.16,32.00,45.24,98.83,779.60,0,24
141,44.00,41.40,16.77,32.00,63.86,98.06,788.70,0,24
142,44.00,40.00,16.41,32.00,48.04,98.33,795.21,0,24
143,44.00,41.60,15.98,32.00,37.21,99.06,800.63,0,24
144,44.00,39.10,17.53,32.00,41.83,98.78,806.67,0,24
145,44.00,41.90,16.25,32.00,36.50,99.18,812.88,0,24
146,44.00,42.00,16.43,32.00,35.43,99.18,818.97,0,24
147,44.00,41.00,16.52,32.00,34.14,99.24,824.59,0,24
148,44.00,41.60,16.22,32.00,35.12,99.10,830.79,0,24
149,44.00,40.80,16.04,32.00,42.92,99.10,837.46,0,24
150,44.00,40.85,16.37,32.00,38.69,99.27,843.63,0,24
151,44.00,41.65,15.71,32.00,37.64,98.48,849.64,0,24
152,44.00,40.80,16.26,32.00,26.73,98.56,854.86,0,24
153,44.00,40.60,15.94,32.00,25.43,98.67,860.09,0,24
154,44.00,42.00,14.95,32.00,30.76,99.19,865.55,0,24
155,44.00,40.65,15.91,30.50,30.38,98.92,871.04,0,24
156,44.00,40.05,15.43,32.00,25.14,98.95,876.28,0,24
157,44.00,42.10,13.88,32.00,26.60,98.33,881.56,0,24
158,44.00,40.35,15.21,30.50,33.71,98.89,886.96,0,24
159,44.00,42.05,15.13,32.00,26.99,98.81,891.14,0,24
160,44.00,41.30,15.82,32.00,32.59,99.27,897.10,0,24
161,44.00,42.60,16.68,32.00,24.94,99.14,902.51,0,24
162,44.00,42.20,15.91,32.00,27.48,98.95,907.25,0,24
163,44.00,40.50,16.35,32.00,24.90,98.92,912.60,0,24
164,44.00,41.00,15.83,32.00,27.10,99.16,917.91,0,24
165,44.00,41.65,16.31,32.00,24.72,99.20,922.91,0,24
166,44.00,41.05,16.58,32.00,33.87,99.04,928.55,0,24
167,44.00,42.70,16.92,32.00,27.25,98.82,933.30,0,24
168,44.00,41.10,16.68,32.00,24.73,98.71,938.45,0,24
169,44.00,40.10,16.25,32.00,25.02,98.81,943.27,0,24
170,44.00,41.40,15.96,32.00,24.20,98.73,948.30,0,24
171,44.00,39.95,15.60,32.00,25.44,98.94,953.39,0,24
172,44.00,39.20,17.14,32.00,35.67,99.24,959.00,0,24
173,44.00,40.75,16.43,32.00,25.66,99.28,964.17,0,24
174,44.00,40.00,16.05,32.00,25.07,99.05,969.32,0,24
175,44.00,41.40,16.11,32.00,24.52,99.12,974.63,0,24
176,44.00,40.15,16.68,32.00,24.69,98.76,979.83,0,24
177,44.00,39.80,15.84,32.00,28.60,99.18,984.72,0,24
178,44.00,41.30,15.12,32.00,32.63,98.94,990.24,0,24
179,44.00,40.00,16.15,32.00,25.93,98.98,994.76,0,24
180,44.00,40.70,16.16,32.00,24.96,98.85,1000.03,0,24
181,44.00,40.55,16.20,32.00,26.89,99.21,1005.51,0,24
182,44.00,40.45,16.05,32.00,25.09,98.91,1010.54,0,24
183,44.00,42.30,15.31,32.00,30.93,99.06,1015.54,0,24
184,44.00,40.60,17.09,32.00,29.84,99.22,1020.79,0,24
185,44.00,41.50,16.35,32.00,24.69,98.91,1026.10,0,24
186,44.00,41.90,16.63,32.00,25.22,99.12,1031.45,0,24
187,44.00,42.20,16.77,32.00,25.18,99.05,1036.42,0,24
188,44.00,40.90,17.18,32.00,24.83,98.91,1041.78,0,24
189,44.00,40.05,16.47,32.00,33.94,99.21,1046.23,0,24
190,44.00,40.30,16.14,32.00,29.08,99.16,1051.86,0,24
191,44.00,41.90,15.87,32.00,25.32,99.04,1056.91,0,24
192,44.00,40.05,16.99,32.00,25.24,99.21,1062.10,0,24
193,44.00,39.40,17.60,32.00,33.26,99.30,1067.36,0,24
194,45.50,40.65,16.42,32.00,29.13,99.24,1073.08,0,23
195,44.00,40.65,17.36,32.00,34.52,98.91,1078.89,0,23
196,44.00,40.75,16.70,32.00,26.92,98.80,1084.27,0,23
197,44.00,40.50,16.28,32.00,33.58,98.25,1089.55,0,23
198,44.00,40.40,16.73,32.00,36.46,97.63,1095.13,0,23
199,44.00,42.00,14.99,32.00,25.04,98.43,1100.32,0,23
200,44.00,39.45,15.78,32.00,32.20,99.07,1105.73,0,23
1,38.00,34.00,18.79,32.00,26.77,98.98,1119.14,0,23
2,38.00,34.25,17.13,32.00,38.04,97.94,1124.81,0,23
3,38.00,34.75,16.06,32.00,29.15,97.71,1130.25,0,23
4,38.00,35.45,14.40,32.00,30.38,99.27,1135.52,0,23
5,38.00,35.75,13.18,32.00,28.02,99.14,1141.28,0,23
6,38.00,36.40,10.00,32.00,24.62,99.13,1146.59,0,23
7,38.00,35.40,12.32,32.00,30.22,98.92,1151.58,0,23
8,38.00,36.00,9.70,32.00,36.73,97.64,1157.66,0,23
9,38.00,35.85,10.18,30.50,24.94,98.10,1163.07,0,23
10,38.00,35.80,11.44,32.00,33.34,98.89,1168.63,0,23
11,38.00,35.30,12.18,30.50,45.70,98.11,1174.35,0,23
12,38.00,35.00,11.19,32.00,40.11,98.91,1180.01,0,23
13,38.00,35.75,10.99,30.50,32.91,98.87,1184.66,0,23
14,38.00,35.90,11.65,32.00,28.26,98.89,1190.01,0,23
15,38.00,36.20,12.52,32.00,30.04,99.03,1195.46,0,23
16,38.00,35.90,12.10,30.50,30.75,99.16,1200.42,0,23
17,38.00,35.75,13.02,30.50,26.81,98.89,1205.86,0,23
18,38.00,35.90,12.57,32.00,25.62,99.18,1211.01,0,23
19,38.00,36.05,13.42,32.00,33.67,98.63,1216.09,0,23
20,38.00,36.40,12.58,32.00,65.29,97.78,1221.03,0,23
21,38.00,36.20,13.22,32.00,70.75,97.99,1226.66,0,23
22,38.00,36.25,12.34,32.00,68.47,97.83,1232.78,0,23
23,38.00,35.50,12.33,32.00,62.63,98.11,1238.85,0,23
24,38.00,35.40,12.94,30.50,66.06,98.44,1244.58,0,23
25,38.00,35.50,13.60,30.50,63.52,98.04,1250.35,0,23
26,38.00,36.05,11.81,30.50,47.97,98.70,1256.21,0,23
27,38.00,35.45,12.77,30.50,59.04,98.26,1262.07,0,23
28,38.00,35.25,14.83,32.00,65.06,98.31,1268.06,0,23
29,38.00,36.10,14.69,32.00,68.56,98.06,1274.09,0,23
30,38.00,36.05,13.85,32.00,67.71,97.96,1280.37,0,23
1,0.00,0.00,18.93,0.00,0.00,99.02,0.20,0,0
2,0.00,0.00,18.99,0.00,63.16,98.99,0.23,0,0
3,0.00,0.00,18.69,0.00,76.19,98.98,0.26,0,0
4,0.00,0.00,19.21,0.00,91.30,99.03,0.28,0,0
5,0.00,0.00,18.45,0.00,58.82,98.99,0.35,0,0
6,0.00,0.00,18.16,0.00,-100.00,98.99,0.42,0,0
7,0.00,0.00,18.11,0.00,51.91,98.95,2.62,0,0
1,38.00,33.20,19.41,30.50,0.00,99.09,9.87,0,28
2,38.00,34.40,18.47,32.00,27.38,98.92,14.07,0,28
3,38.00,35.15,17.18,32.00,29.68,99.14,18.43,0,28
4,38.00,36.20,16.24,32.00,27.17,99.18,21.80,0,28
5,38.00,36.20,16.27,32.00,36.74,99.21,26.13,0,28
6,38.00,36.10,17.34,32.00,26.76,98.94,30.54,0,28
7,38.00,36.85,16.11,32.00,26.51,99.06,34.79,0,28
8,38.00,37.10,15.71,32.00,44.34,99.18,40.40,0,28
9,38.00,36.20,16.94,32.00,41.07,99.11,45.32,0,28
10,38.00,36.30,18.05,32.00,43.62,99.17,50.49,0,28
11,38.00,37.00,18.03,32.00,50.78,99.10,55.41,0,28
12,38.00,36.80,18.00,32.00,36.06,98.79,59.34,0,28
13,38.00,36.80,17.79,32.00,32.61,98.68,63.89,0,28
14,38.00,37.35,17.37,32.00,49.81,98.96,69.78,0,28
15,38.00,37.50,18.06,32.00,44.07,99.22,75.20,0,28
16,38.00,36.30,18.42,32.00,32.22,99.04,79.94,0,28
17,38.00,36.10,18.46,32.00,41.63,99.17,84.83,0,28
18,38.00,36.60,18.06,32.00,43.59,99.28,89.92,0,28
19,38.00,36.25,17.98,30.50,47.02,99.31,94.58,0,28
20,38.00,36.00,18.41,32.00,48.82,99.22,100.45,0,28
21,38.00,36.20,17.76,30.50,54.34,99.20,105.41,0,28
22,38.00,36.75,17.55,30.50,64.04,99.18,112.17,0,28
23,38.00,36.15,18.06,30.50,52.87,99.04,118.08,0,28
24,38.00,36.50,16.95,32.00,55.68,99.02,123.54,0,28
25,38.00,36.00,17.76,32.00,48.23,99.18,129.46,0,28
26,38.00,36.40,17.51,32.00,39.90,99.17,134.63,0,28
27,38.00,36.75,17.05,32.00,55.51,99.10,141.05,0,28
28,38.00,37.45,16.46,32.00,46.69,98.94,146.32,0,28
29,38.00,36.70,16.92,32.00,41.43,99.17,151.48,0,28
30,38.00,36.05,17.59,32.00,41.00,99.10,156.93,0,28
31,38.00,36.60,17.24,32.00,41.00,99.15,161.62,0,28
32,38.00,36.50,17.74,32.00,46.62,98.98,167.07,0,28
33,38.00,36.70,17.34,32.00,36.31,99.16,172.42,0,28
34,38.00,37.00,16.87,30.50,41.46,99.05,177.67,0,28
35,38.00,37.20,17.57,32.00,34.85,98.97,182.80,0,28
36,38.00,37.45,16.63,32.00,40.41,99.23,186.91,0,28
37,38.00,36.45,17.33,30.50,48.97,99.18,192.79,0,28
38,38.00,36.65,15.87,32.00,41.57,99.21,198.49,0,28
39,38.00,36.00,17.14,30.50,44.32,99.25,203.81,0,28
40,41.00,36.70,17.43,30.50,49.33,99.22,209.56,0,26
41,41.00,37.65,16.88,32.00,50.47,99.21,215.61,0,26
42,41.00,38.10,16.12,32.00,58.39,98.59,222.28,0,26
43,41.00,37.55,15.99,32.00,47.31,97.63,227.47,0,26
44,41.00,37.35,14.60,32.00,40.87,99.09,232.63,0,26
45,41.00,38.30,13.36,32.00,39.71,98.93,238.20,0,26
46,41.00,38.40,13.44,32.00,34.29,98.87,243.41,0,26
1,35.00,32.85,19.91,32.00,0.00,99.09,10.79,0,29
2,35.00,33.40,18.96,32.00,53.77,99.03,15.26,0,29
3,38.00,34.25,17.96,32.00,46.93,98.87,19.26,0,28
4,38.00,34.65,17.19,32.00,36.57,99.15,23.90,0,28
5,38.00,34.65,17.24,32.00,33.79,99.08,28.58,0,28
6,38.00,35.60,17.01,32.00,52.74,98.55,33.55,0,28
7,38.00,36.00,15.92,32.00,48.48,98.68,38.61,0,28
8,38.00,36.15,14.23,30.50,46.50,98.49,43.02,0,28
9,38.00,36.15,11.70,32.00,50.25,99.15,48.02,0,28
10,38.00,37.10,8.81,32.00,47.12,98.87,53.23,0,28
11,38.00,36.70,11.28,32.00,49.24,99.16,59.08,0,28
12,38.00,36.60,13.46,32.00,46.91,99.14,64.16,0,28
13,38.00,36.85,12.70,32.00,59.77,99.28,70.63,0,28
14,38.00,35.70,15.11,32.00,51.68,99.05,76.54,0,28
15,38.00,36.15,14.53,27.50,55.86,98.70,82.21,0,28
16,38.00,36.60,15.11,32.00,49.87,99.06,87.61,0,28
17,38.00,36.55,15.71,32.00,58.17,98.17,94.54,0,28
18,38.00,37.25,15.60,32.00,37.24,98.52,99.66,0,28
19,38.00,36.90,15.47,32.00,43.62,98.86,104.39,0,28
20,38.00,37.15,16.75,30.50,47.40,98.62,110.01,0,28
21,38.00,36.10,16.71,32.00,33.93,98.82,115.14,0,28
22,38.00,36.40,16.32,32.00,32.27,99.05,119.98,0,28
23,38.00,36.30,17.85,32.00,35.26,99.17,124.68,0,28
24,38.00,37.25,16.91,32.00,32.53,99.12,128.91,0,28
25,38.00,36.20,17.41,32.00,31.87,99.05,133.82,0,28
26,38.00,36.20,17.03,32.00,32.28,98.34,138.03,0,28
27,41.00,37.20,16.68,32.00,33.20,99.17,142.89,0,26
28,41.00,36.65,17.44,32.00,42.39,99.07,148.56,0,26
29,41.00,37.70,16.78,32.00,43.89,99.04,153.12,0,26
30,41.00,37.00,17.60,32.00,46.21,99.14,158.70,0,26
31,41.00,37.50,16.35,32.00,46.66,99.31,164.14,0,26
32,41.00,37.40,16.31,32.00,49.06,99.22,170.29,0,26
33,41.00,38.15,15.52,32.00,45.92,99.23,176.69,0,26
34,41.00,38.80,14.89,32.00,45.07,99.11,182.67,0,26
35,41.00,39.10,13.21,32.00,33.83,98.79,187.53,0,26
36,41.00,38.15,14.13,32.00,25.36,98.74,192.29,0,26
37,41.00,38.25,14.19,32.00,26.40,98.96,197.28,0,26
38,41.00,38.70,13.31,32.00,34.44,99.17,202.41,0,26
39,41.00,37.95,14.93,32.00,40.78,99.06,207.62,0,26
40,41.00,39.35,14.96,32.00,38.11,99.06,212.82,0,26
41,41.00,40.05,13.56,32.00,32.33,98.69,216.84,0,26
42,41.00,40.50,13.72,32.00,46.14,98.96,222.46,0,26
43,41.00,38.75,16.01,32.00,64.45,98.85,230.13,0,26
44,41.00,39.10,15.33,32.00,52.01,98.48,235.95,0,26
45,41.00,38.50,14.92,32.00,49.29,99.00,242.30,0,26
46,41.00,38.80,15.14,32.00,49.57,99.17,248.52,0,26
47,41.00,39.30,14.71,32.00,50.07,99.23,254.40,0,26
48,41.00,39.50,15.24,32.00,49.82,99.16,261.22,0,26
49,41.00,39.30,15.34,32.00,50.83,99.07,267.92,0,26
50,41.00,38.60,15.24,32.00,46.85,99.30,273.98,0,26
51,41.00,38.60,14.59,32.00,50.16,99.01,280.03,0,26
52,41.00,38.20,16.17,32.00,55.91,98.67,287.03,0,26
53,41.00,38.65,14.52,32.00,52.37,99.15,294.15,0,26
54,41.00,39.50,15.24,32.00,54.49,99.09,301.65,0,26
55,41.00,39.00,16.08,32.00,42.40,99.20,307.43,0,26
56,41.00,38.85,16.82,32.00,43.34,99.18,312.25,0,26
57,41.00,39.10,17.35,32.00,44.38,99.21,318.30,0,26
58,41.00,38.90,17.92,32.00,56.60,98.81,325.59,0,26
59,41.00,39.25,17.52,32.00,54.96,99.12,331.71,0,26
60,41.00,39.50,17.22,32.00,52.92,97.98,338.54,0,26
61,41.00,40.35,16.54,32.00,52.68,98.86,344.73,0,26
62,41.00,39.20,17.66,32.00,52.73,99.20,351.99,0,26
63,41.00,38.20,18.06,32.00,49.65,99.27,358.04,0,26
64,41.00,37.60,17.59,32.00,51.63,98.33,364.34,0,26
1,36.50,33.15,19.31,32.00,0.00,99.15,3.64,0,29
2,36.50,33.85,18.95,32.00,57.40,99.14,5.07,0,29
3,36.50,34.40,18.51,32.00,50.11,99.13,6.26,0,29
4,36.50,34.20,18.37,32.00,56.75,99.15,7.11,0,29
5,36.50,33.90,18.08,32.00,51.95,99.09,8.28,0,29
6,36.50,33.90,17.11,29.00,54.95,99.06,9.19,0,29
7,38.00,34.75,17.54,32.00,55.03,99.08,10.14,0,28
8,38.00,34.85,18.01,32.00,47.42,99.20,11.31,0,28
9,38.00,34.90,17.37,32.00,50.33,98.91,12.44,0,28
10,38.00,34.75,17.02,32.00,47.91,99.19,13.58,0,28
11,38.00,35.25,16.65,32.00,47.27,99.23,14.75,0,28
12,38.00,35.20,15.54,29.00,59.01,99.18,15.69,0,28
13,39.50,35.70,13.62,32.00,57.60,99.25,16.94,0,27
14,39.50,35.30,16.21,30.50,60.35,99.22,18.16,0,27
15,39.50,35.75,17.13,29.00,65.98,99.19,19.20,0,27
16,39.50,36.30,16.30,29.00,57.93,99.10,20.16,0,27
17,39.50,36.30,17.66,30.50,46.52,99.17,21.33,0,27
18,39.50,36.65,15.63,30.50,63.71,98.98,22.49,0,27
19,39.50,37.55,14.01,30.50,60.24,98.90,23.72,0,27
20,39.50,37.15,12.30,32.00,53.04,99.18,24.90,0,27
21,39.50,37.35,14.12,32.00,49.10,99.18,26.08,0,27
22,39.50,36.45,15.58,30.50,52.84,99.16,27.23,0,27
23,39.50,37.40,15.29,32.00,53.62,99.07,28.41,0,27
24,39.50,37.55,14.97,32.00,47.80,99.20,29.58,0,27
25,39.50,37.50,17.42,32.00,53.26,99.28,30.49,0,27
26,39.50,37.60,17.24,32.00,49.07,99.30,31.63,0,27
27,39.50,36.35,16.23,30.50,59.71,99.01,32.59,0,27
28,39.50,36.70,16.93,32.00,56.30,99.08,33.47,0,27
29,39.50,37.60,16.98,32.00,48.92,99.11,34.63,0,27
30,39.50,38.10,15.98,32.00,56.30,99.23,35.49,0,27
31,39.50,38.15,16.74,32.00,47.75,99.19,36.66,0,27
32,39.50,38.25,16.29,32.00,58.33,99.23,37.54,0,27
33,39.50,37.80,17.01,32.00,48.45,99.02,38.71,0,27
34,39.50,38.30,17.20,32.00,-100.00,99.05,39.57,0,27
35,39.50,37.10,18.13,32.00,54.35,99.04,40.50,0,27
36,39.50,38.25,16.63,32.00,47.62,99.17,41.69,0,27
37,39.50,37.00,18.16,32.00,49.58,98.81,42.89,0,27
38,39.50,38.25,15.67,32.00,58.29,99.21,44.03,0,27
39,39.50,38.05,16.02,32.00,47.38,99.18,45.20,0,27
40,39.50,37.12,17.09,32.00,50.99,99.25,46.34,0,27
41,39.50,37.15,17.01,32.00,53.57,98.96,47.48,0,27
42,44.00,37.60,17.53,32.00,46.92,99.14,48.65,0,24
43,39.50,36.95,16.20,32.00,47.06,99.08,49.80,0,24
44,39.50,37.90,15.23,32.00,54.48,99.18,50.65,0,24
45,39.50,37.65,15.46,32.00,56.73,99.16,51.52,0,24
46,39.50,38.60,14.11,32.00,49.30,99.15,52.69,0,24
47,44.00,37.60,16.14,30.50,-100.00,99.23,53.64,0,24
48,44.00,37.55,17.38,32.00,52.04,99.27,54.79,0,24
49,44.00,36.75,17.45,32.00,47.81,99.24,55.90,0,24
50,44.00,37.30,17.51,32.00,49.09,99.30,57.07,0,24
51,44.00,38.60,16.03,32.00,49.27,98.95,58.27,0,24
52,44.00,40.00,15.29,29.00,65.57,99.33,59.34,0,24
53,44.00,40.35,16.44,32.00,65.80,99.30,60.66,0,24
54,44.00,41.60,15.87,33.50,65.76,99.16,62.05,0,24
55,44.00,42.30,15.20,32.00,78.94,99.07,63.47,0,24
56,44.00,40.90,17.01,32.00,58.85,99.13,64.70,0,24
57,44.00,40.35,17.42,30.50,53.97,99.14,65.91,0,24
58,44.00,39.70,18.06,32.00,66.53,99.16,67.12,0,24
59,44.00,40.55,17.75,32.00,65.73,99.24,68.06,0,24
60,44.00,40.65,17.81,30.50,58.22,99.23,69.34,0,24
61,44.00,41.55,17.90,32.00,54.75,99.16,70.53,0,24
62,44.00,41.90,17.59,32.00,53.23,99.19,71.72,0,24
63,44.00,40.45,18.23,30.50,64.56,99.23,72.71,0,24
64,44.00,40.75,16.48,32.00,54.36,99.26,73.92,0,24
65,44.00,42.65,15.48,32.00,52.17,99.17,75.10,0,24
66,44.00,41.30,16.25,32.00,52.45,99.17,76.30,0,24
67,44.00,41.20,16.50,30.50,50.87,99.07,77.25,0,24
68,44.00,42.40,16.25,32.00,57.07,99.27,78.43,0,24
69,44.00,42.50,15.32,33.50,57.31,99.16,79.38,0,24
70,44.00,40.10,17.28,32.00,64.31,99.18,80.63,0,24
71,44.00,40.10,17.62,30.50,67.98,99.18,81.88,0,24
72,44.00,40.90,17.24,32.00,67.91,99.18,83.28,0,24
73,44.00,40.80,17.35,32.00,63.66,99.18,84.59,0,24
74,44.00,42.60,15.84,32.00,58.13,99.20,85.79,0,24
75,44.00,40.65,16.75,30.50,63.69,99.24,87.08,0,24
76,44.00,40.80,16.97,32.00,64.84,99.13,88.44,0,24
77,44.00,41.30,15.39,32.00,74.35,99.19,89.95,0,24
78,44.00,41.00,14.84,6.50,70.93,99.28,90.88,0,24
79,44.00,41.50,15.09,32.00,65.83,99.21,92.23,0,24
80,44.00,41.35,15.48,30.50,71.26,99.25,93.27,0,24
81,44.00,39.65,16.14,29.00,78.98,98.99,94.43,0,24
82,44.00,41.45,16.00,32.00,79.39,98.89,95.87,0,24
83,44.00,41.70,15.11,32.00,78.37,98.39,97.19,0,24
84,44.00,38.95,16.34,32.00,90.41,98.12,98.64,0,24
85,44.00,39.45,15.15,32.00,80.00,97.77,100.18,0,24
86,44.00,40.15,14.64,30.50,73.04,97.91,101.39,0,24
87,44.00,41.20,13.49,32.00,77.05,98.46,102.54,0,24
88,44.00,41.40,14.48,30.50,65.83,98.52,103.94,0,24
89,44.00,40.95,14.06,32.00,66.51,98.73,105.31,0,24
90,44.00,40.70,14.17,32.00,72.45,99.15,106.37,0,24
91,44.00,40.75,14.74,30.50,74.54,99.19,107.52,0,24
92,44.00,39.90,16.32,32.00,73.56,99.15,108.65,0,24
93,44.00,40.80,15.88,29.00,68.55,99.19,110.00,0,24
94,44.00,40.15,16.68,30.50,72.65,98.97,111.18,0,24
95,44.00,42.05,15.89,32.00,76.84,99.09,112.57,0,24
96,44.00,40.70,16.74,30.50,69.29,99.05,113.75,0,24
97,44.00,41.10,16.93,32.00,71.75,99.01,115.16,0,24
98,44.00,41.00,16.77,32.00,71.77,99.26,116.31,0,24
99,44.00,40.75,17.72,30.50,71.19,99.29,117.44,0,24
100,44.00,39.55,17.44,30.50,69.15,99.21,118.86,0,24
101,44.00,39.80,16.83,30.50,73.83,99.23,120.15,0,24
102,44.00,39.50,16.66,32.00,77.10,99.25,121.43,0,24
103,44.00,41.50,14.88,32.00,75.69,99.21,122.93,0,24
104,44.00,40.90,16.32,30.50,70.70,99.14,124.45,0,24
105,44.00,39.60,17.12,32.00,59.78,99.17,125.68,0,24
106,44.00,40.05,16.85,30.50,59.04,99.19,126.72,0,24
107,44.00,39.20,16.84,32.00,54.13,99.06,127.96,0,24
108,44.00,40.05,16.57,30.50,49.39,99.22,129.20,0,24
109,44.00,42.20,15.98,32.00,53.13,99.26,130.46,0,24
110,44.00,42.60,15.41,32.00,51.23,99.12,131.64,0,24
111,44.00,41.05,16.22,32.00,55.17,98.97,132.87,0,24
112,44.00,41.50,16.69,32.00,51.38,99.10,134.10,0,24
113,44.00,40.00,16.83,32.00,64.33,99.15,135.37,0,24
114,44.00,39.70,16.20,30.50,52.43,99.16,136.55,0,24
115,44.00,40.30,15.67,32.00,64.68,99.24,137.48,0,24
116,44.00,40.45,15.58,30.50,60.69,99.22,138.50,0,24
117,44.00,40.25,15.43,30.50,59.08,99.21,139.51,0,24
118,44.00,39.95,16.21,32.00,62.66,99.21,140.81,0,24
119,44.00,38.85,17.19,29.00,66.55,99.24,141.88,0,24
120,44.00,40.25,16.48,32.00,69.21,99.00,142.97,0,24
121,44.00,41.05,15.50,30.50,66.27,99.16,144.14,0,24
122,44.00,40.25,15.84,32.00,51.63,99.23,145.37,0,24
123,44.00,42.00,14.79,32.00,51.77,99.25,146.61,0,24
124,44.00,39.10,17.55,32.00,55.56,98.98,147.80,0,24
125,44.00,41.40,16.22,32.00,49.48,98.99,149.02,0,24
126,44.00,40.95,16.82,32.00,50.11,99.10,150.21,0,24
127,44.00,41.30,16.74,32.00,59.65,99.26,151.20,0,24
128,44.00,41.35,16.95,32.00,57.51,99.12,152.19,0,24
129,44.00,41.05,16.39,32.00,54.42,98.99,153.38,0,24
130,44.00,40.15,17.34,32.00,60.93,99.00,154.30,0,24
131,44.00,40.00,17.76,32.00,62.93,99.12,155.58,0,24
132,44.00,40.75,17.26,32.00,55.92,99.12,156.78,0,24
133,44.00,40.60,16.87,32.00,57.60,99.09,157.91,0,24
134,44.00,41.80,16.31,32.00,50.16,99.17,159.10,0,24
135,44.00,40.60,17.66,32.00,55.82,99.15,160.11,0,24
136,44.00,41.15,15.70,32.00,61.17,99.17,161.05,0,24
137,44.00,41.05,16.38,30.50,58.17,99.18,162.03,0,24
138,44.00,42.30,14.27,32.00,50.68,98.94,163.22,0,24
139,44.00,41.40,15.31,32.00,58.93,99.17,164.13,0,24
140,44.00,41.30,15.50,32.00,55.49,98.97,165.41,0,24
141,44.00,40.50,16.18,30.50,57.85,98.93,166.39,0,24
142,44.00,41.60,16.59,32.00,54.13,99.00,167.54,0,24
143,44.00,40.90,16.10,32.00,52.09,98.88,168.74,0,24
144,44.00,41.00,16.18,32.00,70.47,98.54,170.00,0,24
145,44.00,40.00,15.81,32.00,72.41,98.21,171.46,0,24
146,44.00,40.15,15.85,32.00,77.04,98.08,172.76,0,24
147,44.00,39.30,16.04,32.00,81.44,98.11,173.89,0,24
148,44.00,39.35,16.25,30.50,87.69,97.89,174.95,0,24
149,44.00,39.65,17.13,30.50,74.21,97.88,175.94,0,24
150,44.00,40.65,16.88,32.00,84.08,97.80,177.38,0,24
151,44.00,41.40,15.74,32.00,74.60,97.69,178.64,0,24
152,44.00,40.75,17.21,32.00,56.98,97.80,179.81,0,24
153,44.00,41.65,16.29,32.00,61.26,98.11,181.05,0,24
154,44.00,41.65,15.60,30.50,75.30,98.36,181.89,0,24
155,44.00,39.85,16.25,32.00,57.20,98.64,183.13,0,24
156,44.00,41.70,12.90,32.00,58.37,98.77,184.37,0,24
157,44.00,41.90,9.10,32.00,52.81,98.82,185.59,0,24
158,44.00,41.95,11.83,32.00,57.75,98.94,186.60,0,24
159,44.00,41.05,12.10,30.50,59.79,98.81,187.79,0,24
160,44.00,40.50,14.55,32.00,58.34,99.01,188.80,0,24
161,44.00,39.65,14.53,30.50,57.02,98.90,189.80,0,24
162,44.00,40.40,14.56,32.00,52.60,98.95,191.03,0,24
163,44.00,39.20,15.77,32.00,51.28,99.10,192.25,0,24
164,44.00,40.90,13.85,32.00,53.33,99.00,193.47,0,24
165,44.00,38.90,13.25,32.00,53.53,99.12,194.65,0,24
166,44.00,40.30,12.43,32.00,51.04,99.10,195.85,0,24
167,44.00,41.30,13.51,32.00,50.79,99.11,197.05,0,24
168,44.00,40.70,14.17,32.00,53.76,99.14,198.22,0,24
169,44.00,41.85,14.20,30.50,65.51,99.08,199.41,0,24
170,44.00,41.05,15.29,32.00,59.81,99.09,200.73,0,24
171,44.00,40.55,16.36,30.50,65.72,99.08,201.79,0,24
172,44.00,42.00,16.12,32.00,64.54,98.99,203.08,0,24
173,44.00,42.15,15.18,33.50,62.99,98.95,204.49,0,24
174,44.00,39.95,15.61,32.00,55.73,99.07,205.38,0,24
175,44.00,41.95,15.15,32.00,50.96,99.21,206.62,0,24
176,44.00,39.75,16.29,32.00,52.89,98.86,207.82,0,24
177,44.00,42.80,14.77,35.00,49.68,99.09,208.99,0,24
178,44.00,42.00,15.98,32.00,58.49,99.19,209.89,0,24
179,44.00,42.10,15.86,29.00,51.84,99.02,211.08,0,24
180,44.00,41.40,16.92,32.00,49.74,99.14,212.27,0,24
181,44.00,40.85,17.05,32.00,52.94,98.88,213.45,0,24
182,44.00,40.60,15.87,29.00,56.40,99.01,214.44,0,24
183,44.00,42.25,16.13,32.00,56.65,99.13,215.64,0,24
184,44.00,38.90,17.39,29.00,70.73,99.25,216.72,0,24
185,44.00,40.80,17.27,32.00,63.96,98.57,217.99,0,24
186,44.00,40.05,16.86,32.00,65.05,99.07,219.13,0,24
187,44.00,41.05,17.47,32.00,64.14,99.01,220.17,0,24
188,44.00,40.90,17.16,32.00,74.74,98.13,221.59,0,24
189,44.00,41.60,15.94,30.50,66.82,97.74,222.67,0,24
190,44.00,41.00,15.81,32.00,51.46,97.80,223.88,0,24
191,44.00,41.30,15.89,32.00,57.01,97.64,224.80,0,24
192,44.00,41.05,16.38,32.00,52.01,97.68,226.02,0,24
193,44.00,39.60,17.32,32.00,50.88,98.14,227.24,0,24
194,44.00,40.25,17.07,30.50,59.69,98.64,228.54,0,24
195,44.00,40.25,16.18,32.00,65.77,98.47,229.71,0,24
196,44.00,40.60,14.08,30.50,83.26,98.59,230.82,0,24
197,44.00,39.15,16.51,29.00,64.19,98.57,232.13,0,24
198,44.00,40.75,16.20,27.50,69.20,98.54,233.26,0,24
199,44.00,39.45,16.54,30.50,69.94,99.03,234.37,0,24
200,44.00,41.60,14.92,32.00,61.60,99.10,235.29,0,24
1,35.00,32.90,19.56,32.00,55.05,98.94,238.53,0,24
2,35.00,33.70,18.83,32.00,50.83,99.17,239.74,0,24
3,35.00,34.20,17.88,32.00,64.53,99.03,241.12,0,24
4,35.00,34.65,17.07,30.50,85.28,98.82,243.07,0,24
5,38.00,34.55,17.35,32.00,58.72,98.84,244.33,0,24
6,39.50,34.70,18.33,32.00,65.33,98.74,245.42,0,24
7,39.50,34.75,18.24,32.00,55.98,99.06,246.70,0,24
8,39.50,35.35,17.51,30.50,58.89,98.78,247.95,0,24
9,39.50,35.45,17.46,32.00,64.90,98.59,249.01,0,24
10,39.50,35.80,17.05,29.00,61.81,98.51,250.04,0,24
11,39.50,35.65,16.30,30.50,62.01,98.52,251.06,0,24
12,39.50,34.75,17.12,32.00,79.87,98.33,252.26,0,24
13,39.50,35.85,16.39,32.00,79.77,98.15,253.33,0,24
14,39.50,36.60,14.96,32.00,62.64,98.70,254.42,0,24
15,39.50,36.00,15.76,32.00,56.84,98.71,255.67,0,24
16,39.50,35.95,15.41,30.50,63.63,98.94,257.05,0,24
17,39.50,36.25,14.04,32.00,63.54,98.96,258.07,0,24
18,39.50,36.30,15.13,32.00,50.10,99.06,259.31,0,24
19,39.50,36.30,16.06,32.00,62.83,99.19,260.59,0,24
20,39.50,35.95,15.94,32.00,66.70,99.25,262.05,0,24
21,39.50,35.80,12.89,30.50,74.03,99.22,263.31,0,24
22,39.50,35.85,15.80,32.00,67.16,99.27,264.77,0,24
23,39.50,36.10,13.93,32.00,78.35,99.26,266.37,0,24
24,39.50,35.80,14.72,32.00,75.40,99.09,267.54,0,24
25,39.50,36.40,14.30,30.50,76.88,99.17,268.77,0,24
26,39.50,36.75,13.49,32.00,71.80,99.25,269.92,0,24
27,39.50,37.20,14.90,32.00,68.93,99.11,271.23,0,24
28,39.50,36.05,14.55,30.50,71.39,99.13,272.67,0,24
29,39.50,36.90,11.50,32.00,72.30,99.21,273.71,0,24
30,39.50,36.70,11.93,32.00,67.41,99.18,275.07,0,24
31,39.50,36.40,11.83,32.00,71.05,99.22,276.11,0,24
32,39.50,35.70,9.92,30.50,72.42,99.05,277.28,0,24
33,39.50,35.65,12.80,30.50,75.02,99.29,278.60,0,24
34,39.50,35.85,9.69,32.00,67.64,99.20,280.02,0,24
35,39.50,36.50,8.66,32.00,72.32,99.25,281.18,0,24
36,39.50,36.50,12.28,30.50,67.82,99.28,282.56,0,24
37,39.50,37.20,11.39,32.00,55.57,99.21,283.78,0,24
38,39.50,37.20,12.09,32.00,51.64,99.23,285.00,0,24
39,39.50,38.25,11.72,32.00,68.38,99.21,286.02,0,24
40,39.50,37.70,11.93,32.00,83.44,99.07,287.41,0,24
41,42.50,36.85,13.75,30.50,80.37,98.42,289.67,0,24
42,42.50,37.85,12.61,32.00,71.76,98.40,290.81,0,24
43,42.50,37.45,16.82,32.00,73.62,98.42,292.39,0,24
44,42.50,36.55,15.95,30.50,70.00,98.45,293.63,0,24
45,42.50,37.30,15.14,32.00,68.85,98.94,295.04,0,24
46,42.50,37.95,15.25,32.00,59.72,99.08,296.39,0,24
47,42.50,39.60,12.36,30.50,71.54,99.11,297.56,0,24
48,42.50,39.15,13.04,29.00,73.88,98.82,298.79,0,24
49,42.50,39.80,12.82,32.00,60.40,98.99,300.06,0,24
50,42.50,39.35,12.65,30.50,74.69,99.20,301.77,0,24
51,42.50,39.20,12.74,30.50,74.35,98.93,302.93,0,24
52,42.50,38.80,14.75,32.00,57.80,99.27,304.23,0,24
53,42.50,38.50,15.79,30.50,53.17,99.25,305.48,0,24
54,42.50,39.80,15.91,32.00,51.67,99.25,306.72,0,24
55,42.50,39.90,16.36,32.00,53.57,98.68,307.93,0,24
56,42.50,38.85,17.00,32.00,57.92,98.86,309.25,0,24
57,42.50,39.10,16.93,32.00,49.95,98.99,310.45,0,24
58,42.50,40.45,15.52,32.00,53.56,99.26,311.68,0,24
59,42.50,39.40,16.07,32.00,59.10,98.96,312.93,0,24
60,42.50,38.35,16.39,32.00,52.07,99.23,314.18,0,24
61,42.50,38.75,16.14,32.00,49.84,99.22,315.35,0,24
62,42.50,40.15,14.87,32.00,66.89,98.68,316.27,0,24
63,42.50,40.10,15.05,32.00,61.29,98.65,317.32,0,24
64,42.50,39.90,14.55,32.00,51.73,98.44,318.55,0,24
65,42.50,40.70,14.34,32.00,57.65,98.53,319.75,0,24
66,42.50,40.10,13.90,32.00,79.81,98.60,320.80,0,24
67,42.50,39.95,15.13,32.00,77.68,99.27,322.26,0,24
68,42.50,40.10,16.06,32.00,70.84,99.26,323.53,0,24
69,42.50,38.35,16.96,32.00,85.34,99.18,324.92,0,24
70,42.50,39.25,16.69,32.00,53.49,99.24,326.18,0,24
71,42.50,38.60,18.28,32.00,52.58,99.17,327.37,0,24
72,42.50,38.90,17.02,30.50,65.26,99.12,328.47,0,24
73,42.50,39.00,15.84,32.00,55.33,99.20,329.66,0,24
74,42.50,39.40,14.28,32.00,52.08,99.04,330.86,0,24
75,42.50,39.90,14.61,29.00,53.51,99.14,332.10,0,24
76,42.50,41.05,12.76,32.00,54.32,98.97,333.27,0,24
77,42.50,39.85,14.94,32.00,65.24,99.19,334.62,0,24
78,42.50,38.80,14.60,30.50,64.78,99.20,335.71,0,24
79,42.50,40.45,14.77,32.00,52.92,99.18,336.90,0,24
80,42.50,41.05,14.00,32.00,60.40,99.26,337.83,0,24
81,42.50,40.15,14.60,32.00,51.76,99.22,338.97,0,24
82,42.50,40.20,15.71,32.00,68.07,99.27,340.17,0,24
83,42.50,38.70,16.79,32.00,56.68,99.24,341.46,0,24
84,42.50,39.15,15.32,32.00,64.93,98.80,342.83,0,24
85,42.50,41.40,12.97,32.00,53.19,99.12,344.07,0,24
86,42.50,40.60,14.33,32.00,69.86,99.28,345.58,0,24
87,42.50,39.90,15.90,32.00,60.06,99.18,346.83,0,24
88,42.50,39.75,15.38,32.00,65.95,98.95,348.17,0,24
89,42.50,40.25,15.50,32.00,69.53,99.24,349.65,0,24
90,42.50,39.00,14.42,29.00,89.44,99.16,351.47,0,24
91,42.50,39.70,15.37,32.00,74.94,98.83,353.14,0,24
92,42.50,39.10,15.39,29.00,70.37,98.98,354.36,0,24
93,42.50,40.10,15.33,32.00,65.63,99.01,355.52,0,24
94,42.50,40.35,16.46,32.00,54.83,99.00,356.77,0,24
95,42.50,39.45,17.45,32.00,59.98,99.02,357.96,0,24
96,42.50,40.85,16.60,32.00,54.24,99.16,359.19,0,24
97,42.50,40.70,17.09,32.00,55.60,99.13,360.41,0,24
98,42.50,39.85,16.20,32.00,68.85,99.18,361.54,0,24
99,42.50,39.15,15.02,32.00,54.75,99.09,362.77,0,24
100,42.50,40.40,13.18,29.00,59.80,99.20,363.79,0,24
101,42.50,40.00,15.92,32.00,57.50,99.16,365.03,0,24
102,42.50,39.85,15.79,32.00,66.93,99.18,366.47,0,24
103,42.50,38.75,15.03,30.50,81.96,99.22,367.84,0,24
104,42.50,39.00,15.83,29.00,75.51,99.15,369.12,0,24
105,42.50,40.25,15.56,32.00,66.42,99.32,370.46,0,24
106,42.50,39.55,15.47,32.00,74.76,99.24,372.04,0,24
107,42.50,39.55,16.16,29.00,80.38,99.18,373.28,0,24
108,42.50,39.40,16.85,30.50,73.24,99.17,374.51,0,24
109,42.50,38.90,16.36,30.50,74.73,99.29,375.69,0,24
110,42.50,40.20,15.89,32.00,73.62,99.28,376.85,0,24
111,42.50,38.95,16.76,32.00,75.96,98.99,378.09,0,24
112,42.50,39.65,16.68,32.00,68.09,99.20,379.47,0,24
113,42.50,40.20,16.31,32.00,64.83,99.29,380.79,0,24
114,42.50,40.15,15.18,32.00,61.87,99.24,382.14,0,24
115,42.50,39.00,14.59,32.00,71.25,99.24,383.33,0,24
116,42.50,40.20,14.55,29.00,74.08,99.19,384.41,0,24
117,42.50,40.55,14.11,29.00,87.88,99.04,385.49,0,24
118,42.50,40.20,15.26,32.00,89.24,98.59,386.72,0,24
119,42.50,39.55,16.26,32.00,90.08,98.27,388.20,0,24
120,42.50,40.05,16.06,29.00,87.70,98.15,389.63,0,24
121,42.50,39.10,16.42,32.00,89.84,98.09,391.02,0,24
122,42.50,38.80,16.72,29.00,92.48,98.17,392.26,0,24
123,42.50,39.30,16.50,29.00,92.86,98.17,393.64,0,24
124,42.50,39.35,16.02,32.00,92.98,98.15,395.36,0,24
125,42.50,39.55,15.89,32.00,82.83,98.29,396.74,0,24
126,42.50,38.90,15.51,30.50,81.63,98.44,398.16,0,24
127,42.50,38.45,15.44,32.00,73.58,98.85,399.29,0,24
128,42.50,39.25,15.41,32.00,62.28,98.94,400.54,0,24
129,42.50,40.65,15.78,32.00,59.43,99.16,401.78,0,24
130,42.50,39.40,15.74,32.00,62.87,98.99,403.05,0,24
131,42.50,39.70,14.17,32.00,70.53,99.18,404.07,0,24
132,42.50,40.50,12.98,32.00,58.32,99.26,405.32,0,24
133,44.00,40.10,14.51,32.00,59.27,99.27,406.56,0,24
134,42.50,39.65,16.42,32.00,69.41,99.15,407.62,0,24
135,42.50,38.90,16.97,32.00,66.77,98.97,408.87,0,24
136,42.50,39.75,17.49,30.50,70.65,99.02,409.99,0,24
137,42.50,39.05,16.88,29.00,82.79,98.81,411.18,0,24
138,42.50,41.40,16.31,32.00,78.11,98.71,412.24,0,24
139,42.50,40.15,16.81,29.00,78.66,98.91,413.42,0,24
140,42.50,40.35,17.28,30.50,71.31,99.00,414.60,0,24
141,42.50,40.75,17.42,32.00,60.79,98.74,415.88,0,24
142,42.50,40.05,18.28,30.50,65.60,98.79,417.21,0,24
143,42.50,40.20,18.49,32.00,65.59,98.64,418.14,0,24
144,42.50,39.10,18.38,32.00,59.69,98.84,419.20,0,24
145,42.50,39.15,18.20,32.00,53.18,99.06,420.43,0,24
146,42.50,40.00,18.47,32.00,49.90,99.07,421.67,0,24
147,42.50,40.50,18.32,32.00,53.01,98.90,422.90,0,24
148,42.50,40.10,17.96,30.50,54.99,99.01,423.89,0,24
149,42.50,40.95,17.15,32.00,51.68,99.20,425.12,0,24
150,42.50,41.30,16.66,32.00,50.93,99.28,426.33,0,24
151,42.50,39.95,17.84,30.50,50.98,99.17,427.61,0,24
152,42.50,40.45,16.95,32.00,50.62,98.97,428.82,0,24
153,42.50,40.35,17.53,32.00,50.59,99.05,430.00,0,24
154,42.50,40.10,17.58,32.00,52.31,99.21,431.19,0,24
155,42.50,38.30,17.93,32.00,51.29,99.29,432.41,0,24
156,42.50,39.85,17.59,32.00,54.18,98.94,433.61,0,24
157,42.50,39.90,18.30,32.00,50.46,99.00,434.84,0,24
158,42.50,40.75,17.73,32.00,50.58,99.07,436.03,0,24
159,42.50,41.65,16.46,32.00,50.05,99.16,437.19,0,24
160,42.50,38.70,16.92,32.00,67.81,99.29,438.40,0,24
161,42.50,40.65,16.26,32.00,76.83,99.27,439.74,0,24
162,42.50,39.70,14.47,32.00,80.52,99.28,440.98,0,24
163,42.50,37.75,15.55,32.00,62.64,99.24,442.25,0,24
164,42.50,40.35,14.50,32.00,68.03,99.25,443.23,0,24
165,45.50,40.70,14.65,32.00,62.82,99.21,444.54,0,23
166,45.50,39.80,15.44,32.00,59.87,99.19,445.73,0,23
167,45.50,39.70,16.85,32.00,51.76,99.08,446.90,0,23
168,45.50,39.00,16.68,32.00,54.82,99.09,448.11,0,23
169,45.50,40.60,15.34,32.00,51.01,99.14,449.35,0,23
170,45.50,41.10,14.55,32.00,50.83,99.11,450.56,0,23
171,45.50,41.40,13.77,32.00,64.80,97.81,451.50,0,23
172,45.50,42.35,13.81,32.00,59.32,98.14,452.49,0,23
173,45.50,42.35,13.62,32.00,53.39,98.26,453.71,0,23
174,45.50,40.70,14.96,32.00,53.25,98.74,454.92,0,23
175,45.50,41.85,15.85,30.50,58.96,98.77,455.92,0,23
176,45.50,42.40,15.53,32.00,51.96,98.80,457.13,0,23
177,45.50,43.90,14.80,32.00,53.93,98.67,458.35,0,23
178,45.50,40.60,16.99,32.00,51.12,98.91,459.58,0,23
179,45.50,40.50,16.72,32.00,52.71,99.03,460.80,0,23
180,45.50,40.25,17.40,32.00,64.79,99.26,461.99,0,23
181,45.50,41.05,15.77,32.00,54.12,98.91,463.19,0,23
182,45.50,42.25,16.46,32.00,49.79,99.16,464.37,0,23
183,45.50,42.00,17.09,32.00,60.50,99.21,465.38,0,23
184,45.50,42.75,16.95,32.00,60.33,99.19,466.30,0,23
185,45.50,41.85,17.06,32.00,48.84,99.22,467.54,0,23
186,45.50,42.85,16.27,32.00,51.66,98.86,468.75,0,23
187,45.50,42.80,16.79,32.00,54.59,99.19,469.95,0,23
188,45.50,42.60,17.70,32.00,60.64,99.24,471.23,0,23
189,45.50,41.35,18.35,30.50,60.32,99.18,472.57,0,23
190,45.50,42.55,18.05,32.00,68.73,99.17,473.68,0,23
191,45.50,40.60,17.93,32.00,56.84,99.29,474.99,0,23
192,45.50,41.55,17.87,32.00,64.14,99.26,476.06,0,23
193,45.50,41.00,18.07,32.00,51.33,99.28,477.28,0,23
194,45.50,41.75,18.45,32.00,54.19,99.05,478.48,0,23
195,45.50,42.10,18.31,32.00,58.98,99.06,479.71,0,23
196,45.50,40.80,18.10,32.00,56.11,99.28,480.99,0,23
197,45.50,40.50,17.36,29.00,77.77,99.28,482.21,0,23
198,45.50,39.65,17.88,30.50,72.15,98.94,483.52,0,23
199,45.50,42.65,17.32,32.00,71.73,99.01,484.54,0,23
200,45.50,41.95,17.69,32.00,77.26,99.15,486.10,0,23
1,38.00,33.60,19.41,30.50,0.00,99.17,3.98,0,28
2,38.00,34.95,17.45,30.50,84.42,99.15,5.23,0,28
3,38.00,35.40,16.72,30.50,71.36,98.95,6.26,0,28
4,38.00,35.80,15.60,32.00,71.09,99.09,7.65,0,28
5,38.00,36.20,14.57,32.00,79.34,99.19,8.81,0,28
6,38.00,36.05,14.74,32.00,61.41,99.14,10.00,0,28
7,41.00,37.20,11.41,32.00,53.71,99.17,11.18,0,26
8,38.00,36.00,12.48,32.00,51.05,99.10,12.38,0,26
9,41.00,36.35,13.59,30.50,51.65,99.17,13.55,0,26
10,42.50,36.95,16.10,32.00,52.79,99.13,14.72,0,25
11,42.50,37.25,17.05,32.00,48.59,99.13,15.92,0,25
12,42.50,37.95,17.20,30.50,61.53,99.23,16.92,0,25
13,42.50,40.05,15.36,32.00,54.82,98.98,18.13,0,25
14,42.50,40.00,13.77,32.00,47.37,99.04,19.30,0,25
15,42.50,40.00,14.23,32.00,57.24,99.16,20.18,0,25
16,42.50,41.05,14.66,32.00,59.62,99.12,21.37,0,25
17,42.50,38.70,16.67,32.00,62.88,99.19,22.28,0,25
18,42.50,39.45,15.85,30.50,49.11,98.89,23.48,0,25
19,42.50,38.65,15.41,30.50,52.51,99.22,24.66,0,25
20,42.50,40.70,14.53,32.00,57.25,99.22,25.88,0,25
21,42.50,40.00,15.04,32.00,58.06,99.28,27.11,0,25
22,42.50,40.00,16.49,32.00,62.05,99.25,28.38,0,25
23,42.50,40.00,16.73,32.00,62.08,99.16,29.28,0,25
24,42.50,40.00,15.85,32.00,50.93,99.24,30.49,0,25
25,42.50,40.20,16.29,32.00,51.31,98.82,31.68,0,25
26,42.50,39.10,16.07,30.50,70.80,99.11,32.85,0,25
27,42.50,39.50,15.50,30.50,58.76,99.20,34.04,0,25
28,42.50,39.75,14.61,32.00,48.72,99.13,35.21,0,25
29,42.50,37.35,17.11,30.50,28.57,99.21,36.19,0,25
30,42.50,38.35,16.35,32.00,60.37,99.18,37.22,0,25
31,42.50,40.30,13.44,32.00,59.34,99.25,38.48,0,25
32,42.50,41.55,12.77,32.00,57.88,99.16,39.70,0,25
33,42.50,40.35,14.08,32.00,62.78,99.26,40.76,0,25
34,42.50,39.55,15.46,32.00,54.58,99.27,41.99,0,25
35,42.50,39.05,16.57,32.00,58.56,99.04,43.23,0,25
36,42.50,41.35,15.36,32.00,73.55,99.16,44.28,0,25
37,42.50,41.40,15.43,32.00,60.11,99.18,45.44,0,25
38,42.50,40.10,15.85,29.00,68.58,99.17,46.62,0,25
39,42.50,39.00,16.32,32.00,65.32,98.86,47.99,0,25
40,42.50,39.60,16.64,32.00,69.19,99.30,49.02,0,25
41,42.50,39.70,16.28,30.50,63.64,99.24,50.30,0,25
42,42.50,39.90,15.96,32.00,61.02,99.27,51.58,0,25
43,42.50,40.95,15.61,32.00,68.28,99.04,52.82,0,25
44,42.50,38.70,16.92,32.00,60.96,99.30,54.15,0,25
45,42.50,39.15,15.23,29.00,67.81,99.22,55.21,0,25
46,42.50,38.85,15.13,30.50,66.99,99.27,56.26,0,25
47,42.50,40.00,14.78,32.00,65.77,99.06,57.52,0,25
48,42.50,39.60,14.91,32.00,62.64,99.08,58.83,0,25
49,42.50,40.45,15.86,32.00,74.25,99.05,60.00,0,25
50,42.50,40.85,15.19,29.00,66.26,98.86,61.34,0,25
51,42.50,39.50,16.08,30.50,69.83,99.10,62.43,0,25
52,42.50,40.95,15.16,32.00,65.24,99.11,63.62,0,25
53,42.50,39.80,15.58,29.00,63.79,99.21,64.93,0,25
54,42.50,39.85,16.17,32.00,66.70,99.23,66.22,0,25
55,42.50,38.50,16.39,32.00,81.58,99.02,67.60,0,25
56,42.50,39.10,15.45,32.00,88.06,98.70,69.13,0,25
57,42.50,40.55,14.65,32.00,72.76,98.48,70.58,0,25
58,42.50,39.55,16.18,32.00,72.85,98.54,71.84,0,25
59,42.50,40.70,14.78,32.00,68.23,98.91,73.28,0,25
60,42.50,39.90,16.02,32.00,72.55,99.09,74.41,0,25
61,42.50,40.20,16.53,32.00,65.65,99.14,75.73,0,25
62,42.50,38.65,15.91,32.00,75.26,99.22,77.32,0,25
63,42.50,41.75,14.88,35.00,74.56,99.22,79.03,0,25
64,42.50,41.15,15.97,30.50,65.57,99.22,80.33,0,25
65,42.50,39.90,16.62,32.00,64.95,99.28,81.71,0,25
66,42.50,40.10,16.92,30.50,72.00,99.24,83.22,0,25
67,42.50,39.40,17.66,32.00,67.74,99.29,84.70,0,25
68,42.50,38.60,18.12,26.00,67.49,99.25,85.81,0,25
69,42.50,39.10,17.66,32.00,64.97,99.29,86.95,0,25
70,42.50,38.90,17.74,32.00,65.05,99.23,88.32,0,25
71,42.50,39.85,17.62,32.00,64.03,99.20,89.66,0,25
72,42.50,39.75,17.70,29.00,73.59,98.93,91.20,0,25
73,42.50,40.10,17.22,32.00,78.40,98.85,92.96,0,25
74,42.50,39.70,17.20,32.00,80.06,98.88,94.32,0,25
75,42.50,39.70,17.26,32.00,75.54,99.03,95.72,0,25
76,42.50,38.10,17.34,29.00,84.64,99.25,97.03,0,25
77,42.50,39.05,17.41,29.00,78.74,99.19,98.27,0,25
78,42.50,38.60,17.35,30.50,71.53,99.23,99.53,0,25
79,42.50,40.95,17.29,32.00,64.22,99.28,100.78,0,25
80,42.50,38.60,17.99,30.50,70.78,99.27,101.91,0,25
81,42.50,40.10,17.51,32.00,63.54,99.28,103.20,0,25
82,42.50,39.40,16.35,29.00,77.32,99.14,104.50,0,25
83,42.50,39.00,17.83,32.00,64.03,99.29,105.97,0,25
84,42.50,38.70,17.87,32.00,56.17,99.21,107.31,0,25
85,42.50,40.50,17.72,32.00,68.99,98.97,108.90,0,25
86,42.50,38.90,18.03,30.50,70.87,99.22,110.47,0,25
87,42.50,40.70,17.18,32.00,61.79,99.21,111.39,0,25
88,42.50,39.70,16.52,30.50,60.52,99.24,112.49,0,25
89,42.50,39.85,15.17,32.00,53.25,99.22,113.75,0,25
90,42.50,38.70,17.35,32.00,65.21,99.05,115.30,0,25
91,42.50,40.25,16.56,32.00,60.47,99.11,116.63,0,25
92,42.50,38.70,17.44,32.00,71.08,99.17,117.96,0,25
93,42.50,39.80,16.96,32.00,68.93,99.26,119.44,0,25
94,42.50,39.50,16.69,30.50,59.73,99.22,120.46,0,25
95,42.50,39.75,16.81,32.00,73.63,99.19,122.01,0,25
96,42.50,38.85,17.38,32.00,69.09,99.21,123.46,0,25
97,42.50,38.80,17.43,32.00,69.38,99.27,125.04,0,25
98,42.50,41.15,16.71,32.00,71.24,99.23,126.21,0,25
99,42.50,40.80,16.25,32.00,56.54,99.22,127.48,0,25
100,42.50,39.45,17.25,32.00,67.36,98.97,128.99,0,25
101,42.50,41.10,14.77,32.00,66.78,99.03,130.09,0,25
102,42.50,39.50,15.20,32.00,58.48,99.10,131.02,0,25
103,42.50,39.75,15.91,32.00,61.94,99.28,132.38,0,25
104,42.50,39.95,16.75,32.00,73.59,99.12,133.80,0,25
105,42.50,39.90,16.97,32.00,65.85,98.94,135.08,0,25
106,42.50,39.75,16.55,32.00,58.67,98.83,136.32,0,25
107,42.50,40.20,16.65,32.00,49.12,98.91,137.53,0,25
108,42.50,41.20,16.48,32.00,62.52,98.92,138.83,0,25
109,42.50,40.75,16.98,32.00,66.88,99.15,140.37,0,25
110,42.50,39.50,17.91,32.00,64.42,99.09,141.75,0,25
111,42.50,40.80,16.01,32.00,52.64,98.91,142.98,0,25
112,42.50,39.55,16.27,32.00,66.40,99.22,144.41,0,25
113,42.50,39.65,16.49,32.00,82.57,99.16,145.94,0,25
114,42.50,40.00,15.91,32.00,69.42,99.19,147.45,0,25
115,42.50,39.65,16.74,32.00,73.77,98.53,149.00,0,25
116,42.50,41.70,16.64,32.00,76.16,97.97,150.14,0,25
117,42.50,39.80,16.03,32.00,68.95,97.96,151.46,0,25
118,42.50,40.20,15.72,32.00,65.01,97.76,152.72,0,25
119,42.50,40.10,15.67,32.00,63.39,98.26,154.03,0,25
120,42.50,40.10,15.66,32.00,62.99,98.81,155.31,0,25
121,42.50,38.85,16.41,32.00,61.21,98.87,156.77,0,25
122,42.50,38.95,15.54,30.50,78.53,98.99,158.39,0,25
123,42.50,41.10,15.64,32.00,66.21,99.11,159.77,0,25
124,42.50,39.45,16.08,32.00,63.06,99.26,161.08,0,25
125,42.50,41.05,15.71,32.00,61.04,99.03,162.48,0,25
126,42.50,39.20,17.23,32.00,57.29,99.27,163.85,0,25
127,42.50,39.60,16.43,32.00,54.32,99.26,165.07,0,25
128,42.50,39.80,16.15,30.50,63.28,99.18,166.42,0,25
129,42.50,39.20,16.84,30.50,52.85,99.24,167.56,0,25
130,42.50,39.40,17.62,32.00,68.16,99.13,168.63,0,25
131,42.50,39.90,16.66,30.50,71.34,99.15,169.87,0,25
132,42.50,39.20,17.67,32.00,59.68,99.26,171.20,0,25
133,42.50,40.35,17.27,32.00,59.79,99.11,172.53,0,25
134,42.50,38.00,18.27,30.50,79.02,98.93,173.61,0,25
135,42.50,39.95,17.71,32.00,73.66,99.23,174.84,0,25
136,42.50,39.25,17.63,32.00,69.78,99.25,176.26,0,25
137,42.50,39.40,17.85,32.00,63.65,99.14,177.51,0,25
138,42.50,39.55,17.50,32.00,87.96,99.21,179.11,0,25
139,42.50,39.30,18.01,32.00,81.99,99.16,181.06,0,25
140,42.50,39.15,17.75,30.50,84.41,99.15,182.40,0,25
141,42.50,40.80,15.61,32.00,69.59,99.28,183.93,0,25
142,42.50,40.90,14.32,30.50,65.51,99.22,184.87,0,25
143,42.50,40.15,16.15,32.00,59.60,99.30,186.23,0,25
144,42.50,40.70,15.80,32.00,72.55,99.21,187.29,0,25
145,42.50,38.25,17.76,30.50,58.28,99.12,188.67,0,25
146,42.50,39.40,16.94,29.00,84.60,99.27,190.16,0,25
147,42.50,39.70,16.29,32.00,57.51,99.11,191.37,0,25
148,42.50,40.95,16.42,32.00,62.55,99.19,192.29,0,25
149,42.50,39.45,16.86,30.50,57.39,99.12,193.59,0,25
150,42.50,38.80,17.25,32.00,54.49,99.08,194.78,0,25
151,42.50,40.90,16.47,30.50,60.50,99.25,195.78,0,25
152,42.50,39.55,17.87,32.00,60.91,99.15,196.80,0,25
153,42.50,38.55,17.64,30.50,60.38,98.77,197.85,0,25
154,42.50,39.25,17.65,32.00,63.60,98.95,198.80,0,25
155,42.50,39.45,17.08,32.00,54.28,99.25,200.05,0,25
156,42.50,38.10,18.11,32.00,53.51,99.20,201.29,0,25
157,42.50,39.85,17.29,32.00,51.28,99.27,202.52,0,25
158,42.50,40.45,17.69,32.00,62.63,99.25,203.96,0,25
159,42.50,41.65,17.17,35.00,41.95,99.11,204.90,0,25
160,42.50,40.00,17.53,32.00,63.96,99.22,206.24,0,25
161,42.50,39.20,18.46,30.50,66.40,99.20,207.32,0,25
162,42.50,39.15,18.18,32.00,61.20,99.14,208.68,0,25
163,42.50,40.15,17.32,30.50,69.50,99.23,209.80,0,25
164,42.50,39.00,17.56,30.50,66.84,99.28,211.00,0,25
165,42.50,38.70,17.40,32.00,64.88,99.25,212.30,0,25
166,42.50,39.65,15.78,30.50,75.64,99.31,213.47,0,25
167,42.50,40.30,15.96,30.50,71.89,99.09,214.63,0,25
168,42.50,39.75,16.97,32.00,66.64,99.21,216.00,0,25
169,42.50,40.25,16.41,29.00,67.74,99.22,217.35,0,25
170,42.50,41.00,16.59,32.00,74.06,99.26,218.55,0,25
171,42.50,39.75,16.57,30.50,70.89,99.30,219.75,0,25
172,42.50,38.95,16.74,30.50,68.60,99.27,221.02,0,25
173,42.50,39.10,14.14,30.50,66.42,99.25,222.37,0,25
174,42.50,39.60,12.50,30.50,78.41,99.27,224.05,0,25
175,42.50,37.70,14.19,30.50,77.90,99.26,225.33,0,25
176,42.50,38.35,15.18,32.00,74.23,99.26,226.83,0,25
177,42.50,40.55,14.61,32.00,68.40,99.23,228.37,0,25
178,42.50,38.65,15.30,32.00,58.33,99.22,229.64,0,25
179,42.50,39.55,14.92,24.50,77.02,99.29,230.75,0,25
180,42.50,40.70,14.54,32.00,60.49,99.29,232.05,0,25
181,42.50,40.10,15.73,32.00,84.25,99.20,233.60,0,25
182,42.50,39.55,16.03,32.00,82.85,99.08,235.00,0,25
1,35.00,33.80,18.06,32.00,0.00,99.07,4.46,0,30
2,35.00,34.50,16.53,30.50,62.25,99.07,5.66,0,30
3,38.00,34.65,16.71,32.00,57.17,99.18,6.94,0,28
4,36.50,34.55,16.85,32.00,64.16,99.22,7.92,0,28
5,36.50,34.90,15.76,32.00,54.06,98.96,9.17,0,28
6,36.50,34.70,15.17,32.00,60.35,99.18,10.62,0,28
7,36.50,34.75,15.91,32.00,59.58,99.20,11.87,0,28
8,36.50,34.85,15.21,32.00,60.85,99.07,13.14,0,28
9,36.50,35.20,15.56,32.00,66.61,98.88,14.57,0,28
10,36.50,35.35,15.51,32.00,63.57,99.07,15.99,0,28
11,36.50,35.85,15.26,32.00,61.94,99.16,17.29,0,28
12,36.50,35.85,14.89,32.00,56.71,99.17,18.48,0,28
13,36.50,35.60,16.23,32.00,68.99,98.91,19.44,0,28
14,36.50,34.85,16.53,32.00,71.01,99.14,20.90,0,28
15,38.00,35.40,15.74,32.00,75.96,99.26,22.48,0,28
16,38.00,35.55,15.22,32.00,74.83,99.00,24.15,0,28
17,38.00,36.15,15.75,32.00,76.50,99.23,25.34,0,28
18,38.00,35.60,16.45,30.50,81.82,99.28,26.94,0,28
19,36.50,35.60,16.84,32.00,79.15,99.14,28.33,0,28
20,36.50,35.45,17.32,32.00,57.99,99.11,29.64,0,28
21,36.50,35.60,16.83,32.00,70.64,99.27,30.87,0,28
22,36.50,35.15,17.39,30.50,76.44,99.03,31.92,0,28
23,36.50,35.40,17.21,32.00,79.85,99.24,33.63,0,28
24,38.00,35.50,17.43,30.50,71.79,99.13,34.93,0,28
25,38.00,35.30,17.30,32.00,68.21,99.21,36.50,0,28
26,38.00,35.35,16.72,32.00,76.85,99.21,37.87,0,28
27,38.00,35.55,16.30,32.00,66.73,98.92,39.29,0,28
28,38.00,36.20,16.11,30.50,59.88,99.11,40.59,0,28
29,38.00,35.80,15.87,32.00,57.14,99.20,41.87,0,28
30,38.00,36.60,15.70,32.00,70.34,99.14,42.94,0,28
31,38.00,36.90,15.80,32.00,71.55,99.05,44.31,0,28
32,38.00,37.00,15.56,32.00,76.65,99.11,45.91,0,28
33,38.00,36.85,15.48,32.00,64.18,99.23,47.30,0,28
34,38.00,36.40,16.98,32.00,56.45,99.21,48.65,0,28
35,38.00,36.90,17.40,32.00,61.51,99.02,49.60,0,28
36,38.00,37.60,15.70,32.00,63.30,99.27,50.97,0,28
37,38.00,36.10,15.68,29.00,80.06,99.16,52.20,0,28
38,38.00,36.45,14.49,30.50,73.00,99.26,53.42,0,28
39,38.00,35.95,15.74,32.00,81.44,99.13,55.29,0,28
40,38.00,36.85,15.15,32.00,66.36,99.25,56.67,0,28
41,38.00,36.70,15.07,32.00,52.42,99.24,57.92,0,28
42,38.00,36.60,15.91,32.00,50.82,99.02,59.14,0,28
43,38.00,36.75,14.87,30.50,48.81,99.24,60.35,0,28
44,38.00,36.20,15.88,30.50,51.78,99.25,61.62,0,28
45,38.00,36.70,15.33,30.50,53.77,99.25,62.81,0,28
46,38.00,36.85,14.69,32.00,60.67,99.26,63.86,0,28
1,35.00,33.95,18.56,32.00,0.00,99.05,3.75,0,30
2,35.00,34.25,17.70,32.00,47.29,99.20,4.91,0,30
3,35.00,34.25,17.53,32.00,66.88,99.07,6.26,0,30
4,35.00,34.25,17.73,32.00,60.33,99.20,7.54,0,30
5,35.00,34.60,16.80,32.00,52.84,99.24,8.73,0,30
6,36.50,34.75,16.60,32.00,52.51,99.28,9.91,0,29
7,36.50,34.70,15.48,32.00,54.11,99.01,11.13,0,29
8,36.50,34.35,16.68,32.00,49.78,99.11,12.28,0,29
9,36.50,34.65,16.89,32.00,67.55,99.17,13.33,0,29
10,36.50,34.35,16.92,29.00,80.74,99.11,14.64,0,29
11,36.50,35.00,17.02,32.00,-100.00,98.97,15.58,0,29
12,36.50,35.45,16.38,32.00,64.83,99.21,16.81,0,29
13,36.50,35.20,13.91,32.00,83.54,99.19,17.91,0,29
14,36.50,35.60,14.20,32.00,82.92,99.16,19.08,0,29
15,36.50,35.75,13.71,30.50,77.48,98.95,20.50,0,29
16,41.00,35.60,14.70,30.50,64.48,99.20,21.76,0,26
17,41.00,35.75,15.70,32.00,49.26,99.22,22.95,0,26
18,41.00,36.35,15.81,32.00,54.99,99.10,23.88,0,26
19,42.50,37.35,15.73,32.00,59.68,99.11,25.15,0,25
20,41.00,37.95,13.93,29.00,83.18,99.02,26.26,0,25
21,41.00,37.25,14.39,29.00,85.43,99.24,27.56,0,25
22,41.00,38.40,15.23,32.00,66.14,99.24,28.52,0,25
23,41.00,38.20,16.34,32.00,47.90,99.19,29.72,0,25
24,41.00,38.90,16.41,32.00,48.68,98.96,30.91,0,25
25,41.00,37.90,17.20,32.00,46.53,99.15,32.08,0,25
26,41.00,38.50,16.78,32.00,48.28,99.14,33.28,0,25
27,41.00,38.45,16.76,32.00,69.66,99.23,34.29,0,25
28,41.00,37.85,17.27,30.50,51.13,99.17,35.46,0,25
29,41.00,39.00,16.63,32.00,48.78,99.24,36.64,0,25
30,41.00,38.60,16.49,32.00,49.01,99.19,37.78,0,25
31,41.00,38.20,15.89,32.00,48.89,99.19,38.97,0,25
32,41.00,39.25,15.17,32.00,49.68,99.21,40.13,0,25
33,41.00,38.10,15.63,32.00,49.30,99.01,41.30,0,25
34,41.00,38.60,14.72,32.00,55.26,99.11,42.18,0,25
35,41.00,38.35,15.18,30.50,54.33,99.22,43.15,0,25
36,41.00,38.90,16.35,32.00,46.69,99.21,44.35,0,25
37,41.00,38.95,16.18,32.00,52.30,98.79,45.54,0,25
38,41.00,39.20,16.04,32.00,57.02,98.86,46.42,0,25
39,41.00,37.60,17.15,30.50,65.01,99.21,47.38,0,25
40,41.00,38.75,15.94,32.00,61.33,99.23,48.68,0,25
41,41.00,38.80,16.18,32.00,64.11,99.23,49.73,0,25
42,41.00,39.55,14.61,32.00,62.00,99.24,50.99,0,25
43,41.00,38.10,16.22,32.00,50.10,99.29,52.20,0,25
44,41.00,39.75,15.63,30.50,60.51,99.25,53.09,0,25
45,41.00,39.40,15.59,32.00,58.66,99.21,53.97,0,25
46,41.00,38.90,16.15,32.00,57.45,99.26,54.85,0,25
47,41.00,39.10,16.77,32.00,49.04,98.89,56.02,0,25
48,41.00,38.80,17.73,32.00,48.20,99.05,57.20,0,25
49,41.00,39.10,17.47,32.00,49.73,99.29,58.36,0,25
50,41.00,37.65,17.19,32.00,49.67,99.22,59.49,0,25
51,41.00,38.30,16.15,32.00,49.20,99.02,60.66,0,25
52,41.00,37.90,16.00,32.00,46.28,99.09,61.84,0,25
53,41.00,37.75,16.53,32.00,54.50,99.13,62.81,0,25
54,41.00,38.35,17.29,32.00,49.47,99.19,63.98,0,25
55,41.00,38.75,16.71,32.00,49.10,99.26,65.17,0,25
56,41.00,39.70,16.60,32.00,48.23,98.99,66.37,0,25
57,41.00,38.10,17.22,30.50,54.76,99.01,67.35,0,25
58,41.00,38.75,17.11,32.00,47.76,99.21,68.56,0,25
59,41.00,38.65,17.26,32.00,48.42,99.18,69.74,0,25
60,41.00,38.75,17.69,30.50,59.49,98.97,70.93,0,25
61,41.00,39.50,15.90,32.00,55.36,98.93,72.11,0,25
62,41.00,39.20,16.28,32.00,69.94,98.90,73.51,0,25
63,41.00,39.20,17.01,32.00,80.20,98.81,74.37,0,25
64,41.00,39.20,16.58,32.00,59.77,98.65,75.59,0,25
65,41.00,38.50,15.80,32.00,57.54,98.98,76.76,0,25
66,41.00,38.70,15.54,30.50,67.83,99.00,77.84,0,25
67,41.00,38.80,16.09,32.00,63.14,99.11,79.16,0,25
68,44.00,37.95,16.63,29.00,65.77,98.56,80.45,0,24
69,44.00,38.55,15.89,32.00,62.59,99.07,81.80,0,24
70,44.00,38.95,15.12,32.00,53.19,98.75,83.00,0,24
71,44.00,39.80,14.71,32.00,52.58,98.84,84.22,0,24
72,44.00,40.90,13.66,32.00,50.99,98.83,85.41,0,24
73,44.00,39.60,14.31,32.00,48.12,99.10,86.58,0,24
74,44.00,41.70,13.13,32.00,49.41,99.18,87.75,0,24
75,44.00,41.90,13.03,32.00,52.30,99.25,89.00,0,24
76,44.00,40.00,15.08,32.00,56.33,99.17,90.02,0,24
77,44.00,41.10,14.02,32.00,53.25,98.97,91.26,0,24
78,44.00,40.40,14.58,32.00,52.54,99.27,92.49,0,24
79,44.00,42.75,14.02,32.00,49.89,98.75,93.66,0,24
80,44.00,40.20,16.11,32.00,51.56,99.02,94.87,0,24
81,44.00,41.00,15.71,32.00,51.99,98.92,96.07,0,24
82,44.00,40.95,17.00,32.00,50.99,98.97,97.27,0,24
83,44.00,42.00,15.52,32.00,61.13,99.08,98.18,0,24
84,44.00,41.90,14.61,32.00,55.54,99.14,99.32,0,24
85,44.00,41.25,14.57,32.00,55.11,99.01,100.51,0,24
86,44.00,40.45,14.96,32.00,53.51,99.04,101.71,0,24
87,44.00,38.45,16.95,30.50,52.08,98.72,102.91,0,24
88,44.00,39.70,15.97,32.00,56.37,98.75,103.87,0,24
89,44.00,41.55,14.59,32.00,48.13,98.93,105.05,0,24
90,44.00,41.35,14.94,32.00,51.50,98.75,106.26,0,24
91,44.00,41.70,13.77,29.00,74.79,99.18,107.60,0,24
92,44.00,40.40,14.30,32.00,62.74,99.20,108.92,0,24
93,44.00,40.20,13.33,30.50,70.92,99.13,110.01,0,24
94,44.00,40.95,13.45,32.00,69.21,99.23,111.36,0,24
95,44.00,42.10,12.34,32.00,55.08,99.21,112.61,0,24
96,44.00,41.50,13.11,32.00,50.36,98.71,113.84,0,24
97,44.00,41.30,14.00,32.00,49.78,98.88,114.99,0,24
98,44.00,39.70,15.09,32.00,50.51,99.13,116.22,0,24
99,44.00,42.50,13.23,32.00,47.81,99.26,117.42,0,24
100,44.00,40.85,14.82,32.00,59.54,99.13,118.31,0,24
101,44.00,41.20,14.70,30.50,52.21,99.22,119.47,0,24
102,44.00,40.10,15.29,32.00,53.31,99.02,120.68,0,24
103,44.00,40.65,14.45,32.00,50.83,98.97,121.89,0,24
104,44.00,42.15,13.05,30.50,49.89,98.81,123.04,0,24
105,44.00,40.75,14.14,30.50,55.96,98.83,124.01,0,24
106,44.00,40.00,14.24,32.00,49.59,98.90,125.23,0,24
107,44.00,40.00,14.78,32.00,48.68,98.95,126.42,0,24
108,44.00,41.40,12.63,32.00,48.87,99.11,127.63,0,24
109,44.00,41.00,13.07,32.00,51.40,99.27,128.80,0,24
110,44.00,40.40,14.13,32.00,59.89,99.27,129.70,0,24
111,44.00,41.05,14.47,32.00,53.56,98.94,130.90,0,24
112,44.00,40.30,14.84,30.50,57.42,99.09,131.88,0,24
113,44.00,41.65,14.72,32.00,50.74,98.82,133.07,0,24
114,44.00,41.65,14.39,32.00,58.15,99.26,133.98,0,24
115,44.00,40.45,15.67,32.00,51.42,99.16,135.17,0,24
116,44.00,40.55,15.26,32.00,55.37,99.26,136.38,0,24
117,44.00,41.20,13.90,32.00,67.87,99.27,137.42,0,24
118,44.00,41.30,14.47,32.00,64.65,99.13,138.68,0,24
119,44.00,42.60,13.76,32.00,65.42,99.21,139.93,0,24
120,44.00,40.70,14.87,32.00,71.28,99.01,141.00,0,24
121,44.00,40.30,16.23,32.00,54.15,99.23,142.28,0,24
122,44.00,40.10,16.87,30.50,54.47,99.23,143.43,0,24
123,44.00,40.20,17.94,32.00,57.49,98.95,144.40,0,24
124,44.00,41.15,17.37,32.00,51.72,98.99,145.61,0,24
125,44.00,41.35,16.66,30.50,55.04,99.19,146.49,0,24
126,44.00,40.10,15.69,32.00,49.63,99.00,147.67,0,24
127,44.00,41.15,13.48,32.00,50.36,99.22,148.88,0,24
128,44.00,41.90,13.89,32.00,51.74,99.20,150.07,0,24
129,44.00,42.00,15.58,32.00,57.03,99.16,151.16,0,24
130,44.00,41.35,17.06,32.00,51.30,99.03,152.31,0,24
131,44.00,40.85,16.20,32.00,56.52,98.91,153.28,0,24
132,44.00,40.70,16.13,30.50,48.37,99.01,154.48,0,24
133,44.00,39.70,17.21,32.00,50.86,98.92,155.64,0,24
134,44.00,40.60,16.96,32.00,48.03,99.07,156.81,0,24
135,44.00,40.70,16.72,32.00,48.87,99.16,157.98,0,24
136,44.00,41.10,17.58,32.00,52.34,99.25,159.18,0,24
137,78.50,41.10,18.00,32.00,54.01,99.29,160.40,0,1
138,78.50,43.75,17.97,32.00,52.85,98.96,161.59,0,1
139,78.50,40.40,18.32,32.00,51.29,99.13,162.81,0,1
140,44.00,38.90,18.45,32.00,48.05,98.88,164.00,0,1
141,44.00,39.50,17.19,32.00,49.32,98.97,165.20,0,1
142,44.00,39.45,16.45,32.00,50.42,98.99,166.41,0,1
143,44.00,40.50,16.24,32.00,65.64,99.16,167.50,0,1
144,44.00,40.30,15.93,32.00,67.69,99.27,168.52,0,1
145,44.00,39.05,15.74,30.50,68.15,99.27,169.64,0,1
146,44.00,40.85,14.36,30.50,64.42,99.00,170.93,0,1
147,44.00,41.45,14.59,32.00,56.55,99.30,172.16,0,1
148,44.00,41.45,14.19,32.00,54.89,99.25,173.44,0,1
149,44.00,39.70,14.35,32.00,54.86,99.11,174.67,0,1
150,44.00,41.35,15.74,32.00,55.22,99.00,175.93,0,1
151,44.00,41.85,15.93,32.00,52.94,99.25,177.13,0,1
152,44.00,41.35,16.91,32.00,53.31,99.20,178.34,0,1
153,44.00,39.70,16.17,32.00,58.55,99.27,179.57,0,1
154,44.00,40.15,17.39,30.50,61.53,99.02,180.55,0,1
155,44.00,41.60,17.35,30.50,53.90,98.80,181.74,0,1
156,44.00,41.50,17.95,32.00,57.70,98.90,182.70,0,1
157,44.00,40.35,17.81,32.00,49.90,98.98,183.90,0,1
158,44.00,40.35,17.95,32.00,54.76,99.04,184.88,0,1
159,44.00,39.80,17.64,32.00,50.37,99.02,186.07,0,1
160,44.00,39.70,17.55,32.00,48.80,99.06,187.27,0,1
161,44.00,40.00,17.12,32.00,50.56,99.12,188.49,0,1
162,44.00,40.75,17.08,32.00,50.47,99.23,189.69,0,1
163,44.00,40.50,16.11,32.00,52.70,98.97,190.92,0,1
164,44.00,39.80,16.61,32.00,51.25,99.11,192.13,0,1
165,44.00,40.70,15.75,32.00,51.14,98.82,193.34,0,1
166,44.00,39.35,17.06,32.00,50.63,99.01,194.54,0,1
167,44.00,40.50,16.65,32.00,59.23,98.63,195.58,0,1
168,44.00,39.75,16.43,32.00,54.11,99.21,196.78,0,1
169,44.00,41.30,15.19,32.00,67.63,99.18,197.77,0,1
170,44.00,40.65,16.21,32.00,65.37,99.26,198.97,0,1
171,44.00,40.15,16.04,30.50,73.48,99.28,200.71,0,1
172,44.00,39.45,17.31,32.00,64.09,99.13,202.06,0,1
173,44.00,40.95,17.34,32.00,53.09,99.06,203.28,0,1
174,44.00,40.75,16.76,32.00,54.15,99.07,204.49,0,1
175,44.00,40.60,16.17,32.00,52.47,98.90,205.68,0,1
176,44.00,41.75,15.67,32.00,50.15,99.04,206.90,0,1
177,44.00,39.70,16.98,32.00,50.05,99.14,208.11,0,1
178,44.00,39.95,17.21,32.00,52.71,99.05,209.29,0,1
179,44.00,39.85,17.32,32.00,53.82,98.94,210.50,0,1
180,44.00,42.55,16.34,32.00,52.76,99.07,211.70,0,1
181,44.00,40.40,16.92,32.00,52.33,99.25,212.92,0,1
182,44.00,40.60,14.77,32.00,50.11,99.10,214.10,0,1
183,44.00,43.70,12.59,35.00,50.27,99.19,215.26,0,1
184,44.00,39.40,15.73,32.00,60.50,99.01,216.16,0,1
185,44.00,41.10,15.68,32.00,49.53,99.06,217.35,0,1
186,44.00,40.75,16.38,32.00,51.26,98.85,218.55,0,1
187,44.00,41.90,16.29,32.00,54.92,99.20,219.77,0,1
188,44.00,40.25,16.50,32.00,55.36,98.83,220.99,0,1
189,44.00,41.20,15.37,29.00,52.93,98.94,222.21,0,1
190,44.00,41.30,14.65,32.00,58.12,98.88,223.19,0,1
191,44.00,40.10,16.48,30.50,50.36,98.96,224.41,0,1
192,44.00,40.70,16.13,32.00,59.23,99.17,225.65,0,1
193,44.00,40.80,16.49,32.00,73.79,99.24,227.02,0,1
194,44.00,39.85,16.90,32.00,84.09,98.87,228.15,0,1
195,44.00,39.15,17.10,32.00,68.58,99.26,229.31,0,1
196,44.00,40.35,16.57,32.00,65.15,99.09,230.66,0,1
197,44.00,39.05,16.53,29.00,70.43,98.97,231.77,0,1
198,44.00,40.35,15.81,32.00,55.68,99.15,232.99,0,1
199,44.00,38.90,16.30,29.00,60.59,98.87,234.02,0,1
200,44.00,38.80,15.18,32.00,61.07,99.26,234.95,0,1
1,35.00,33.75,19.29,32.00,53.21,98.63,238.24,0,1
2,36.50,34.90,17.37,32.00,56.47,99.05,239.46,0,1
3,36.50,34.80,17.25,32.00,61.42,98.75,240.67,0,1
4,42.50,35.05,17.65,32.00,52.52,98.92,241.88,0,1
5,42.50,35.50,16.42,32.00,54.14,98.80,243.14,0,1
6,42.50,35.15,16.65,32.00,60.89,98.85,244.12,0,1
7,39.50,35.65,16.71,32.00,52.38,98.96,245.36,0,1
8,39.50,36.05,16.67,32.00,53.02,98.93,246.58,0,1
9,39.50,36.05,17.59,30.50,52.57,98.91,247.80,0,1
10,39.50,36.20,17.58,32.00,51.51,99.23,249.00,0,1
11,39.50,36.45,16.41,32.00,57.20,98.88,250.22,0,1
12,39.50,37.60,14.89,32.00,62.01,98.62,251.15,0,1
13,42.50,37.25,15.46,32.00,56.29,98.81,252.39,0,1
14,42.50,38.40,14.56,32.00,65.80,98.32,253.40,0,1
15,42.50,38.85,14.81,32.00,59.50,98.41,254.59,0,1
16,42.50,38.85,13.52,32.00,66.02,98.52,255.63,0,1
17,42.50,39.20,14.86,32.00,62.02,99.21,256.83,0,1
18,42.50,39.85,14.87,30.50,69.65,99.20,257.88,0,1
19,42.50,39.80,15.38,30.50,69.37,99.25,258.96,0,1
20,42.50,38.95,15.97,32.00,63.15,98.87,260.26,0,1
21,42.50,40.70,14.51,32.00,65.32,99.24,261.53,0,1
22,42.50,40.00,15.48,32.00,56.06,99.28,262.70,0,1
23,45.50,41.45,14.98,32.00,52.72,98.99,263.94,0,1
24,45.50,39.90,16.31,30.50,54.67,99.09,265.11,0,1
25,45.50,40.40,16.55,32.00,51.86,98.73,266.33,0,1
26,45.50,40.35,15.61,32.00,49.84,98.93,267.49,0,1
27,45.50,42.75,11.77,32.00,58.40,99.20,268.40,0,1
28,45.50,42.65,11.98,32.00,62.30,99.30,269.32,0,1
29,45.50,42.05,11.56,30.50,57.78,98.89,270.53,0,1
30,45.50,40.05,15.98,32.00,60.41,99.11,271.71,0,1
31,45.50,41.15,15.05,32.00,61.31,99.10,272.69,0,1
32,45.50,41.55,15.65,32.00,51.93,98.80,273.85,0,1
33,45.50,42.65,15.53,32.00,50.99,98.85,275.05,0,1
34,45.50,42.75,14.75,32.00,58.87,98.88,275.94,0,1
35,45.50,40.60,15.25,32.00,51.66,98.79,277.10,0,1
36,45.50,41.45,15.13,32.00,50.52,98.67,278.31,0,1
37,45.50,41.95,14.40,32.00,53.62,99.15,279.49,0,1
38,45.50,42.40,13.44,32.00,55.17,98.98,280.72,0,1
39,45.50,43.80,13.28,32.00,51.70,99.03,281.95,0,1
40,45.50,42.60,13.41,32.00,57.18,99.21,282.97,0,1
41,45.50,43.20,12.24,32.00,50.52,98.86,284.17,0,1
42,45.50,42.65,11.87,32.00,50.58,99.02,285.37,0,1
43,45.50,42.90,12.73,32.00,53.13,99.31,286.49,0,1
44,45.50,42.40,12.34,32.00,61.08,99.20,287.75,0,1
45,45.50,43.45,13.02,32.00,63.46,98.87,289.07,0,1
46,45.50,43.50,11.67,32.00,71.64,99.10,290.73,0,1
47,45.50,41.40,14.59,32.00,63.76,99.10,292.16,0,1
48,45.50,41.95,15.08,32.00,60.89,99.18,293.18,0,1
49,45.50,41.60,16.43,29.00,57.20,98.62,294.42,0,1
50,45.50,44.00,15.47,32.00,56.37,98.95,295.63,0,1
51,45.50,40.50,16.29,30.50,53.07,98.85,296.84,0,1
52,45.50,41.70,16.16,32.00,49.95,99.03,298.05,0,1
53,45.50,39.90,16.96,32.00,52.86,99.13,299.28,0,1
54,45.50,41.60,17.28,32.00,53.33,99.21,300.46,0,1
55,45.50,43.00,16.23,32.00,58.58,98.94,301.42,0,1
56,45.50,41.80,16.94,32.00,53.29,99.03,302.65,0,1
57,45.50,41.30,17.34,30.50,58.72,98.85,303.67,0,1
58,45.50,41.40,16.99,32.00,51.01,98.89,304.86,0,1
59,45.50,42.50,16.56,32.00,52.12,98.80,306.07,0,1
60,45.50,42.30,16.95,32.00,58.85,98.84,306.96,0,1
61,45.50,41.65,16.57,32.00,50.57,99.02,308.16,0,1
62,45.50,41.40,16.59,32.00,57.82,99.20,309.30,0,1
63,45.50,44.30,15.57,30.50,55.36,99.26,310.50,0,1
64,45.50,41.90,15.77,32.00,55.33,99.24,311.70,0,1
65,45.50,40.30,16.46,30.50,52.96,99.17,312.89,0,1
66,45.50,41.40,17.48,32.00,52.10,98.78,314.09,0,1
67,45.50,42.60,16.47,32.00,49.00,98.90,315.28,0,1
68,45.50,42.55,15.83,32.00,51.69,99.11,316.46,0,1
69,45.50,43.10,14.95,32.00,59.42,99.10,317.73,0,1
70,45.50,41.65,15.98,32.00,62.84,99.21,319.01,0,1
71,45.50,42.90,14.64,29.00,68.03,99.23,320.08,0,1
72,45.50,43.00,15.64,32.00,65.35,98.87,321.45,0,1
73,45.50,43.00,14.40,32.00,53.18,98.88,322.67,0,1
74,45.50,42.30,15.19,32.00,55.95,99.31,323.96,0,1
75,45.50,43.55,13.91,32.00,69.29,99.27,324.87,0,1
76,45.50,41.95,15.03,30.50,53.50,98.81,326.11,0,1
77,45.50,40.70,15.61,32.00,53.24,98.92,327.33,0,1
78,45.50,43.10,14.27,32.00,52.45,99.14,328.51,0,1
79,45.50,42.95,15.75,29.00,59.69,99.08,329.49,0,1
80,45.50,40.05,16.35,32.00,55.38,98.85,330.66,0,1
81,45.50,40.85,15.42,30.50,53.34,99.00,331.88,0,1
82,45.50,41.65,15.39,32.00,54.32,99.12,333.12,0,1
83,45.50,41.40,15.77,32.00,52.66,98.70,334.34,0,1
84,45.50,40.65,15.04,32.00,52.07,99.08,335.55,0,1
85,45.50,41.35,15.19,32.00,50.99,98.86,336.76,0,1
86,45.50,42.70,14.47,32.00,51.62,99.02,337.96,0,1
87,45.50,42.50,14.22,29.00,54.23,99.23,339.14,0,1
88,45.50,42.15,14.29,32.00,60.67,99.19,340.02,0,1
89,45.50,39.55,15.71,29.00,60.21,98.91,341.04,0,1
90,45.50,41.45,15.97,32.00,53.14,99.14,342.23,0,1
91,45.50,41.40,16.48,32.00,60.49,99.22,343.15,0,1
92,45.50,41.50,16.43,32.00,51.79,98.86,344.34,0,1
93,45.50,40.95,16.96,32.00,53.57,99.26,345.53,0,1
94,45.50,40.35,17.19,32.00,52.67,99.28,346.68,0,1
95,45.50,40.80,16.48,32.00,65.60,99.28,347.73,0,1
96,45.50,42.05,16.15,32.00,61.89,99.26,349.06,0,1
97,45.50,43.10,16.05,32.00,62.99,99.16,350.37,0,1
98,45.50,42.10,16.34,32.00,65.71,99.16,351.65,0,1
99,45.50,41.50,16.10,32.00,52.05,99.30,352.83,0,1
100,45.50,41.70,17.28,32.00,55.11,98.90,354.00,0,1
101,45.50,44.00,16.72,32.00,51.00,99.30,355.19,0,1
102,45.50,40.90,16.90,30.50,52.19,99.02,356.39,0,1
103,45.50,40.45,17.19,32.00,50.54,99.25,357.55,0,1
104,45.50,42.00,16.85,32.00,53.26,99.20,358.38,0,1
105,45.50,41.50,17.18,32.00,53.85,99.27,359.54,0,1
106,45.50,40.85,17.35,32.00,55.32,98.82,360.73,0,1
107,45.50,42.30,16.67,32.00,51.81,98.97,361.91,0,1
108,45.50,41.40,17.01,32.00,51.30,99.01,363.11,0,1
109,45.50,41.50,15.37,32.00,51.29,98.80,364.33,0,1
110,45.50,42.60,14.66,32.00,50.05,98.96,365.51,0,1
111,45.50,40.80,15.70,32.00,30.88,98.88,366.40,0,1
112,45.50,42.45,13.54,32.00,58.64,98.87,367.38,0,1
113,45.50,41.70,14.00,32.00,49.78,99.13,368.54,0,1
114,45.50,41.15,13.81,32.00,51.33,99.15,369.72,0,1
115,45.50,41.50,14.38,32.00,53.71,98.96,370.88,0,1
116,45.50,42.10,13.59,32.00,57.96,99.11,371.85,0,1
117,45.50,42.20,14.74,32.00,51.84,99.17,373.04,0,1
118,45.50,41.60,16.08,30.50,57.91,98.85,374.00,0,1
119,45.50,41.75,17.27,32.00,51.58,98.85,375.19,0,1
120,45.50,41.40,17.50,32.00,51.93,98.95,376.42,0,1
121,45.50,39.80,18.17,30.50,65.52,98.96,377.56,0,1
122,45.50,39.95,17.48,32.00,61.79,99.23,378.88,0,1
123,45.50,39.70,17.35,24.50,69.16,99.21,379.94,0,1
124,45.50,39.55,17.67,32.00,63.51,99.05,381.27,0,1
125,45.50,41.35,15.86,32.00,57.10,98.85,382.51,0,1
126,45.50,40.75,15.48,32.00,53.63,98.96,383.73,0,1
127,45.50,41.95,14.63,32.00,50.84,98.86,384.93,0,1
128,45.50,41.80,13.63,32.00,52.51,98.95,386.11,0,1
129,45.50,39.80,16.69,32.00,49.37,99.14,387.31,0,1
130,45.50,42.50,14.35,32.00,49.57,99.15,388.48,0,1
131,45.50,41.85,13.92,32.00,61.11,99.18,389.40,0,1
132,45.50,42.85,13.15,32.00,53.43,99.26,390.61,0,1
133,45.50,44.35,11.84,32.00,51.45,99.21,391.82,0,1
134,45.50,41.15,14.45,32.00,51.95,99.23,393.04,0,1
135,45.50,42.10,13.92,32.00,51.33,98.86,394.26,0,1
136,45.50,42.20,14.55,32.00,50.16,98.97,395.45,0,1
137,45.50,41.40,15.62,32.00,52.04,99.05,396.59,0,1
138,45.50,41.90,15.53,32.00,50.00,99.13,397.79,0,1
139,45.50,42.30,15.61,32.00,52.63,99.25,398.98,0,1
140,45.50,40.90,16.05,32.00,52.82,99.18,400.20,0,1
141,45.50,41.50,15.67,30.50,53.94,99.00,401.38,0,1
142,45.50,40.20,15.90,29.00,58.77,98.66,402.42,0,1
143,45.50,41.10,15.21,32.00,52.80,99.21,403.58,0,1
144,45.50,41.60,15.30,32.00,50.48,98.79,404.76,0,1
145,45.50,44.05,14.37,32.00,59.72,99.09,405.73,0,1
146,45.50,41.05,15.89,32.00,54.26,98.91,406.97,0,1
147,45.50,40.80,16.09,30.50,67.06,98.94,408.03,0,1
148,45.50,41.05,15.79,30.50,68.12,99.28,409.15,0,1
149,45.50,41.80,16.70,32.00,63.99,98.87,410.48,0,1
150,45.50,43.90,15.97,32.00,74.01,99.15,411.84,0,1
151,45.50,42.05,17.40,32.00,56.20,99.19,413.04,0,1
152,45.50,42.65,17.04,32.00,52.81,98.97,414.27,0,1
153,45.50,41.70,16.47,32.00,52.31,99.14,415.46,0,1
154,45.50,40.65,17.21,32.00,51.95,98.93,416.66,0,1
155,45.50,41.65,15.65,29.00,55.66,99.02,417.63,0,1
156,45.50,40.20,15.74,32.00,55.27,99.23,418.83,0,1
157,45.50,39.80,16.56,32.00,61.96,99.19,419.97,0,1
158,45.50,41.45,15.46,30.50,68.81,98.84,420.90,0,1
159,45.50,41.50,16.73,32.00,67.15,99.23,422.20,0,1
160,45.50,44.25,13.82,32.00,63.39,99.17,423.43,0,1
161,45.50,42.45,14.32,32.00,68.15,98.67,424.45,0,1
162,45.50,40.60,16.58,29.00,79.66,98.94,425.92,0,1
163,45.50,42.50,16.04,32.00,52.17,99.09,427.13,0,1
164,45.50,43.00,16.26,32.00,53.34,99.24,428.35,0,1
165,45.50,42.60,15.61,32.00,51.81,99.07,429.56,0,1
166,45.50,41.75,15.28,32.00,56.82,99.03,430.45,0,1
167,45.50,42.60,15.83,32.00,60.56,99.21,431.61,0,1
168,45.50,42.70,15.95,32.00,63.22,99.09,432.83,0,1
169,45.50,42.60,14.79,32.00,55.65,98.96,433.72,0,1
170,45.50,42.10,13.21,30.50,82.68,98.85,435.25,0,1
171,45.50,39.50,16.06,30.50,70.59,98.72,436.34,0,1
172,45.50,41.90,16.21,30.50,76.08,99.00,437.74,0,1
173,45.50,43.55,14.98,32.00,65.04,99.06,439.05,0,1
174,45.50,40.60,15.70,29.00,75.35,99.00,440.13,0,1
175,45.50,41.75,15.98,32.00,75.31,99.19,441.43,0,1
176,45.50,42.45,16.57,32.00,73.72,99.06,443.07,0,1
177,45.50,41.65,15.63,32.00,74.00,98.96,444.13,0,1
178,45.50,43.60,14.20,32.00,62.32,98.98,445.40,0,1
179,45.50,41.80,15.47,32.00,64.01,99.00,446.72,0,1
180,45.50,41.50,15.55,30.50,67.91,99.08,447.97,0,1
181,45.50,43.30,14.83,32.00,66.79,99.17,449.36,0,1
182,45.50,41.30,15.78,32.00,62.25,99.24,450.73,0,1
183,45.50,42.45,16.17,29.00,84.20,99.24,452.13,0,1
184,45.50,42.55,17.44,32.00,64.87,99.28,453.64,0,1
185,45.50,41.15,17.31,29.00,64.23,99.19,455.14,0,1
186,45.50,41.70,17.22,27.50,72.64,98.99,456.49,0,1
187,45.50,44.25,16.55,32.00,78.19,99.05,457.81,0,1
188,45.50,40.65,17.38,32.00,71.83,99.28,459.44,0,1
189,45.50,40.60,16.76,32.00,67.99,99.03,461.02,0,1
190,45.50,44.00,16.03,32.00,57.91,99.20,462.11,0,1
191,45.50,40.80,17.12,30.50,81.29,99.22,463.64,0,1
192,45.50,41.55,17.34,30.50,67.39,99.09,465.21,0,1
193,45.50,41.55,17.80,29.00,74.15,99.23,466.79,0,1
194,45.50,40.10,17.88,30.50,83.72,99.26,469.29,0,1
195,45.50,42.20,16.84,32.00,61.09,99.06,470.74,0,1
196,45.50,42.25,16.61,32.00,60.05,99.20,472.30,0,1
197,45.50,42.30,16.39,32.00,76.34,99.15,473.67,0,1
198,45.50,41.05,16.98,32.00,73.33,99.15,475.50,0,1
199,45.50,40.50,17.25,32.00,69.48,99.22,476.86,0,1
200,45.50,42.40,18.20,32.00,65.18,99.24,478.47,0,1
1,35.00,33.50,19.60,32.00,0.00,99.18,4.61,0,28
2,35.00,33.80,19.26,32.00,55.61,99.17,5.96,0,28
3,35.00,34.25,18.43,30.50,65.75,99.23,7.15,0,28
4,35.00,34.50,18.32,32.00,57.08,99.04,8.59,0,28
5,38.00,34.50,18.58,32.00,51.86,99.16,9.94,0,28
6,35.00,34.70,17.68,32.00,60.18,99.19,10.90,0,28
7,35.00,34.50,18.18,32.00,59.30,98.92,12.34,0,28
8,35.00,34.40,18.35,32.00,52.48,98.93,13.67,0,28
9,35.00,34.30,18.89,32.00,51.70,98.85,15.01,0,28
10,35.00,34.55,17.92,32.00,52.39,98.98,16.34,0,28
11,35.00,34.60,17.26,32.00,54.41,98.97,17.72,0,28
12,38.00,34.65,18.13,32.00,74.72,99.17,19.82,0,28
13,35.00,34.15,18.89,30.50,70.99,99.28,21.44,0,28
14,36.50,34.65,18.19,32.00,66.89,99.24,23.14,0,28
15,36.50,34.70,18.50,32.00,75.45,99.18,24.52,0,28
16,36.50,34.40,18.30,32.00,67.98,99.29,26.40,0,28
17,36.50,34.50,17.46,32.00,71.19,99.27,28.14,0,28
18,36.50,34.15,16.72,32.00,63.53,99.16,29.71,0,28
19,36.50,34.50,16.86,32.00,63.31,99.11,31.20,0,28
20,36.50,34.35,15.00,32.00,79.34,99.00,32.68,0,28
21,36.50,34.15,14.50,32.00,65.12,99.06,33.95,0,28
22,36.50,34.20,13.71,32.00,54.50,99.13,35.30,0,28
23,36.50,34.00,14.13,32.00,52.17,99.17,36.60,0,28
24,36.50,33.95,13.77,30.50,83.51,99.19,39.47,0,28
25,36.50,34.30,11.54,32.00,63.26,99.23,40.55,0,28
26,36.50,33.45,9.13,29.00,73.18,98.76,42.11,0,28
27,38.00,34.15,11.51,30.50,90.19,98.54,43.84,0,28
28,38.00,34.30,12.91,32.00,60.79,98.53,45.14,0,28
29,38.00,35.35,14.32,32.00,53.31,98.75,46.50,0,28
30,38.00,35.75,14.36,32.00,60.17,98.71,47.84,0,28
31,38.00,36.10,15.02,32.00,64.71,98.97,48.84,0,28
32,38.00,36.50,15.00,32.00,59.68,99.08,50.02,0,28
33,38.00,36.20,15.94,32.00,53.06,99.19,51.35,0,28
34,38.00,36.30,16.61,32.00,57.78,99.03,52.74,0,28
35,38.00,36.65,16.10,32.00,51.87,99.20,54.05,0,28
36,38.00,36.50,16.84,32.00,52.14,99.01,55.36,0,28
37,38.00,36.55,17.08,32.00,59.53,99.19,56.54,0,28
38,38.00,36.50,16.59,29.00,62.94,98.99,57.61,0,28
39,38.00,36.85,15.86,32.00,53.09,99.25,58.96,0,28
40,38.00,36.60,16.19,32.00,56.68,99.23,60.04,0,28
41,38.00,36.80,16.76,32.00,51.34,99.21,61.35,0,28
42,38.00,36.70,16.89,32.00,56.30,98.98,62.68,0,28
43,41.00,36.50,16.91,32.00,50.88,99.19,63.96,0,26
44,41.00,36.90,16.42,32.00,49.80,99.26,65.20,0,26
45,41.00,37.45,16.53,32.00,49.65,99.21,66.45,0,26
46,41.00,37.30,15.61,32.00,62.54,99.00,67.58,0,26
47,41.00,38.30,15.37,32.00,54.30,99.16,68.96,0,26
48,41.00,38.50,14.94,32.00,52.06,99.29,70.26,0,26
49,41.00,37.70,16.53,32.00,53.76,99.15,71.57,0,26
50,41.00,38.85,16.76,32.00,56.49,98.99,72.95,0,26
51,41.00,39.10,16.75,32.00,50.77,99.16,74.25,0,26
52,41.00,37.90,17.89,32.00,51.31,99.15,75.54,0,26
53,41.00,38.35,16.90,32.00,51.26,99.18,76.83,0,26
54,41.00,38.85,17.33,32.00,55.11,98.97,78.21,0,26
55,41.00,38.65,16.44,32.00,51.59,99.17,79.51,0,26
56,41.00,40.00,15.91,32.00,50.64,99.24,80.79,0,26
57,41.00,38.35,16.30,32.00,57.08,99.23,81.93,0,26
58,41.00,37.80,16.85,30.50,65.00,99.20,83.59,0,26
59,41.00,39.00,15.57,32.00,61.04,99.23,84.55,0,26
60,41.00,39.20,15.50,32.00,53.67,99.16,85.92,0,26
61,41.00,38.90,16.10,30.50,59.87,99.12,87.07,0,26
62,41.00,38.00,15.80,32.00,63.85,98.98,88.30,0,26
63,41.00,38.20,16.86,32.00,52.99,99.21,89.66,0,26
64,41.00,38.05,16.76,32.00,51.69,99.28,90.95,0,26
65,41.00,37.45,17.41,32.00,54.50,99.28,92.29,0,26
66,41.00,39.20,15.99,32.00,52.73,98.82,93.60,0,26
67,41.00,38.00,16.92,32.00,51.20,99.06,94.85,0,26
68,41.00,38.45,14.93,32.00,50.92,99.22,96.14,0,26
69,41.00,38.35,14.43,32.00,51.95,99.03,97.46,0,26
70,41.00,38.05,14.99,32.00,58.05,99.21,98.63,0,26
71,41.00,38.70,14.48,32.00,50.71,99.31,99.95,0,26
72,41.00,38.30,15.14,32.00,49.71,99.31,101.24,0,26
73,41.00,38.55,15.67,32.00,53.41,99.14,102.55,0,26
74,41.00,39.10,14.77,32.00,52.52,99.28,103.87,0,26
75,41.00,38.50,15.25,32.00,51.07,99.23,105.16,0,26
76,41.00,39.50,14.82,32.00,59.56,99.20,106.13,0,26
77,41.00,39.45,15.89,30.50,58.99,99.15,107.55,0,26
78,41.00,39.85,16.28,32.00,58.48,99.20,108.72,0,26
79,41.00,39.15,16.76,32.00,52.26,99.28,110.05,0,26
80,41.00,39.45,16.50,32.00,51.54,99.29,111.35,0,26
81,41.00,40.20,15.21,32.00,54.15,99.15,112.70,0,26
82,41.00,39.85,15.65,32.00,54.75,99.22,114.02,0,26
83,41.00,39.20,16.80,32.00,61.82,99.13,115.03,0,26
84,41.00,39.35,16.96,32.00,63.31,98.86,116.52,0,26
85,41.00,38.80,17.17,32.00,74.74,98.74,117.95,0,26
86,41.00,38.80,16.70,32.00,57.18,98.85,119.34,0,26
87,41.00,39.10,16.59,32.00,51.10,98.82,120.59,0,26
88,41.00,38.55,17.05,32.00,51.01,98.87,121.90,0,26
89,41.00,38.90,17.15,30.50,54.25,98.68,123.24,0,26
90,41.00,37.70,17.65,32.00,52.81,98.86,124.58,0,26
91,41.00,37.85,18.07,32.00,51.14,98.92,125.90,0,26
92,41.00,39.50,15.93,32.00,52.98,98.94,127.19,0,26
93,41.00,38.60,16.65,32.00,55.26,98.92,128.58,0,26
94,41.00,39.90,16.19,32.00,59.92,99.05,129.55,0,26
95,41.00,38.15,17.36,29.00,54.16,99.29,130.93,0,26
96,41.00,38.10,16.34,32.00,61.38,99.27,131.92,0,26
97,41.00,38.55,16.96,32.00,54.73,98.95,133.36,0,26
98,41.00,40.00,16.01,32.00,51.58,99.22,134.67,0,26
99,41.00,39.20,15.71,32.00,51.16,99.28,135.96,0,26
100,41.00,37.35,17.83,32.00,52.80,99.22,137.30,0,26
101,41.00,37.50,16.14,32.00,50.86,99.04,138.62,0,26
102,41.00,38.50,15.40,32.00,50.77,99.19,139.92,0,26
103,41.00,38.75,15.55,30.50,55.00,99.18,141.05,0,26
104,41.00,39.40,15.45,32.00,55.38,98.95,142.42,0,26
105,41.00,39.10,16.11,32.00,52.21,99.13,143.75,0,26
106,41.00,38.60,16.80,32.00,67.53,99.24,145.24,0,26
107,41.00,38.85,17.35,30.50,80.90,99.15,146.86,0,26
108,41.00,38.55,16.51,30.50,69.10,99.19,148.53,0,26
109,41.00,39.20,15.30,32.00,68.41,99.25,150.21,0,26
110,41.00,38.20,16.84,32.00,63.16,99.25,151.72,0,26
111,41.00,38.70,16.05,32.00,79.95,99.19,153.10,0,26
112,41.00,37.60,16.83,30.50,80.48,99.23,154.92,0,26
113,41.00,39.10,16.74,32.00,61.05,99.28,156.49,0,26
114,41.00,39.00,17.20,32.00,59.84,99.03,158.01,0,26
115,41.00,38.60,16.98,32.00,63.86,99.14,159.56,0,26
116,41.00,38.70,14.06,30.50,82.84,99.21,161.43,0,26
117,42.50,37.95,12.13,32.00,76.64,99.24,163.48,0,25
118,42.50,38.30,11.75,32.00,65.20,99.09,164.56,0,25
119,42.50,39.30,10.81,32.00,67.07,99.21,166.21,0,25
120,42.50,39.70,8.55,30.50,69.02,98.96,167.58,0,25
121,42.50,39.60,8.92,32.00,67.24,98.98,168.67,0,25
122,42.50,38.90,9.49,30.50,71.23,98.89,170.21,0,25
123,42.50,39.60,11.11,32.00,60.83,98.98,171.74,0,25
124,42.50,39.90,10.26,32.00,65.87,98.96,173.31,0,25
125,42.50,39.45,8.77,32.00,59.93,99.22,174.80,0,25
126,42.50,39.40,11.09,32.00,73.40,99.19,176.45,0,25
127,42.50,40.35,10.99,32.00,79.75,99.23,177.97,0,25
128,42.50,39.60,12.94,32.00,86.40,99.17,180.61,0,25
129,42.50,41.40,9.74,32.00,65.54,99.17,182.25,0,25
130,42.50,38.90,13.01,32.00,66.82,99.20,183.90,0,25
131,42.50,39.80,10.97,32.00,77.95,99.22,185.67,0,25
132,42.50,39.75,13.12,32.00,67.18,99.18,187.30,0,25
133,42.50,39.90,13.95,32.00,78.02,99.01,188.58,0,25
134,42.50,39.50,14.90,30.50,73.00,99.10,190.08,0,25
135,42.50,38.25,16.93,32.00,71.46,99.21,191.70,0,25
136,42.50,41.10,15.02,32.00,74.82,99.08,193.49,0,25
137,42.50,40.25,15.84,32.00,75.44,99.18,195.40,0,25
138,42.50,39.00,16.27,32.00,91.46,98.80,198.39,0,25
139,42.50,38.25,17.33,32.00,72.57,99.07,200.09,0,25
140,42.50,39.75,16.29,32.00,57.18,99.15,201.54,0,25
141,42.50,39.90,16.67,29.00,74.37,99.09,203.53,0,25
142,42.50,39.85,16.04,30.50,72.49,98.98,205.13,0,25
143,42.50,37.85,16.78,30.50,65.72,98.26,206.81,0,25
144,42.50,38.55,15.43,30.50,77.18,99.14,208.66,0,25
145,42.50,40.55,15.03,32.00,67.96,99.18,210.37,0,25
146,42.50,38.95,14.82,30.50,76.96,99.14,212.16,0,25
147,42.50,40.60,14.57,32.00,92.06,99.11,214.50,0,25
148,42.50,40.50,14.25,32.00,77.11,99.14,216.27,0,25
149,42.50,40.30,14.75,32.00,71.98,99.16,217.50,0,25
150,42.50,41.60,14.29,32.00,77.25,99.26,219.55,0,25
151,42.50,41.05,13.64,32.00,70.18,99.24,221.30,0,25
152,42.50,40.60,14.72,30.50,69.03,99.10,222.97,0,25
153,42.50,38.50,15.51,32.00,78.20,99.18,224.74,0,25
154,42.50,40.20,14.53,32.00,72.42,99.22,226.48,0,25
155,42.50,40.00,15.01,32.00,70.55,98.99,228.27,0,25
156,42.50,39.00,15.35,32.00,55.45,99.26,229.70,0,25
157,42.50,38.15,16.04,30.50,79.21,99.20,231.39,0,25
158,42.50,38.60,16.17,32.00,70.21,99.14,233.21,0,25
159,42.50,39.90,14.44,29.00,69.52,99.21,234.70,0,25
160,42.50,39.55,15.57,32.00,67.30,99.24,236.14,0,25
161,42.50,40.10,15.31,32.00,75.36,98.98,238.15,0,25
162,42.50,40.65,14.39,29.00,68.65,99.22,239.88,0,25
163,42.50,38.75,15.79,32.00,73.41,99.22,241.38,0,25
164,42.50,39.50,16.17,32.00,72.29,99.27,243.32,0,25
165,42.50,39.00,17.06,32.00,68.82,99.29,245.12,0,25
166,42.50,40.40,17.06,32.00,64.23,99.21,246.20,0,25
167,42.50,37.60,17.46,32.00,71.58,99.00,247.95,0,25
168,42.50,38.75,17.66,30.50,67.66,99.27,249.68,0,25
169,42.50,39.75,17.61,30.50,78.40,99.06,251.70,0,25
170,42.50,38.25,17.31,30.50,87.60,99.25,253.96,0,25
171,42.50,39.30,17.41,32.00,76.04,99.08,255.73,0,25
172,42.50,41.20,16.13,32.00,78.41,99.25,257.55,0,25
173,42.50,39.35,16.79,32.00,78.70,99.12,259.65,0,25
174,42.50,39.75,15.15,32.00,75.61,99.22,261.44,0,25
175,42.50,38.85,16.14,30.50,69.97,99.03,263.17,0,25
176,42.50,38.30,16.31,30.50,56.99,98.92,264.66,0,25
177,42.50,39.80,15.40,32.00,63.14,99.05,266.23,0,25
178,42.50,40.35,15.89,32.00,62.64,98.89,267.78,0,25
179,42.50,40.85,16.14,30.50,79.13,98.59,270.06,0,25
180,42.50,39.80,15.90,32.00,64.75,99.05,271.63,0,25
181,42.50,40.00,16.19,32.00,65.00,98.67,273.21,0,25
182,42.50,39.90,15.85,32.00,69.51,98.51,274.36,0,25
183,42.50,40.10,16.51,32.00,64.49,98.40,276.04,0,25
184,42.50,38.50,17.33,32.00,63.57,98.04,277.61,0,25
185,42.50,38.10,17.98,32.00,61.67,97.99,279.17,0,25
186,42.50,39.35,17.06,30.50,60.23,98.28,280.69,0,25
187,42.50,40.10,17.21,32.00,55.65,98.42,282.13,0,25
188,42.50,40.40,16.70,32.00,58.21,98.51,283.62,0,25
189,42.50,38.45,16.87,32.00,59.10,99.23,285.12,0,25
190,42.50,41.05,15.80,32.00,59.83,99.19,286.64,0,25
191,42.50,39.75,18.01,32.00,62.24,98.56,288.21,0,25
192,42.50,40.05,18.57,32.00,67.41,98.90,289.79,0,25
193,42.50,40.25,17.39,32.00,67.01,98.90,291.36,0,25
194,42.50,39.50,16.37,32.00,68.90,98.38,292.89,0,25
195,42.50,38.65,17.02,32.00,62.08,97.74,294.39,0,25
196,42.50,40.10,14.18,32.00,60.46,98.16,295.90,0,25
197,42.50,40.70,15.04,32.00,59.92,98.51,297.39,0,25
198,42.50,38.45,16.53,30.50,80.24,98.58,298.75,0,25
199,42.50,39.65,14.30,32.00,63.55,98.55,300.38,0,25
200,42.50,39.70,14.10,32.00,71.47,98.96,301.70,0,25
1,35.00,32.50,19.18,32.00,62.91,98.74,305.97,0,25
2,35.00,32.95,18.97,32.00,68.99,98.91,307.15,0,25
3,35.00,33.90,18.04,32.00,64.49,98.62,308.85,0,25
4,35.00,34.40,17.33,32.00,59.08,98.50,310.35,0,25
5,35.00,34.50,16.52,32.00,62.83,98.98,311.91,0,25
6,35.00,34.35,17.80,32.00,68.19,99.12,313.50,0,25
7,35.00,34.20,18.42,32.00,56.49,99.16,314.96,0,25
8,38.00,34.70,18.45,32.00,66.85,98.74,316.09,0,25
9,38.00,35.15,18.19,32.00,70.77,99.10,317.32,0,25
10,38.00,35.30,18.67,32.00,63.88,98.67,318.96,0,25
11,38.00,36.50,17.78,32.00,59.13,98.84,320.43,0,25
12,39.50,36.25,17.65,29.00,61.91,99.00,322.02,0,25
13,39.50,36.60,17.39,32.00,60.29,98.85,323.56,0,25
14,38.00,37.05,17.15,30.50,60.53,98.55,325.02,0,25
15,38.00,35.88,17.40,0.00,64.47,98.99,326.39,0,25
16,38.00,36.60,17.35,32.00,63.88,98.71,327.92,0,25
17,42.50,36.85,16.38,32.00,68.60,99.20,329.82,0,25
18,42.50,38.40,16.07,32.00,58.55,99.28,331.32,0,25
19,42.50,38.00,16.64,32.00,83.82,99.01,333.05,0,25
20,42.50,38.25,17.32,32.00,69.38,99.15,334.76,0,25
21,42.50,40.25,16.09,32.00,66.44,99.29,336.42,0,25
22,42.50,38.65,17.21,32.00,70.50,98.59,338.12,0,25
23,42.50,37.85,17.18,23.00,82.12,99.18,340.01,0,25
24,42.50,38.80,16.49,30.50,80.98,99.09,342.24,0,25
25,42.50,40.05,16.61,32.00,72.97,99.15,344.18,0,25
26,42.50,40.60,16.86,32.00,71.51,98.63,345.94,0,25
27,42.50,40.60,16.80,32.00,61.47,99.14,347.43,0,25
28,42.50,40.00,17.28,32.00,62.62,98.63,349.00,0,25
29,42.50,39.95,17.51,32.00,58.46,98.80,350.48,0,25
30,42.50,38.20,17.91,30.50,70.64,99.20,352.28,0,25
31,42.50,39.45,17.34,32.00,82.47,98.78,354.61,0,25
32,42.50,39.95,16.97,32.00,89.28,98.62,357.72,0,25
33,42.50,40.35,17.00,29.00,79.36,97.88,359.62,0,25
34,42.50,40.75,16.58,32.00,80.18,97.89,361.48,0,25
35,42.50,40.75,17.13,30.50,86.23,97.76,363.22,0,25
36,42.50,40.95,16.69,32.00,76.93,98.39,364.83,0,25
37,42.50,40.10,17.47,32.00,81.96,98.73,366.63,0,25
38,42.50,39.35,16.96,30.50,84.62,99.04,368.41,0,25
39,42.50,39.25,16.86,29.00,87.31,98.92,370.54,0,25
40,42.50,38.60,17.16,29.00,86.97,99.04,372.11,0,25
41,42.50,38.15,17.45,30.50,79.69,98.95,373.88,0,25
42,42.50,39.15,16.82,32.00,75.60,99.20,375.66,0,25
43,42.50,41.20,15.17,32.00,81.67,99.17,377.30,0,25
44,42.50,40.50,15.68,32.00,80.19,99.14,379.18,0,25
45,42.50,39.50,16.09,32.00,78.82,99.24,381.20,0,25
46,42.50,38.95,14.40,32.00,80.39,98.88,383.08,0,25
47,42.50,39.00,15.63,32.00,81.28,99.08,384.88,0,25
48,42.50,38.75,16.07,30.50,79.41,99.06,386.70,0,25
49,42.50,40.60,13.27,32.00,75.91,99.00,388.52,0,25
50,42.50,40.10,14.61,32.00,82.39,98.53,389.88,0,25
51,42.50,40.60,14.55,32.00,75.74,99.14,391.64,0,25
52,42.50,38.40,16.41,32.00,85.93,99.27,393.92,0,25
53,42.50,39.30,14.59,32.00,76.07,98.83,395.76,0,25
54,42.50,40.00,14.71,32.00,79.78,99.05,397.58,0,25
55,42.50,40.60,14.14,32.00,87.22,97.84,399.77,0,25
56,42.50,39.00,14.08,29.00,96.16,97.89,402.87,0,25
57,42.50,40.10,15.82,32.00,93.71,98.19,406.33,0,25
58,42.50,41.50,14.37,32.00,90.15,98.65,408.07,0,25
59,42.50,39.70,16.26,32.00,84.05,98.84,409.96,0,25
60,42.50,39.65,15.83,32.00,86.39,98.10,412.08,0,25
61,42.50,41.25,15.20,30.50,88.57,97.58,414.75,0,25
62,42.50,39.25,15.92,30.50,85.84,98.03,417.07,0,25
63,42.50,39.70,16.05,32.00,89.44,97.55,419.57,0,25
64,42.50,40.60,15.24,32.00,90.27,97.61,421.66,0,25
65,42.50,39.70,15.24,32.00,84.62,97.52,423.60,0,25
66,42.50,38.95,16.13,32.00,74.84,98.22,425.54,0,25
67,42.50,39.65,16.58,32.00,87.11,98.50,428.11,0,25
68,42.50,39.50,16.21,32.00,75.53,98.62,430.13,0,25
69,42.50,40.30,14.73,32.00,76.37,99.02,432.03,0,25
70,42.50,38.75,16.76,32.00,74.80,98.87,433.89,0,25
71,42.50,39.35,16.66,32.00,77.41,98.78,435.63,0,25
72,42.50,40.00,15.50,32.00,73.72,98.83,437.53,0,25
73,42.50,39.05,16.73,32.00,80.25,98.90,439.56,0,25
74,42.50,39.45,15.62,32.00,72.90,98.76,441.38,0,25
75,42.50,40.65,14.82,32.00,82.30,98.89,442.94,0,25
76,42.50,39.20,15.91,30.50,73.59,98.75,444.80,0,25
77,42.50,39.20,16.39,29.00,79.86,98.70,446.62,0,25
78,42.50,38.70,16.38,32.00,77.37,98.84,448.59,0,25
79,42.50,40.20,15.60,32.00,81.02,99.12,450.01,0,25
80,42.50,39.45,16.90,29.00,68.25,99.01,451.49,0,25
81,42.50,40.50,17.57,32.00,77.47,98.68,453.60,0,25
82,42.50,39.65,16.86,32.00,62.71,98.76,455.20,0,25
83,42.50,40.25,15.57,32.00,63.81,98.37,456.65,0,25
84,42.50,40.25,16.03,30.50,72.03,99.17,458.10,0,25
85,42.50,39.75,16.30,32.00,64.94,99.00,459.77,0,25
86,42.50,39.15,16.88,32.00,75.59,99.25,461.79,0,25
87,42.50,39.30,16.52,32.00,72.39,99.03,463.24,0,25
88,42.50,40.85,15.24,32.00,60.85,99.23,464.78,0,25
89,42.50,40.45,15.89,30.50,63.06,99.24,466.40,0,25
90,42.50,39.30,16.65,32.00,70.02,99.09,468.18,0,25
91,42.50,41.25,13.63,32.00,62.68,99.24,469.72,0,25
92,42.50,38.45,16.69,32.00,59.82,99.23,471.24,0,25
93,42.50,38.85,16.49,32.00,68.69,99.28,472.71,0,25
94,42.50,40.70,15.97,30.50,65.05,99.17,474.10,0,25
95,42.50,40.70,14.84,32.00,63.56,99.30,475.68,0,25
96,42.50,40.90,15.03,32.00,58.37,99.20,477.14,0,25
97,42.50,38.50,16.88,32.00,63.17,99.24,478.69,0,25
98,42.50,39.40,15.01,32.00,60.53,99.24,480.19,0,25
99,42.50,40.30,14.43,30.50,65.87,99.20,481.78,0,25
100,42.50,39.50,15.41,32.00,69.78,98.99,483.48,0,25
101,42.50,39.75,15.44,32.00,65.54,98.80,485.11,0,25
102,42.50,38.95,16.76,32.00,67.65,98.63,486.86,0,25
103,42.50,38.95,16.68,32.00,65.04,98.98,488.40,0,25
104,42.50,40.95,14.40,32.00,57.45,99.13,489.87,0,25
105,42.50,40.85,14.54,32.00,65.68,99.02,491.35,0,25
106,42.50,38.15,15.85,29.00,74.33,99.05,492.80,0,25
107,42.50,40.30,16.00,32.00,70.56,98.90,494.38,0,25
108,42.50,41.15,15.85,32.00,57.00,98.86,495.80,0,25
109,42.50,39.10,16.08,32.00,63.32,98.91,497.28,0,25
110,42.50,39.80,16.54,32.00,70.19,98.56,498.83,0,25
111,42.50,39.65,16.64,32.00,68.91,98.10,500.31,0,25
112,42.50,39.75,16.50,32.00,66.67,98.10,501.41,0,25
113,42.50,40.85,16.08,32.00,62.45,97.90,502.92,0,25
114,42.50,39.05,17.19,32.00,65.26,97.94,503.98,0,25
115,42.50,40.20,16.04,32.00,65.68,99.25,505.56,0,25
116,42.50,38.90,16.71,32.00,68.08,99.18,507.16,0,25
117,42.50,38.40,17.92,32.00,67.31,98.64,508.26,0,25
118,42.50,38.30,17.73,29.00,70.61,99.17,509.52,0,25
119,42.50,38.75,16.77,32.00,60.17,99.23,511.04,0,25
120,42.50,40.50,15.37,30.50,58.24,99.00,512.41,0,25
121,42.50,39.20,17.02,32.00,59.96,98.99,513.84,0,25
122,42.50,40.05,16.19,32.00,60.00,99.22,515.07,0,25
123,42.50,39.00,16.28,32.00,65.08,99.18,516.12,0,25
124,42.50,40.25,15.93,32.00,60.85,98.81,517.62,0,25
125,42.50,38.95,17.32,32.00,59.44,99.07,519.05,0,25
126,42.50,40.00,16.52,32.00,58.38,99.09,520.49,0,25
127,42.50,39.90,17.19,32.00,57.38,98.89,521.92,0,25
128,42.50,39.65,16.32,32.00,57.41,98.99,523.32,0,25
129,42.50,40.20,15.45,32.00,64.63,99.17,524.53,0,25
130,42.50,41.40,15.28,32.00,66.43,99.12,525.60,0,25
131,42.50,39.05,17.17,32.00,60.29,99.23,527.08,0,25
132,42.50,39.60,16.58,32.00,62.12,98.93,528.55,0,25
133,42.50,39.70,15.64,32.00,58.49,98.96,530.00,0,25
134,42.50,38.70,17.05,32.00,55.88,98.83,531.43,0,25
135,42.50,38.35,17.24,30.50,57.40,98.88,532.83,0,25
136,42.50,39.40,15.49,30.50,64.07,99.21,534.36,0,25
137,42.50,40.40,16.25,32.00,81.06,99.20,536.94,0,25
138,42.50,40.00,16.72,30.50,86.00,99.09,538.94,0,25
139,42.50,39.25,16.24,29.00,79.26,99.12,540.71,0,25
140,42.50,39.35,16.19,30.50,91.51,98.58,543.81,0,25
141,42.50,38.55,17.12,29.00,87.25,98.49,546.92,0,25
142,42.50,40.35,17.31,30.50,89.91,98.83,549.37,0,25
143,42.50,39.30,17.07,30.50,93.81,98.64,551.94,0,25
144,42.50,40.20,16.43,30.50,86.47,98.06,554.03,0,25
145,42.50,39.85,15.45,32.00,81.15,98.48,556.15,0,25
146,42.50,38.40,16.70,32.00,81.25,98.85,558.57,0,25
147,42.50,37.45,17.26,30.50,90.98,99.26,561.07,0,25
148,42.50,39.45,16.44,32.00,81.94,98.88,563.21,0,25
149,42.50,38.80,17.35,32.00,72.53,99.19,564.95,0,25
150,42.50,39.85,17.21,32.00,68.85,99.09,566.56,0,25
151,42.50,39.00,17.62,30.50,69.55,99.03,568.23,0,25
152,42.50,40.10,17.78,32.00,66.56,99.17,569.77,0,25
153,42.50,38.70,18.30,30.50,80.41,99.10,571.47,0,25
154,42.50,38.25,17.94,32.00,79.43,99.05,573.36,0,25
155,42.50,39.50,18.17,32.00,70.35,99.30,575.04,0,25
156,42.50,40.10,17.69,32.00,65.87,99.14,576.66,0,25
157,42.50,39.55,16.90,32.00,75.57,99.27,577.93,0,25
158,42.50,39.60,16.17,32.00,61.88,99.25,579.53,0,25
159,42.50,40.00,16.48,32.00,67.98,99.23,580.67,0,25
160,42.50,39.40,16.83,32.00,79.79,99.16,582.58,0,25
161,42.50,40.60,15.83,32.00,62.78,99.16,584.15,0,25
162,42.50,39.40,15.42,32.00,59.96,99.22,585.37,0,25
163,42.50,39.90,14.32,32.00,60.07,99.19,586.82,0,25
164,42.50,39.15,14.31,32.00,54.70,99.29,588.19,0,25
165,42.50,40.75,12.95,32.00,51.73,99.25,589.54,0,25
166,42.50,40.80,13.11,32.00,53.82,99.27,590.90,0,25
167,42.50,40.55,13.46,32.00,51.88,99.21,592.24,0,25
168,42.50,39.80,15.16,32.00,55.13,99.19,593.63,0,25
169,42.50,39.45,15.35,32.00,53.33,99.22,594.97,0,25
170,42.50,39.25,15.80,32.00,53.56,99.29,596.34,0,25
171,42.50,38.65,16.66,32.00,51.75,99.26,597.67,0,25
172,42.50,39.95,16.99,30.50,57.42,99.20,599.05,0,25
173,42.50,39.70,16.41,32.00,50.43,99.29,600.36,0,25
174,42.50,40.45,16.57,32.00,57.82,99.24,601.52,0,25
175,42.50,41.15,16.44,32.00,62.79,99.12,602.53,0,25
176,42.50,39.35,17.42,30.50,57.40,99.27,604.00,0,25
177,42.50,39.05,17.60,32.00,56.91,99.45,605.36,0,25
178,42.50,38.20,18.12,32.00,85.14,99.22,607.03,0,25
179,42.50,39.65,17.58,30.50,78.58,99.13,608.89,0,25
180,42.50,38.95,17.93,32.00,71.63,99.04,610.49,0,25
181,42.50,40.25,16.98,29.00,73.28,99.10,612.00,0,25
182,42.50,39.85,17.64,32.00,72.04,98.94,613.70,0,25
183,42.50,39.05,18.56,32.00,87.57,99.09,615.91,0,25
184,42.50,37.85,18.69,32.00,79.95,99.26,617.88,0,25
185,42.50,39.75,17.48,32.00,93.64,98.93,620.22,0,25
186,42.50,39.90,17.98,32.00,84.70,99.10,622.45,0,25
187,42.50,39.15,17.82,29.00,80.55,98.82,624.27,0,25
188,42.50,39.70,17.71,30.50,77.92,98.93,625.89,0,25
189,42.50,39.60,17.40,32.00,84.61,98.88,627.32,0,25
190,42.50,39.10,17.38,30.50,90.56,98.82,629.03,0,25
191,42.50,40.00,17.01,32.00,81.11,98.78,630.39,0,25
192,42.50,39.90,16.28,30.50,82.59,98.69,632.36,0,25
193,42.50,40.10,15.88,32.00,94.55,98.51,634.72,0,25
194,42.50,39.50,16.51,32.00,77.50,98.63,636.06,0,25
195,42.50,39.80,16.21,32.00,79.68,98.41,638.44,0,25
196,42.50,40.35,16.44,32.00,67.39,99.08,640.05,0,25
197,42.50,39.55,16.73,32.00,83.51,98.39,642.28,0,25
198,42.50,40.05,15.55,32.00,73.51,99.04,643.96,0,25
199,42.50,39.40,15.78,32.00,66.67,99.00,645.08,0,25
200,42.50,39.40,15.93,32.00,58.74,99.05,646.58,0,25
