Generaci√≥n,Mejor Fitness,Fitness Promedio,Diversidad,Peor Fitness,CPU (%),Memoria (%),Tiempo (s),Goles Favor,Goles Contra,OS,OS Version,Java Version,CPUs,Population Size,Mutation Rate,Crossover Rate
1,39.25,29.21,12.57,25.75,0.00,93.76,28.370,0,27,Mac OS X,15.4,17.0.8.1,8,300,0.40,0.70
2,39.25,29.69,12.57,25.75,43.86,94.45,37.834,0,27,Mac OS X,15.4,17.0.8.1,8,300,0.40,0.70
3,39.25,30.12,12.55,23.50,46.35,98.35,47.065,0,27,Mac OS X,15.4,17.0.8.1,8,300,0.40,0.70
4,46.00,30.32,12.51,21.25,44.22,98.58,55.771,0,24,Mac OS X,15.4,17.0.8.1,8,300,0.40,0.70
5,39.25,30.36,12.48,25.75,42.72,98.74,64.769,0,24,Mac OS X,15.4,17.0.8.1,8,300,0.40,0.70
6,39.25,30.53,12.53,25.75,46.54,99.03,74.308,0,24,Mac OS X,15.4,17.0.8.1,8,300,0.40,0.70
7,48.25,31.20,12.60,25.75,46.25,99.08,83.618,0,23,Mac OS X,15.4,17.0.8.1,8,300,0.40,0.70
8,48.25,31.32,12.59,25.75,52.37,98.87,93.293,0,23,Mac OS X,15.4,17.0.8.1,8,300,0.40,0.70
9,43.75,31.47,12.56,23.50,44.61,98.71,102.837,0,23,Mac OS X,15.4,17.0.8.1,8,300,0.40,0.70
10,43.75,31.66,12.56,23.50,43.03,98.91,112.549,0,23,Mac OS X,15.4,17.0.8.1,8,300,0.40,0.70
11,41.50,31.80,12.58,23.50,44.64,98.85,122.132,0,23,Mac OS X,15.4,17.0.8.1,8,300,0.40,0.70
12,41.50,31.78,12.55,23.50,42.25,98.36,131.122,0,23,Mac OS X,15.4,17.0.8.1,8,300,0.40,0.70
13,41.50,31.80,12.47,25.75,41.60,98.65,140.153,0,23,Mac OS X,15.4,17.0.8.1,8,300,0.40,0.70
14,41.50,31.89,12.47,25.75,43.89,98.85,148.826,0,23,Mac OS X,15.4,17.0.8.1,8,300,0.40,0.70
15,41.50,32.15,12.54,23.50,43.56,98.42,158.038,0,23,Mac OS X,15.4,17.0.8.1,8,300,0.40,0.70
16,41.50,31.95,12.61,23.50,42.48,98.81,167.239,0,23,Mac OS X,15.4,17.0.8.1,8,300,0.40,0.70
17,43.75,32.10,12.57,23.50,44.53,99.22,176.807,0,23,Mac OS X,15.4,17.0.8.1,8,300,0.40,0.70
18,43.75,31.90,12.65,23.50,41.58,98.86,185.992,0,23,Mac OS X,15.4,17.0.8.1,8,300,0.40,0.70
19,43.75,32.16,12.63,25.75,42.97,98.90,194.960,0,23,Mac OS X,15.4,17.0.8.1,8,300,0.40,0.70
20,43.75,32.15,12.51,25.75,44.02,98.94,204.564,0,23,Mac OS X,15.4,17.0.8.1,8,300,0.40,0.70
21,43.75,32.19,12.56,25.75,43.23,98.90,214.475,0,23,Mac OS X,15.4,17.0.8.1,8,300,0.40,0.70
22,43.75,32.02,12.55,0.00,41.35,98.96,223.382,0,23,Mac OS X,15.4,17.0.8.1,8,300,0.40,0.70
23,43.75,32.67,12.62,25.75,44.36,98.82,233.492,0,23,Mac OS X,15.4,17.0.8.1,8,300,0.40,0.70
24,43.75,32.93,12.67,25.75,43.82,98.90,243.423,0,23,Mac OS X,15.4,17.0.8.1,8,300,0.40,0.70
25,43.75,33.00,12.60,25.75,45.41,98.96,253.189,0,23,Mac OS X,15.4,17.0.8.1,8,300,0.40,0.70
26,43.75,33.43,12.65,25.75,41.03,99.11,262.196,0,23,Mac OS X,15.4,17.0.8.1,8,300,0.40,0.70
27,43.75,33.21,12.65,25.75,42.93,99.21,270.936,0,23,Mac OS X,15.4,17.0.8.1,8,300,0.40,0.70
28,43.75,33.29,12.63,25.75,44.00,97.98,279.957,0,23,Mac OS X,15.4,17.0.8.1,8,300,0.40,0.70
29,43.75,33.63,12.59,25.75,43.53,98.22,288.859,0,23,Mac OS X,15.4,17.0.8.1,8,300,0.40,0.70
30,43.75,33.20,12.57,25.75,45.05,98.92,298.388,0,23,Mac OS X,15.4,17.0.8.1,8,300,0.40,0.70
31,43.75,33.48,12.50,23.50,64.46,98.17,307.577,0,23,Mac OS X,15.4,17.0.8.1,8,300,0.40,0.70
32,43.75,32.96,12.44,23.50,50.41,98.73,316.312,0,23,Mac OS X,15.4,17.0.8.1,8,300,0.40,0.70
33,43.75,32.95,12.41,25.75,52.96,98.78,325.773,0,23,Mac OS X,15.4,17.0.8.1,8,300,0.40,0.70
34,43.75,33.42,12.37,25.75,69.83,98.42,336.747,0,23,Mac OS X,15.4,17.0.8.1,8,300,0.40,0.70
35,43.75,33.46,12.47,25.75,50.94,98.55,346.767,0,23,Mac OS X,15.4,17.0.8.1,8,300,0.40,0.70
36,43.75,33.43,12.48,10.00,48.90,98.72,355.624,0,23,Mac OS X,15.4,17.0.8.1,8,300,0.40,0.70
37,43.75,33.80,12.48,25.75,45.99,99.00,365.859,0,23,Mac OS X,15.4,17.0.8.1,8,300,0.40,0.70
38,43.75,33.24,12.50,25.75,57.68,98.17,375.451,0,23,Mac OS X,15.4,17.0.8.1,8,300,0.40,0.70
39,43.75,33.30,12.49,23.50,44.76,98.92,384.664,0,23,Mac OS X,15.4,17.0.8.1,8,300,0.40,0.70
40,43.75,33.17,12.56,25.75,44.14,93.20,394.134,0,23,Mac OS X,15.4,17.0.8.1,8,300,0.40,0.70
41,43.75,33.45,12.49,25.75,44.18,93.45,403.613,0,23,Mac OS X,15.4,17.0.8.1,8,300,0.40,0.70
42,43.75,33.45,12.59,25.75,43.05,93.61,413.106,0,23,Mac OS X,15.4,17.0.8.1,8,300,0.40,0.70
43,43.75,33.21,12.54,25.75,44.46,93.46,422.723,0,23,Mac OS X,15.4,17.0.8.1,8,300,0.40,0.70
44,43.75,33.48,12.57,25.75,51.57,95.75,432.580,0,23,Mac OS X,15.4,17.0.8.1,8,300,0.40,0.70
45,43.75,33.33,12.51,28.00,44.81,96.08,441.948,0,23,Mac OS X,15.4,17.0.8.1,8,300,0.40,0.70
46,43.75,33.36,12.58,25.75,49.30,96.54,450.934,0,23,Mac OS X,15.4,17.0.8.1,8,300,0.40,0.70
47,43.75,33.66,12.53,25.75,56.53,98.64,460.380,0,23,Mac OS X,15.4,17.0.8.1,8,300,0.40,0.70
48,43.75,33.80,12.52,25.75,56.91,98.84,469.307,0,23,Mac OS X,15.4,17.0.8.1,8,300,0.40,0.70
49,46.00,33.63,12.51,25.75,56.29,98.87,478.876,0,23,Mac OS X,15.4,17.0.8.1,8,300,0.40,0.70
50,46.00,33.45,12.50,25.75,49.64,98.25,487.552,0,23,Mac OS X,15.4,17.0.8.1,8,300,0.40,0.70
51,46.00,33.97,12.56,25.75,46.45,97.80,496.713,0,23,Mac OS X,15.4,17.0.8.1,8,300,0.40,0.70
52,46.00,33.71,12.55,25.75,41.81,97.99,506.110,0,23,Mac OS X,15.4,17.0.8.1,8,300,0.40,0.70
53,46.00,33.22,12.44,25.75,41.81,98.05,515.371,0,23,Mac OS X,15.4,17.0.8.1,8,300,0.40,0.70
54,46.00,33.58,12.46,25.75,46.36,98.25,524.563,0,23,Mac OS X,15.4,17.0.8.1,8,300,0.40,0.70
55,48.25,34.54,12.48,25.75,43.41,98.12,533.709,0,23,Mac OS X,15.4,17.0.8.1,8,300,0.40,0.70
56,48.25,34.79,12.42,28.00,44.59,98.31,543.946,0,23,Mac OS X,15.4,17.0.8.1,8,300,0.40,0.70
57,48.25,34.28,12.48,28.00,47.12,97.92,553.750,0,23,Mac OS X,15.4,17.0.8.1,8,300,0.40,0.70
58,48.25,34.64,12.49,25.75,45.32,98.39,563.285,0,23,Mac OS X,15.4,17.0.8.1,8,300,0.40,0.70
59,48.25,35.19,12.45,25.75,46.95,98.01,572.645,0,23,Mac OS X,15.4,17.0.8.1,8,300,0.40,0.70
60,48.25,35.35,12.41,25.75,46.27,98.11,582.731,0,23,Mac OS X,15.4,17.0.8.1,8,300,0.40,0.70
61,48.25,35.69,12.42,25.75,42.30,98.18,591.749,0,23,Mac OS X,15.4,17.0.8.1,8,300,0.40,0.70
62,48.25,35.93,12.44,25.75,51.64,98.56,602.029,0,23,Mac OS X,15.4,17.0.8.1,8,300,0.40,0.70
63,48.25,35.76,12.45,28.00,42.25,98.25,611.501,0,23,Mac OS X,15.4,17.0.8.1,8,300,0.40,0.70
64,48.25,36.09,12.50,25.75,46.15,98.51,620.924,0,23,Mac OS X,15.4,17.0.8.1,8,300,0.40,0.70
65,48.25,35.77,12.47,21.25,43.06,98.39,630.507,0,23,Mac OS X,15.4,17.0.8.1,8,300,0.40,0.70
66,48.25,35.45,12.48,25.75,48.16,98.00,640.890,0,23,Mac OS X,15.4,17.0.8.1,8,300,0.40,0.70
67,48.25,35.97,12.39,23.50,51.09,97.99,650.588,0,23,Mac OS X,15.4,17.0.8.1,8,300,0.40,0.70
68,48.25,35.47,12.49,25.75,43.54,98.79,660.147,0,23,Mac OS X,15.4,17.0.8.1,8,300,0.40,0.70
69,48.25,34.70,12.55,25.75,45.55,98.86,669.587,0,23,Mac OS X,15.4,17.0.8.1,8,300,0.40,0.70
70,48.25,35.22,12.45,23.50,50.05,98.53,679.049,0,23,Mac OS X,15.4,17.0.8.1,8,300,0.40,0.70
71,48.25,35.57,12.39,23.50,68.95,98.13,687.217,0,23,Mac OS X,15.4,17.0.8.1,8,300,0.40,0.70
72,48.25,35.56,12.38,23.50,44.87,98.76,696.585,0,23,Mac OS X,15.4,17.0.8.1,8,300,0.40,0.70
73,48.25,36.02,12.24,28.00,43.41,98.58,705.682,0,23,Mac OS X,15.4,17.0.8.1,8,300,0.40,0.70
74,48.25,36.18,12.22,25.75,41.39,98.65,714.973,0,23,Mac OS X,15.4,17.0.8.1,8,300,0.40,0.70
75,48.25,36.11,12.29,25.75,44.21,98.15,724.759,0,23,Mac OS X,15.4,17.0.8.1,8,300,0.40,0.70
76,48.25,35.22,12.31,25.75,45.20,97.89,734.676,0,23,Mac OS X,15.4,17.0.8.1,8,300,0.40,0.70
77,48.25,35.85,12.27,25.75,44.23,98.28,743.725,0,23,Mac OS X,15.4,17.0.8.1,8,300,0.40,0.70
78,48.25,35.88,12.25,25.75,40.84,98.30,752.997,0,23,Mac OS X,15.4,17.0.8.1,8,300,0.40,0.70
79,48.25,36.22,12.21,25.75,45.58,98.18,762.965,0,23,Mac OS X,15.4,17.0.8.1,8,300,0.40,0.70
80,48.25,35.76,12.25,23.50,42.54,98.32,772.510,0,23,Mac OS X,15.4,17.0.8.1,8,300,0.40,0.70
81,48.25,36.37,12.20,23.50,43.77,98.23,782.241,0,23,Mac OS X,15.4,17.0.8.1,8,300,0.40,0.70
82,48.25,36.03,12.34,23.50,43.87,98.16,792.100,0,23,Mac OS X,15.4,17.0.8.1,8,300,0.40,0.70
83,48.25,36.12,12.36,25.75,44.65,98.20,801.846,0,23,Mac OS X,15.4,17.0.8.1,8,300,0.40,0.70
84,48.25,35.48,12.31,25.75,44.94,98.57,811.686,0,23,Mac OS X,15.4,17.0.8.1,8,300,0.40,0.70
85,48.25,35.67,12.27,25.75,42.51,98.69,821.137,0,23,Mac OS X,15.4,17.0.8.1,8,300,0.40,0.70
86,48.25,36.18,12.30,25.75,44.46,98.25,831.048,0,23,Mac OS X,15.4,17.0.8.1,8,300,0.40,0.70
87,48.25,35.52,12.28,25.75,45.16,98.34,839.886,0,23,Mac OS X,15.4,17.0.8.1,8,300,0.40,0.70
88,48.25,36.40,12.32,25.75,42.21,98.47,849.256,0,23,Mac OS X,15.4,17.0.8.1,8,300,0.40,0.70
89,48.25,37.08,12.26,25.75,41.70,98.55,858.635,0,23,Mac OS X,15.4,17.0.8.1,8,300,0.40,0.70
90,48.25,36.48,12.44,25.75,42.37,99.02,868.194,0,23,Mac OS X,15.4,17.0.8.1,8,300,0.40,0.70
91,48.25,36.03,12.44,25.75,42.55,98.86,877.680,0,23,Mac OS X,15.4,17.0.8.1,8,300,0.40,0.70
92,48.25,36.53,12.47,0.00,41.93,98.91,886.979,0,23,Mac OS X,15.4,17.0.8.1,8,300,0.40,0.70
93,48.25,36.87,12.44,25.75,43.99,98.97,895.689,0,23,Mac OS X,15.4,17.0.8.1,8,300,0.40,0.70
94,48.25,36.92,12.48,25.75,42.37,98.88,904.609,0,23,Mac OS X,15.4,17.0.8.1,8,300,0.40,0.70
95,48.25,36.44,12.51,25.75,42.46,98.87,914.004,0,23,Mac OS X,15.4,17.0.8.1,8,300,0.40,0.70
96,48.25,36.00,12.37,23.50,43.69,98.84,924.216,0,23,Mac OS X,15.4,17.0.8.1,8,300,0.40,0.70
97,48.25,36.60,12.36,23.50,45.03,98.94,934.114,0,23,Mac OS X,15.4,17.0.8.1,8,300,0.40,0.70
98,48.25,36.92,12.38,25.75,41.57,98.95,943.582,0,23,Mac OS X,15.4,17.0.8.1,8,300,0.40,0.70
99,48.25,35.94,12.44,25.75,41.77,98.74,952.993,0,23,Mac OS X,15.4,17.0.8.1,8,300,0.40,0.70
100,48.25,35.70,12.46,25.75,42.31,98.82,962.364,0,23,Mac OS X,15.4,17.0.8.1,8,300,0.40,0.70
101,48.25,35.58,12.50,25.75,44.90,99.32,972.534,0,23,Mac OS X,15.4,17.0.8.1,8,300,0.40,0.70
102,48.25,35.56,12.43,25.75,44.48,98.65,982.354,0,23,Mac OS X,15.4,17.0.8.1,8,300,0.40,0.70
103,48.25,35.48,12.48,25.75,45.32,99.15,992.614,0,23,Mac OS X,15.4,17.0.8.1,8,300,0.40,0.70
104,48.25,35.94,12.47,16.75,45.43,98.94,1002.461,0,23,Mac OS X,15.4,17.0.8.1,8,300,0.40,0.70
105,48.25,36.46,12.41,25.75,43.80,98.89,1011.170,0,23,Mac OS X,15.4,17.0.8.1,8,300,0.40,0.70
106,48.25,37.05,12.36,25.75,45.57,98.86,1020.151,0,23,Mac OS X,15.4,17.0.8.1,8,300,0.40,0.70
107,48.25,37.08,12.40,25.75,41.54,98.91,1028.644,0,23,Mac OS X,15.4,17.0.8.1,8,300,0.40,0.70
108,48.25,37.66,12.42,23.50,41.09,98.51,1037.919,0,23,Mac OS X,15.4,17.0.8.1,8,300,0.40,0.70
109,48.25,37.38,12.51,25.75,44.00,98.77,1048.155,0,23,Mac OS X,15.4,17.0.8.1,8,300,0.40,0.70
110,48.25,38.20,12.50,25.75,42.16,98.17,1057.689,0,23,Mac OS X,15.4,17.0.8.1,8,300,0.40,0.70
111,48.25,37.91,12.50,25.75,42.48,98.12,1066.681,0,23,Mac OS X,15.4,17.0.8.1,8,300,0.40,0.70
112,48.25,37.30,12.50,23.50,42.46,98.18,1075.990,0,23,Mac OS X,15.4,17.0.8.1,8,300,0.40,0.70
113,48.25,37.78,12.49,28.00,42.55,98.21,1085.523,0,23,Mac OS X,15.4,17.0.8.1,8,300,0.40,0.70
114,48.25,37.83,12.47,28.00,45.46,98.25,1095.003,0,23,Mac OS X,15.4,17.0.8.1,8,300,0.40,0.70
115,48.25,38.15,12.44,25.75,42.54,98.19,1104.440,0,23,Mac OS X,15.4,17.0.8.1,8,300,0.40,0.70
116,48.25,37.20,12.50,25.75,40.97,98.20,1113.702,0,23,Mac OS X,15.4,17.0.8.1,8,300,0.40,0.70
117,48.25,36.87,12.42,28.00,43.50,98.34,1123.666,0,23,Mac OS X,15.4,17.0.8.1,8,300,0.40,0.70
118,48.25,38.13,12.34,28.00,41.49,98.30,1132.539,0,23,Mac OS X,15.4,17.0.8.1,8,300,0.40,0.70
119,48.25,37.86,12.38,25.75,41.91,98.32,1142.035,0,23,Mac OS X,15.4,17.0.8.1,8,300,0.40,0.70
120,48.25,38.60,12.46,25.75,41.98,98.35,1151.023,0,23,Mac OS X,15.4,17.0.8.1,8,300,0.40,0.70
121,48.25,38.25,12.45,23.50,45.41,98.38,1160.504,0,23,Mac OS X,15.4,17.0.8.1,8,300,0.40,0.70
122,48.25,38.02,12.46,28.00,45.56,98.74,1169.984,0,23,Mac OS X,15.4,17.0.8.1,8,300,0.40,0.70
123,48.25,39.41,12.40,25.75,43.42,98.77,1179.022,0,23,Mac OS X,15.4,17.0.8.1,8,300,0.40,0.70
124,48.25,38.01,12.43,25.75,44.76,99.09,1188.734,0,23,Mac OS X,15.4,17.0.8.1,8,300,0.40,0.70
125,48.25,38.27,12.37,25.75,42.97,98.79,1197.841,0,23,Mac OS X,15.4,17.0.8.1,8,300,0.40,0.70
126,48.25,36.33,12.32,25.75,42.11,98.80,1207.361,0,23,Mac OS X,15.4,17.0.8.1,8,300,0.40,0.70
127,48.25,36.32,12.38,25.75,40.98,98.85,1216.699,0,23,Mac OS X,15.4,17.0.8.1,8,300,0.40,0.70
128,48.25,35.80,12.51,25.75,46.24,98.72,1226.874,0,23,Mac OS X,15.4,17.0.8.1,8,300,0.40,0.70
129,48.25,35.31,12.49,25.75,46.35,98.25,1236.103,0,23,Mac OS X,15.4,17.0.8.1,8,300,0.40,0.70
130,48.25,34.95,12.41,23.50,46.00,98.50,1245.419,0,23,Mac OS X,15.4,17.0.8.1,8,300,0.40,0.70
131,48.25,34.56,12.45,25.75,44.68,98.79,1255.076,0,23,Mac OS X,15.4,17.0.8.1,8,300,0.40,0.70
132,48.25,35.82,12.43,25.75,42.60,98.83,1264.696,0,23,Mac OS X,15.4,17.0.8.1,8,300,0.40,0.70
133,48.25,36.42,12.41,25.75,43.03,98.42,1274.701,0,23,Mac OS X,15.4,17.0.8.1,8,300,0.40,0.70
134,48.25,35.22,12.40,25.75,44.00,98.48,1284.238,0,23,Mac OS X,15.4,17.0.8.1,8,300,0.40,0.70
135,48.25,35.40,12.32,25.75,43.79,98.73,1293.315,0,23,Mac OS X,15.4,17.0.8.1,8,300,0.40,0.70
136,48.25,35.03,12.45,25.75,42.87,98.95,1302.553,0,23,Mac OS X,15.4,17.0.8.1,8,300,0.40,0.70
137,48.25,35.76,12.46,21.25,46.96,99.08,1312.542,0,23,Mac OS X,15.4,17.0.8.1,8,300,0.40,0.70
138,48.25,35.94,12.39,21.25,44.89,98.65,1321.887,0,23,Mac OS X,15.4,17.0.8.1,8,300,0.40,0.70
139,48.25,35.98,12.45,25.75,44.71,98.89,1332.163,0,23,Mac OS X,15.4,17.0.8.1,8,300,0.40,0.70
140,48.25,36.57,12.40,25.75,42.47,98.92,1341.712,0,23,Mac OS X,15.4,17.0.8.1,8,300,0.40,0.70
141,48.25,37.23,12.39,28.00,41.59,98.89,1351.034,0,23,Mac OS X,15.4,17.0.8.1,8,300,0.40,0.70
142,48.25,36.63,12.47,25.75,44.49,98.30,1361.296,0,23,Mac OS X,15.4,17.0.8.1,8,300,0.40,0.70
143,48.25,37.03,12.46,25.75,42.46,98.39,1370.860,0,23,Mac OS X,15.4,17.0.8.1,8,300,0.40,0.70
144,48.25,37.02,12.52,25.75,42.10,98.14,1380.221,0,23,Mac OS X,15.4,17.0.8.1,8,300,0.40,0.70
145,48.25,36.92,12.49,25.75,42.69,97.98,1389.333,0,23,Mac OS X,15.4,17.0.8.1,8,300,0.40,0.70
146,48.25,37.35,12.44,28.00,44.83,98.00,1398.781,0,23,Mac OS X,15.4,17.0.8.1,8,300,0.40,0.70
147,48.25,37.46,12.42,25.75,43.66,98.08,1408.557,0,23,Mac OS X,15.4,17.0.8.1,8,300,0.40,0.70
148,48.25,37.51,12.40,25.75,44.36,99.04,1418.278,0,23,Mac OS X,15.4,17.0.8.1,8,300,0.40,0.70
149,48.25,37.26,12.44,23.50,46.71,98.74,1427.845,0,23,Mac OS X,15.4,17.0.8.1,8,300,0.40,0.70
150,48.25,37.19,12.42,25.75,45.24,98.68,1437.088,0,23,Mac OS X,15.4,17.0.8.1,8,300,0.40,0.70
151,48.25,37.05,12.44,25.75,42.46,98.68,1445.806,0,23,Mac OS X,15.4,17.0.8.1,8,300,0.40,0.70
152,48.25,37.41,12.47,28.00,42.63,98.75,1454.934,0,23,Mac OS X,15.4,17.0.8.1,8,300,0.40,0.70
153,48.25,37.44,12.44,25.75,45.44,98.79,1464.845,0,23,Mac OS X,15.4,17.0.8.1,8,300,0.40,0.70
154,48.25,37.95,12.43,25.75,42.06,98.81,1474.267,1,25,Mac OS X,15.4,17.0.8.1,8,300,0.40,0.70
155,48.25,38.04,12.45,23.50,42.13,98.84,1483.321,1,25,Mac OS X,15.4,17.0.8.1,8,300,0.40,0.70
156,48.25,36.04,12.51,23.50,42.18,98.07,1492.442,1,25,Mac OS X,15.4,17.0.8.1,8,300,0.40,0.70
157,48.25,36.18,12.56,23.50,43.23,97.36,1501.956,1,25,Mac OS X,15.4,17.0.8.1,8,300,0.40,0.70
158,48.25,35.08,12.66,25.75,42.81,97.38,1511.384,1,25,Mac OS X,15.4,17.0.8.1,8,300,0.40,0.70
159,48.25,35.60,12.66,25.75,44.38,97.41,1520.214,1,25,Mac OS X,15.4,17.0.8.1,8,300,0.40,0.70
160,48.25,34.92,12.59,25.75,44.42,97.69,1529.371,1,25,Mac OS X,15.4,17.0.8.1,8,300,0.40,0.70
161,48.25,35.72,12.49,23.50,44.82,97.71,1538.719,1,25,Mac OS X,15.4,17.0.8.1,8,300,0.40,0.70
162,48.25,36.61,12.54,23.50,43.27,97.50,1547.235,1,25,Mac OS X,15.4,17.0.8.1,8,300,0.40,0.70
163,48.25,37.17,12.52,25.75,41.92,97.87,1556.532,1,25,Mac OS X,15.4,17.0.8.1,8,300,0.40,0.70
164,48.25,36.96,12.62,25.75,44.61,97.87,1565.629,1,25,Mac OS X,15.4,17.0.8.1,8,300,0.40,0.70
165,48.25,35.43,12.64,25.75,43.95,97.88,1575.287,1,25,Mac OS X,15.4,17.0.8.1,8,300,0.40,0.70
166,48.25,35.67,12.60,25.75,44.82,97.89,1584.702,1,25,Mac OS X,15.4,17.0.8.1,8,300,0.40,0.70
167,48.25,36.03,12.65,23.50,46.31,98.62,1594.524,1,25,Mac OS X,15.4,17.0.8.1,8,300,0.40,0.70
168,48.25,35.64,12.62,25.75,45.04,98.69,1604.204,1,25,Mac OS X,15.4,17.0.8.1,8,300,0.40,0.70
169,48.25,35.97,12.65,23.50,46.09,98.87,1613.618,1,25,Mac OS X,15.4,17.0.8.1,8,300,0.40,0.70
170,48.25,36.05,12.61,23.50,44.98,98.81,1623.430,1,25,Mac OS X,15.4,17.0.8.1,8,300,0.40,0.70
171,48.25,36.46,12.54,23.50,43.64,98.84,1633.469,1,25,Mac OS X,15.4,17.0.8.1,8,300,0.40,0.70
172,48.25,37.35,12.50,23.50,46.05,99.26,1642.767,1,25,Mac OS X,15.4,17.0.8.1,8,300,0.40,0.70
173,48.25,36.28,12.53,23.50,42.75,99.26,1652.080,1,25,Mac OS X,15.4,17.0.8.1,8,300,0.40,0.70
174,48.25,35.58,12.52,25.75,44.25,98.84,1662.298,1,25,Mac OS X,15.4,17.0.8.1,8,300,0.40,0.70
175,48.25,34.86,12.58,28.00,45.68,98.99,1671.751,1,25,Mac OS X,15.4,17.0.8.1,8,300,0.40,0.70
176,48.25,35.09,12.62,25.75,43.59,98.49,1680.940,1,25,Mac OS X,15.4,17.0.8.1,8,300,0.40,0.70
177,48.25,36.12,12.64,25.75,44.35,98.58,1690.225,1,25,Mac OS X,15.4,17.0.8.1,8,300,0.40,0.70
178,48.25,36.84,12.56,23.50,44.00,98.05,1699.917,1,25,Mac OS X,15.4,17.0.8.1,8,300,0.40,0.70
179,48.25,36.60,12.49,25.75,43.74,98.14,1708.463,1,25,Mac OS X,15.4,17.0.8.1,8,300,0.40,0.70
180,48.25,36.99,12.44,25.75,42.45,97.86,1717.225,1,25,Mac OS X,15.4,17.0.8.1,8,300,0.40,0.70
181,48.25,37.50,12.47,25.75,46.31,97.92,1726.728,1,25,Mac OS X,15.4,17.0.8.1,8,300,0.40,0.70
182,48.25,37.95,12.38,28.00,41.19,97.97,1735.940,1,25,Mac OS X,15.4,17.0.8.1,8,300,0.40,0.70
183,48.25,37.97,12.45,25.75,41.51,97.97,1745.227,1,25,Mac OS X,15.4,17.0.8.1,8,300,0.40,0.70
184,48.25,36.97,12.47,0.00,46.70,98.62,1755.409,1,25,Mac OS X,15.4,17.0.8.1,8,300,0.40,0.70
185,48.25,35.97,12.57,25.75,45.00,98.80,1765.209,1,25,Mac OS X,15.4,17.0.8.1,8,300,0.40,0.70
186,48.25,36.09,12.56,28.00,44.13,97.87,1774.397,1,25,Mac OS X,15.4,17.0.8.1,8,300,0.40,0.70
187,48.25,37.05,12.56,28.00,44.68,97.87,1784.226,1,25,Mac OS X,15.4,17.0.8.1,8,300,0.40,0.70
188,48.25,37.44,12.58,25.75,44.82,97.69,1793.557,1,25,Mac OS X,15.4,17.0.8.1,8,300,0.40,0.70
189,48.25,36.81,12.60,25.75,40.76,97.77,1802.856,1,25,Mac OS X,15.4,17.0.8.1,8,300,0.40,0.70
190,48.25,37.00,12.54,25.75,43.02,97.94,1811.929,1,25,Mac OS X,15.4,17.0.8.1,8,300,0.40,0.70
191,48.25,36.43,12.58,23.50,44.48,98.87,1820.431,1,25,Mac OS X,15.4,17.0.8.1,8,300,0.40,0.70
192,48.25,36.25,12.54,25.75,49.02,98.44,1829.878,1,25,Mac OS X,15.4,17.0.8.1,8,300,0.40,0.70
193,48.25,36.72,12.53,25.75,52.43,97.30,1839.869,1,25,Mac OS X,15.4,17.0.8.1,8,300,0.40,0.70
194,48.25,37.39,12.52,25.75,50.91,97.98,1848.968,1,25,Mac OS X,15.4,17.0.8.1,8,300,0.40,0.70
195,48.25,37.47,12.60,25.75,51.23,97.46,1858.601,1,25,Mac OS X,15.4,17.0.8.1,8,300,0.40,0.70
196,48.25,36.93,12.60,25.75,49.07,97.36,1867.838,1,25,Mac OS X,15.4,17.0.8.1,8,300,0.40,0.70
197,48.25,37.11,12.66,25.75,48.76,97.91,1877.011,1,25,Mac OS X,15.4,17.0.8.1,8,300,0.40,0.70
198,48.25,37.20,12.61,25.75,50.88,96.84,1886.138,1,25,Mac OS X,15.4,17.0.8.1,8,300,0.40,0.70
199,50.50,36.25,12.63,25.75,56.54,97.65,1895.072,0,22,Mac OS X,15.4,17.0.8.1,8,300,0.40,0.70
200,48.25,35.97,12.63,25.75,50.14,97.40,1903.989,0,22,Mac OS X,15.4,17.0.8.1,8,300,0.40,0.70
201,48.25,35.71,12.62,28.00,51.47,97.41,1913.783,0,22,Mac OS X,15.4,17.0.8.1,8,300,0.40,0.70
202,48.25,36.01,12.59,28.00,49.08,97.42,1923.296,0,22,Mac OS X,15.4,17.0.8.1,8,300,0.40,0.70
203,48.25,36.27,12.58,28.00,50.05,97.29,1932.189,0,22,Mac OS X,15.4,17.0.8.1,8,300,0.40,0.70
204,48.25,36.75,12.65,25.75,50.84,98.18,1941.649,0,22,Mac OS X,15.4,17.0.8.1,8,300,0.40,0.70
205,48.25,37.97,12.61,25.75,52.32,97.30,1950.196,0,22,Mac OS X,15.4,17.0.8.1,8,300,0.40,0.70
206,48.25,37.64,12.67,25.75,52.83,97.55,1959.065,0,22,Mac OS X,15.4,17.0.8.1,8,300,0.40,0.70
207,48.25,37.43,12.63,25.75,47.05,97.48,1969.324,0,22,Mac OS X,15.4,17.0.8.1,8,300,0.40,0.70
208,48.25,37.65,12.63,25.75,44.52,97.50,1979.571,0,22,Mac OS X,15.4,17.0.8.1,8,300,0.40,0.70
209,48.25,38.37,12.60,25.75,43.27,97.51,1989.235,0,22,Mac OS X,15.4,17.0.8.1,8,300,0.40,0.70
210,48.25,38.15,12.56,25.75,43.46,96.97,1999.300,0,22,Mac OS X,15.4,17.0.8.1,8,300,0.40,0.70
211,48.25,37.32,12.53,25.75,43.00,96.77,2008.754,0,22,Mac OS X,15.4,17.0.8.1,8,300,0.40,0.70
212,48.25,37.16,12.56,25.75,42.72,96.80,2017.297,0,22,Mac OS X,15.4,17.0.8.1,8,300,0.40,0.70
213,48.25,37.50,12.56,25.75,44.48,96.38,2027.526,0,22,Mac OS X,15.4,17.0.8.1,8,300,0.40,0.70
214,48.25,36.62,12.51,0.00,41.82,96.42,2036.435,0,22,Mac OS X,15.4,17.0.8.1,8,300,0.40,0.70
215,48.25,37.41,12.45,25.75,43.07,96.39,2046.003,0,22,Mac OS X,15.4,17.0.8.1,8,300,0.40,0.70
216,48.25,37.75,12.39,25.75,44.31,96.46,2054.790,0,22,Mac OS X,15.4,17.0.8.1,8,300,0.40,0.70
217,48.25,36.99,12.45,28.00,45.25,96.79,2064.036,0,22,Mac OS X,15.4,17.0.8.1,8,300,0.40,0.70
218,48.25,36.25,12.54,25.75,45.75,97.17,2073.649,0,22,Mac OS X,15.4,17.0.8.1,8,300,0.40,0.70
219,48.25,36.40,12.55,25.75,40.41,97.23,2082.845,0,22,Mac OS X,15.4,17.0.8.1,8,300,0.40,0.70
220,48.25,36.64,12.46,25.75,41.25,97.31,2092.165,0,22,Mac OS X,15.4,17.0.8.1,8,300,0.40,0.70
221,48.25,37.21,12.42,25.75,42.87,97.44,2101.842,0,22,Mac OS X,15.4,17.0.8.1,8,300,0.40,0.70
222,48.25,36.72,12.46,25.75,44.63,97.33,2111.595,0,22,Mac OS X,15.4,17.0.8.1,8,300,0.40,0.70
223,48.25,36.64,12.48,23.50,43.41,97.30,2120.349,0,22,Mac OS X,15.4,17.0.8.1,8,300,0.40,0.70
224,48.25,37.21,12.47,25.75,42.03,97.50,2129.796,0,22,Mac OS X,15.4,17.0.8.1,8,300,0.40,0.70
225,48.25,37.21,12.53,25.75,46.67,98.40,2139.706,0,22,Mac OS X,15.4,17.0.8.1,8,300,0.40,0.70
226,48.25,37.20,12.48,28.00,43.81,98.25,2149.871,0,22,Mac OS X,15.4,17.0.8.1,8,300,0.40,0.70
227,48.25,37.23,12.47,25.75,43.09,98.25,2159.664,0,22,Mac OS X,15.4,17.0.8.1,8,300,0.40,0.70
228,48.25,37.43,12.37,25.75,41.48,98.24,2168.526,0,22,Mac OS X,15.4,17.0.8.1,8,300,0.40,0.70
229,48.25,37.77,12.41,25.75,44.72,98.28,2178.330,0,22,Mac OS X,15.4,17.0.8.1,8,300,0.40,0.70
230,48.25,37.12,12.36,25.75,44.74,98.27,2188.265,0,22,Mac OS X,15.4,17.0.8.1,8,300,0.40,0.70
231,48.25,37.35,12.34,23.50,40.46,98.24,2197.382,0,22,Mac OS X,15.4,17.0.8.1,8,300,0.40,0.70
232,48.25,37.89,12.30,25.75,43.56,98.63,2206.839,0,22,Mac OS X,15.4,17.0.8.1,8,300,0.40,0.70
233,48.25,36.77,12.41,25.75,45.58,98.67,2216.674,0,22,Mac OS X,15.4,17.0.8.1,8,300,0.40,0.70
234,48.25,36.99,12.39,23.50,44.51,98.68,2226.390,0,22,Mac OS X,15.4,17.0.8.1,8,300,0.40,0.70
235,48.25,36.67,12.38,23.50,42.34,98.63,2235.815,0,22,Mac OS X,15.4,17.0.8.1,8,300,0.40,0.70
236,48.25,36.60,12.51,28.00,44.22,98.90,2245.964,0,22,Mac OS X,15.4,17.0.8.1,8,300,0.40,0.70
237,48.25,35.71,12.46,25.75,44.13,98.85,2256.037,0,22,Mac OS X,15.4,17.0.8.1,8,300,0.40,0.70
238,48.25,35.84,12.37,25.75,42.63,99.14,2264.992,0,22,Mac OS X,15.4,17.0.8.1,8,300,0.40,0.70
239,48.25,36.45,12.32,23.50,44.38,98.73,2274.158,0,22,Mac OS X,15.4,17.0.8.1,8,300,0.40,0.70
240,48.25,35.73,12.35,23.50,46.98,99.14,2283.613,0,22,Mac OS X,15.4,17.0.8.1,8,300,0.40,0.70
241,48.25,35.93,12.38,25.75,44.66,98.72,2292.857,0,22,Mac OS X,15.4,17.0.8.1,8,300,0.40,0.70
242,48.25,36.41,12.37,28.00,43.32,98.91,2302.981,0,22,Mac OS X,15.4,17.0.8.1,8,300,0.40,0.70
243,48.25,35.61,12.40,25.75,42.10,98.87,2311.931,0,22,Mac OS X,15.4,17.0.8.1,8,300,0.40,0.70
244,48.25,35.79,12.47,25.75,42.71,98.89,2320.967,0,22,Mac OS X,15.4,17.0.8.1,8,300,0.40,0.70
245,48.25,36.22,12.52,23.50,42.33,98.93,2329.861,0,22,Mac OS X,15.4,17.0.8.1,8,300,0.40,0.70
246,48.25,36.35,12.52,23.50,47.51,99.09,2339.270,0,22,Mac OS X,15.4,17.0.8.1,8,300,0.40,0.70
247,48.25,36.24,12.48,23.50,42.49,98.70,2348.237,0,22,Mac OS X,15.4,17.0.8.1,8,300,0.40,0.70
248,48.25,35.88,12.52,23.50,43.85,98.70,2357.590,0,22,Mac OS X,15.4,17.0.8.1,8,300,0.40,0.70
249,48.25,36.22,12.45,23.50,43.45,98.93,2366.558,0,22,Mac OS X,15.4,17.0.8.1,8,300,0.40,0.70
250,48.25,36.16,12.41,23.50,44.47,98.87,2376.014,0,22,Mac OS X,15.4,17.0.8.1,8,300,0.40,0.70
251,48.25,35.76,12.55,25.75,46.20,98.85,2385.489,0,22,Mac OS X,15.4,17.0.8.1,8,300,0.40,0.70
252,48.25,34.78,12.49,25.75,41.73,98.89,2394.817,0,22,Mac OS X,15.4,17.0.8.1,8,300,0.40,0.70
253,48.25,35.53,12.47,25.75,43.08,98.93,2404.743,0,22,Mac OS X,15.4,17.0.8.1,8,300,0.40,0.70
254,48.25,36.09,12.56,25.75,41.52,98.99,2413.959,0,22,Mac OS X,15.4,17.0.8.1,8,300,0.40,0.70
255,48.25,36.06,12.55,25.75,41.72,99.04,2422.492,0,22,Mac OS X,15.4,17.0.8.1,8,300,0.40,0.70
256,48.25,36.97,12.51,25.75,47.77,98.68,2431.557,0,22,Mac OS X,15.4,17.0.8.1,8,300,0.40,0.70
257,48.25,36.88,12.50,28.00,43.95,98.78,2441.668,0,22,Mac OS X,15.4,17.0.8.1,8,300,0.40,0.70
258,48.25,37.44,12.50,23.50,46.58,99.26,2450.220,0,22,Mac OS X,15.4,17.0.8.1,8,300,0.40,0.70
259,48.25,36.99,12.52,28.00,44.58,99.11,2459.322,0,22,Mac OS X,15.4,17.0.8.1,8,300,0.40,0.70
260,48.25,36.96,12.56,25.75,42.53,98.94,2468.571,0,22,Mac OS X,15.4,17.0.8.1,8,300,0.40,0.70
261,48.25,37.10,12.58,28.00,41.88,98.91,2477.925,0,22,Mac OS X,15.4,17.0.8.1,8,300,0.40,0.70
262,48.25,36.65,12.67,23.50,44.16,99.20,2486.603,0,22,Mac OS X,15.4,17.0.8.1,8,300,0.40,0.70
263,48.25,37.05,12.61,23.50,43.51,98.88,2495.084,0,22,Mac OS X,15.4,17.0.8.1,8,300,0.40,0.70
264,48.25,37.24,12.72,23.50,41.95,98.96,2504.208,0,22,Mac OS X,15.4,17.0.8.1,8,300,0.40,0.70
265,48.25,36.90,12.67,23.50,45.56,98.87,2513.609,0,22,Mac OS X,15.4,17.0.8.1,8,300,0.40,0.70
266,48.25,37.63,12.64,23.50,45.00,98.84,2522.497,0,22,Mac OS X,15.4,17.0.8.1,8,300,0.40,0.70
267,48.25,37.26,12.67,25.75,42.52,98.92,2532.070,0,22,Mac OS X,15.4,17.0.8.1,8,300,0.40,0.70
268,48.25,36.84,12.58,28.00,43.42,98.94,2541.089,0,22,Mac OS X,15.4,17.0.8.1,8,300,0.40,0.70
269,48.25,36.59,12.52,25.75,41.56,98.95,2550.364,0,22,Mac OS X,15.4,17.0.8.1,8,300,0.40,0.70
270,48.25,36.67,12.56,28.00,45.88,99.05,2559.732,0,22,Mac OS X,15.4,17.0.8.1,8,300,0.40,0.70
271,48.25,36.47,12.56,25.75,44.44,98.88,2569.901,0,22,Mac OS X,15.4,17.0.8.1,8,300,0.40,0.70
272,48.25,38.16,12.63,23.50,45.52,99.17,2578.691,0,22,Mac OS X,15.4,17.0.8.1,8,300,0.40,0.70
273,48.25,36.96,12.55,25.75,45.97,99.04,2588.025,0,22,Mac OS X,15.4,17.0.8.1,8,300,0.40,0.70
274,48.25,37.07,12.60,28.00,42.22,99.21,2597.222,0,22,Mac OS X,15.4,17.0.8.1,8,300,0.40,0.70
275,48.25,36.78,12.61,28.00,42.46,99.03,2606.807,0,22,Mac OS X,15.4,17.0.8.1,8,300,0.40,0.70
276,48.25,37.00,12.63,25.75,43.18,98.85,2616.116,0,22,Mac OS X,15.4,17.0.8.1,8,300,0.40,0.70
277,48.25,37.62,12.55,28.00,44.39,98.93,2626.236,0,22,Mac OS X,15.4,17.0.8.1,8,300,0.40,0.70
278,48.25,36.88,12.48,28.00,41.40,98.85,2635.605,0,22,Mac OS X,15.4,17.0.8.1,8,300,0.40,0.70
279,48.25,36.33,12.42,25.75,43.38,98.96,2645.692,0,22,Mac OS X,15.4,17.0.8.1,8,300,0.40,0.70
280,48.25,36.77,12.42,25.75,41.59,98.92,2655.003,0,22,Mac OS X,15.4,17.0.8.1,8,300,0.40,0.70
281,48.25,37.50,12.44,25.75,42.46,97.97,2663.860,0,22,Mac OS X,15.4,17.0.8.1,8,300,0.40,0.70
282,48.25,38.16,12.35,25.75,42.27,98.16,2673.190,0,22,Mac OS X,15.4,17.0.8.1,8,300,0.40,0.70
283,48.25,37.44,12.45,25.75,43.70,98.17,2682.838,0,22,Mac OS X,15.4,17.0.8.1,8,300,0.40,0.70
284,48.25,36.90,12.54,25.75,42.06,98.19,2692.260,0,22,Mac OS X,15.4,17.0.8.1,8,300,0.40,0.70
285,48.25,36.96,12.56,25.75,42.12,98.24,2701.199,0,22,Mac OS X,15.4,17.0.8.1,8,300,0.40,0.70
286,48.25,36.96,12.51,25.75,44.28,98.27,2711.349,0,22,Mac OS X,15.4,17.0.8.1,8,300,0.40,0.70
287,48.25,36.47,12.49,25.75,41.63,98.36,2720.721,0,22,Mac OS X,15.4,17.0.8.1,8,300,0.40,0.70
288,48.25,35.31,12.58,23.50,41.82,98.60,2729.877,0,22,Mac OS X,15.4,17.0.8.1,8,300,0.40,0.70
289,48.25,35.42,12.57,23.50,41.20,98.73,2739.166,0,22,Mac OS X,15.4,17.0.8.1,8,300,0.40,0.70
290,48.25,35.66,12.58,25.75,43.59,98.71,2749.041,0,22,Mac OS X,15.4,17.0.8.1,8,300,0.40,0.70
291,48.25,35.55,12.51,25.75,41.87,98.70,2758.579,0,22,Mac OS X,15.4,17.0.8.1,8,300,0.40,0.70
292,48.25,37.59,12.43,25.75,42.77,98.66,2768.193,0,22,Mac OS X,15.4,17.0.8.1,8,300,0.40,0.70
293,48.25,37.71,12.42,25.75,42.15,98.71,2777.619,0,22,Mac OS X,15.4,17.0.8.1,8,300,0.40,0.70
294,48.25,37.95,12.47,23.50,45.79,98.57,2786.842,0,22,Mac OS X,15.4,17.0.8.1,8,300,0.40,0.70
295,48.25,37.73,12.47,25.75,45.17,98.62,2796.157,0,22,Mac OS X,15.4,17.0.8.1,8,300,0.40,0.70
296,48.25,36.42,12.51,25.75,41.37,98.67,2805.433,0,22,Mac OS X,15.4,17.0.8.1,8,300,0.40,0.70
297,48.25,36.00,12.48,25.75,46.11,98.73,2814.911,0,22,Mac OS X,15.4,17.0.8.1,8,300,0.40,0.70
298,48.25,36.39,12.61,25.75,43.20,98.75,2824.411,0,22,Mac OS X,15.4,17.0.8.1,8,300,0.40,0.70
299,48.25,36.95,12.59,25.75,44.05,98.76,2834.043,0,22,Mac OS X,15.4,17.0.8.1,8,300,0.40,0.70
300,48.25,36.21,12.64,25.75,41.91,98.82,2843.373,0,22,Mac OS X,15.4,17.0.8.1,8,300,0.40,0.70
301,48.25,36.00,12.58,25.75,61.08,97.98,2852.401,0,22,Mac OS X,15.4,17.0.8.1,8,300,0.40,0.70
302,48.25,35.66,12.56,25.75,61.88,98.51,2862.304,0,22,Mac OS X,15.4,17.0.8.1,8,300,0.40,0.70
303,48.25,34.88,12.56,25.75,44.05,98.88,2872.319,0,22,Mac OS X,15.4,17.0.8.1,8,300,0.40,0.70
304,48.25,35.29,12.52,25.75,42.95,99.24,2881.316,0,22,Mac OS X,15.4,17.0.8.1,8,300,0.40,0.70
305,48.25,35.76,12.59,28.00,40.96,98.92,2890.597,0,22,Mac OS X,15.4,17.0.8.1,8,300,0.40,0.70
306,48.25,36.79,12.57,25.75,44.20,98.94,2899.412,0,22,Mac OS X,15.4,17.0.8.1,8,300,0.40,0.70
307,48.25,36.89,12.56,25.75,43.88,98.89,2908.527,0,22,Mac OS X,15.4,17.0.8.1,8,300,0.40,0.70
308,48.25,37.37,12.59,25.75,43.47,98.86,2917.797,0,22,Mac OS X,15.4,17.0.8.1,8,300,0.40,0.70
309,48.25,37.60,12.57,25.75,42.43,98.85,2926.858,0,22,Mac OS X,15.4,17.0.8.1,8,300,0.40,0.70
310,48.25,37.22,12.48,25.75,43.97,98.99,2936.203,0,22,Mac OS X,15.4,17.0.8.1,8,300,0.40,0.70
311,48.25,35.52,12.51,25.75,42.52,99.07,2945.338,0,22,Mac OS X,15.4,17.0.8.1,8,300,0.40,0.70
312,48.25,35.45,12.50,28.00,44.98,99.08,2954.892,0,22,Mac OS X,15.4,17.0.8.1,8,300,0.40,0.70
313,48.25,35.54,12.48,25.75,44.50,99.14,2964.227,0,22,Mac OS X,15.4,17.0.8.1,8,300,0.40,0.70
314,48.25,35.97,12.43,25.75,44.93,99.14,2973.338,0,22,Mac OS X,15.4,17.0.8.1,8,300,0.40,0.70
315,48.25,35.95,12.52,25.75,44.11,99.21,2983.411,0,22,Mac OS X,15.4,17.0.8.1,8,300,0.40,0.70
316,48.25,37.44,12.43,25.75,43.08,98.92,2992.948,0,22,Mac OS X,15.4,17.0.8.1,8,300,0.40,0.70
317,48.25,37.41,12.45,25.75,41.65,98.92,3002.387,0,22,Mac OS X,15.4,17.0.8.1,8,300,0.40,0.70
318,48.25,38.33,12.37,25.75,43.94,98.88,3011.343,0,22,Mac OS X,15.4,17.0.8.1,8,300,0.40,0.70
319,48.25,37.48,12.43,25.75,44.58,98.98,3021.101,0,22,Mac OS X,15.4,17.0.8.1,8,300,0.40,0.70
320,48.25,37.02,12.41,25.75,42.02,98.88,3030.442,0,22,Mac OS X,15.4,17.0.8.1,8,300,0.40,0.70
321,48.25,36.86,12.39,25.75,41.69,98.96,3039.306,0,22,Mac OS X,15.4,17.0.8.1,8,300,0.40,0.70
322,48.25,36.51,12.38,25.75,42.23,98.88,3048.280,0,22,Mac OS X,15.4,17.0.8.1,8,300,0.40,0.70
323,48.25,36.87,12.28,25.75,42.76,98.91,3057.685,0,22,Mac OS X,15.4,17.0.8.1,8,300,0.40,0.70
324,48.25,37.11,12.25,23.50,46.51,98.39,3066.811,0,22,Mac OS X,15.4,17.0.8.1,8,300,0.40,0.70
325,48.25,36.92,12.29,23.50,43.15,98.55,3076.794,0,22,Mac OS X,15.4,17.0.8.1,8,300,0.40,0.70
326,48.25,37.30,12.33,25.75,41.44,98.65,3085.583,0,22,Mac OS X,15.4,17.0.8.1,8,300,0.40,0.70
327,48.25,37.49,12.41,25.75,43.17,98.74,3095.698,0,22,Mac OS X,15.4,17.0.8.1,8,300,0.40,0.70
328,48.25,37.51,12.32,25.75,40.72,99.37,3104.846,0,22,Mac OS X,15.4,17.0.8.1,8,300,0.40,0.70
329,48.25,37.12,12.46,25.75,45.47,99.24,3113.471,0,22,Mac OS X,15.4,17.0.8.1,8,300,0.40,0.70
330,48.25,37.49,12.41,25.75,47.31,99.02,3123.340,0,22,Mac OS X,15.4,17.0.8.1,8,300,0.40,0.70
331,48.25,37.24,12.36,25.75,45.11,98.89,3132.555,0,22,Mac OS X,15.4,17.0.8.1,8,300,0.40,0.70
332,48.25,37.59,12.47,28.00,42.42,99.01,3141.308,0,22,Mac OS X,15.4,17.0.8.1,8,300,0.40,0.70
333,48.25,37.24,12.48,28.00,44.82,98.93,3150.101,0,22,Mac OS X,15.4,17.0.8.1,8,300,0.40,0.70
334,48.25,36.67,12.51,28.00,40.86,98.91,3159.370,0,22,Mac OS X,15.4,17.0.8.1,8,300,0.40,0.70
335,48.25,36.56,12.53,23.50,44.47,99.27,3168.983,0,22,Mac OS X,15.4,17.0.8.1,8,300,0.40,0.70
336,48.25,37.74,12.52,25.75,45.09,99.22,3177.912,0,22,Mac OS X,15.4,17.0.8.1,8,300,0.40,0.70
337,48.25,37.80,12.42,23.50,46.30,98.93,3187.428,0,22,Mac OS X,15.4,17.0.8.1,8,300,0.40,0.70
338,48.25,36.37,12.47,28.00,42.14,98.78,3196.653,0,22,Mac OS X,15.4,17.0.8.1,8,300,0.40,0.70
339,48.25,35.88,12.35,25.75,41.62,98.93,3206.055,0,22,Mac OS X,15.4,17.0.8.1,8,300,0.40,0.70
340,48.25,36.24,12.34,23.50,40.61,99.04,3215.282,0,22,Mac OS X,15.4,17.0.8.1,8,300,0.40,0.70
341,48.25,36.23,12.50,25.75,40.74,99.08,3224.476,0,22,Mac OS X,15.4,17.0.8.1,8,300,0.40,0.70
342,48.25,36.34,12.48,25.75,44.39,98.95,3233.440,0,22,Mac OS X,15.4,17.0.8.1,8,300,0.40,0.70
343,48.25,36.36,12.48,28.00,40.94,98.93,3242.709,0,22,Mac OS X,15.4,17.0.8.1,8,300,0.40,0.70
344,48.25,36.74,12.40,25.75,41.24,98.77,3252.035,0,22,Mac OS X,15.4,17.0.8.1,8,300,0.40,0.70
345,48.25,37.09,12.37,25.75,43.70,98.82,3261.147,0,22,Mac OS X,15.4,17.0.8.1,8,300,0.40,0.70
346,48.25,37.57,12.47,25.75,42.82,99.20,3270.316,0,22,Mac OS X,15.4,17.0.8.1,8,300,0.40,0.70
347,48.25,36.40,12.43,25.75,42.22,99.02,3279.242,0,22,Mac OS X,15.4,17.0.8.1,8,300,0.40,0.70
348,48.25,36.48,12.42,25.75,42.98,99.06,3288.803,0,22,Mac OS X,15.4,17.0.8.1,8,300,0.40,0.70
349,48.25,36.66,12.38,25.75,43.56,99.00,3297.889,0,22,Mac OS X,15.4,17.0.8.1,8,300,0.40,0.70
350,48.25,37.08,12.41,25.75,41.43,98.88,3307.263,0,22,Mac OS X,15.4,17.0.8.1,8,300,0.40,0.70
351,48.25,36.22,12.44,25.75,43.53,98.82,3316.892,0,22,Mac OS X,15.4,17.0.8.1,8,300,0.40,0.70
352,48.25,35.70,12.44,25.75,44.38,99.09,3326.186,0,22,Mac OS X,15.4,17.0.8.1,8,300,0.40,0.70
353,48.25,36.28,12.37,25.75,49.79,99.20,3335.918,0,22,Mac OS X,15.4,17.0.8.1,8,300,0.40,0.70
354,48.25,36.19,12.30,25.75,51.42,97.90,3344.468,0,22,Mac OS X,15.4,17.0.8.1,8,300,0.40,0.70
355,48.25,36.27,12.34,25.75,42.64,98.26,3353.817,0,22,Mac OS X,15.4,17.0.8.1,8,300,0.40,0.70
356,48.25,36.28,12.38,23.50,47.21,97.54,3363.179,0,22,Mac OS X,15.4,17.0.8.1,8,300,0.40,0.70
357,48.25,37.02,12.38,25.75,40.91,98.06,3372.222,0,22,Mac OS X,15.4,17.0.8.1,8,300,0.40,0.70
358,48.25,37.08,12.38,25.75,48.55,97.75,3381.636,0,22,Mac OS X,15.4,17.0.8.1,8,300,0.40,0.70
359,48.25,37.02,12.34,25.75,42.00,97.36,3390.990,0,22,Mac OS X,15.4,17.0.8.1,8,300,0.40,0.70
360,48.25,36.71,12.25,25.75,44.39,97.50,3400.350,0,22,Mac OS X,15.4,17.0.8.1,8,300,0.40,0.70
361,48.25,36.55,12.28,25.75,44.53,97.32,3409.259,0,22,Mac OS X,15.4,17.0.8.1,8,300,0.40,0.70
362,48.25,37.02,12.26,23.50,41.68,97.23,3418.464,0,22,Mac OS X,15.4,17.0.8.1,8,300,0.40,0.70
363,48.25,36.84,12.25,28.00,53.50,98.81,3427.729,0,22,Mac OS X,15.4,17.0.8.1,8,300,0.40,0.70
364,48.25,37.48,12.26,23.50,49.32,98.62,3436.326,0,22,Mac OS X,15.4,17.0.8.1,8,300,0.40,0.70
365,48.25,37.86,12.23,25.75,52.31,98.77,3445.715,0,22,Mac OS X,15.4,17.0.8.1,8,300,0.40,0.70
366,48.25,37.92,12.30,25.75,44.24,98.19,3454.795,0,22,Mac OS X,15.4,17.0.8.1,8,300,0.40,0.70
367,48.25,37.69,12.34,23.50,43.15,98.16,3463.865,0,22,Mac OS X,15.4,17.0.8.1,8,300,0.40,0.70
368,48.25,36.81,12.33,25.75,43.36,98.51,3473.000,0,22,Mac OS X,15.4,17.0.8.1,8,300,0.40,0.70
369,48.25,36.20,12.32,25.75,42.40,98.91,3482.078,0,22,Mac OS X,15.4,17.0.8.1,8,300,0.40,0.70
370,48.25,36.51,12.22,28.00,43.97,99.03,3491.403,0,22,Mac OS X,15.4,17.0.8.1,8,300,0.40,0.70
371,48.25,35.71,12.29,25.75,44.09,99.19,3500.768,0,22,Mac OS X,15.4,17.0.8.1,8,300,0.40,0.70
372,48.25,36.09,12.29,23.50,45.07,98.94,3509.892,0,22,Mac OS X,15.4,17.0.8.1,8,300,0.40,0.70
373,48.25,36.04,12.38,23.50,43.27,98.98,3519.045,0,22,Mac OS X,15.4,17.0.8.1,8,300,0.40,0.70
374,48.25,36.22,12.37,25.75,46.21,98.88,3528.780,0,22,Mac OS X,15.4,17.0.8.1,8,300,0.40,0.70
375,48.25,36.77,12.40,28.00,43.72,98.67,3538.344,0,22,Mac OS X,15.4,17.0.8.1,8,300,0.40,0.70
376,48.25,37.17,12.38,25.75,41.76,98.83,3547.118,0,22,Mac OS X,15.4,17.0.8.1,8,300,0.40,0.70
377,48.25,37.07,12.38,25.75,43.52,99.15,3556.705,0,22,Mac OS X,15.4,17.0.8.1,8,300,0.40,0.70
378,48.25,36.69,12.44,25.75,42.07,99.13,3565.798,0,22,Mac OS X,15.4,17.0.8.1,8,300,0.40,0.70
379,48.25,36.85,12.44,28.00,43.05,98.88,3574.252,0,22,Mac OS X,15.4,17.0.8.1,8,300,0.40,0.70
380,48.25,35.88,12.46,28.00,44.86,99.01,3583.738,0,22,Mac OS X,15.4,17.0.8.1,8,300,0.40,0.70
381,48.25,36.06,12.45,25.75,44.83,98.68,3592.540,0,22,Mac OS X,15.4,17.0.8.1,8,300,0.40,0.70
382,48.25,35.54,12.45,25.75,46.70,98.88,3602.554,0,22,Mac OS X,15.4,17.0.8.1,8,300,0.40,0.70
383,48.25,35.82,12.40,25.75,42.36,98.88,3611.802,0,22,Mac OS X,15.4,17.0.8.1,8,300,0.40,0.70
384,48.25,36.95,12.23,14.50,49.95,97.44,3621.023,0,22,Mac OS X,15.4,17.0.8.1,8,300,0.40,0.70
385,48.25,37.13,12.22,25.75,42.98,98.86,3630.349,0,22,Mac OS X,15.4,17.0.8.1,8,300,0.40,0.70
386,48.25,36.81,12.26,23.50,43.58,98.84,3638.984,0,22,Mac OS X,15.4,17.0.8.1,8,300,0.40,0.70
387,48.25,37.03,12.20,23.50,47.56,98.95,3648.330,0,22,Mac OS X,15.4,17.0.8.1,8,300,0.40,0.70
388,48.25,36.60,12.25,25.75,50.85,98.77,3658.202,0,22,Mac OS X,15.4,17.0.8.1,8,300,0.40,0.70
389,48.25,37.35,12.24,25.75,46.76,99.05,3667.075,0,22,Mac OS X,15.4,17.0.8.1,8,300,0.40,0.70
390,48.25,37.63,12.16,25.75,47.38,99.15,3676.275,0,22,Mac OS X,15.4,17.0.8.1,8,300,0.40,0.70
391,48.25,36.94,12.14,25.75,42.96,99.17,3685.390,0,22,Mac OS X,15.4,17.0.8.1,8,300,0.40,0.70
392,48.25,36.73,12.15,25.75,50.62,99.14,3694.479,0,22,Mac OS X,15.4,17.0.8.1,8,300,0.40,0.70
393,48.25,35.67,12.20,25.75,43.20,99.16,3703.767,0,22,Mac OS X,15.4,17.0.8.1,8,300,0.40,0.70
394,48.25,36.05,12.10,25.75,42.27,98.99,3713.064,0,22,Mac OS X,15.4,17.0.8.1,8,300,0.40,0.70
395,48.25,37.03,12.03,25.75,41.87,98.92,3722.578,0,22,Mac OS X,15.4,17.0.8.1,8,300,0.40,0.70
396,48.25,36.59,12.00,25.75,50.35,98.24,3732.697,0,22,Mac OS X,15.4,17.0.8.1,8,300,0.40,0.70
397,48.25,37.36,12.08,25.75,44.47,99.32,3742.226,0,22,Mac OS X,15.4,17.0.8.1,8,300,0.40,0.70
398,48.25,36.66,12.16,23.50,43.04,99.21,3751.459,0,22,Mac OS X,15.4,17.0.8.1,8,300,0.40,0.70
399,48.25,36.03,12.23,25.75,43.38,98.86,3760.911,0,22,Mac OS X,15.4,17.0.8.1,8,300,0.40,0.70
400,48.25,35.98,12.23,25.75,41.88,98.95,3769.965,0,22,Mac OS X,15.4,17.0.8.1,8,300,0.40,0.70
401,48.25,35.41,12.29,25.75,44.37,98.63,3779.967,0,22,Mac OS X,15.4,17.0.8.1,8,300,0.40,0.70
402,48.25,35.60,12.30,28.00,42.74,98.68,3788.856,0,22,Mac OS X,15.4,17.0.8.1,8,300,0.40,0.70
403,48.25,36.13,12.25,25.75,42.42,98.78,3798.263,0,22,Mac OS X,15.4,17.0.8.1,8,300,0.40,0.70
404,48.25,35.49,12.32,28.00,43.57,98.93,3807.605,0,22,Mac OS X,15.4,17.0.8.1,8,300,0.40,0.70
405,48.25,35.98,12.34,25.75,42.65,98.86,3817.024,0,22,Mac OS X,15.4,17.0.8.1,8,300,0.40,0.70
406,48.25,36.11,12.32,25.75,41.68,98.75,3826.444,0,22,Mac OS X,15.4,17.0.8.1,8,300,0.40,0.70
407,48.25,36.42,12.46,28.00,43.35,98.85,3835.708,0,22,Mac OS X,15.4,17.0.8.1,8,300,0.40,0.70
408,48.25,36.42,12.45,25.75,42.48,98.86,3844.095,0,22,Mac OS X,15.4,17.0.8.1,8,300,0.40,0.70
409,48.25,36.21,12.52,25.75,44.13,98.72,3854.298,0,22,Mac OS X,15.4,17.0.8.1,8,300,0.40,0.70
410,48.25,35.89,12.57,25.75,40.87,98.87,3863.478,0,22,Mac OS X,15.4,17.0.8.1,8,300,0.40,0.70
411,48.25,35.41,12.48,25.75,41.86,98.90,3872.718,0,22,Mac OS X,15.4,17.0.8.1,8,300,0.40,0.70
412,48.25,35.70,12.39,25.75,44.23,98.89,3882.777,0,22,Mac OS X,15.4,17.0.8.1,8,300,0.40,0.70
413,48.25,35.43,12.39,25.75,40.88,98.88,3892.180,0,22,Mac OS X,15.4,17.0.8.1,8,300,0.40,0.70
414,48.25,36.55,12.41,25.75,42.95,99.18,3901.174,0,22,Mac OS X,15.4,17.0.8.1,8,300,0.40,0.70
415,48.25,37.09,12.39,25.75,44.05,98.84,3910.358,0,22,Mac OS X,15.4,17.0.8.1,8,300,0.40,0.70
416,48.25,37.17,12.34,25.75,44.83,98.76,3919.359,0,22,Mac OS X,15.4,17.0.8.1,8,300,0.40,0.70
417,48.25,36.82,12.38,25.75,42.17,98.87,3928.542,0,22,Mac OS X,15.4,17.0.8.1,8,300,0.40,0.70
418,48.25,36.75,12.44,25.75,42.18,98.91,3937.699,0,22,Mac OS X,15.4,17.0.8.1,8,300,0.40,0.70
419,48.25,36.46,12.46,23.50,54.27,97.74,3946.751,0,22,Mac OS X,15.4,17.0.8.1,8,300,0.40,0.70
420,48.25,36.98,12.50,23.50,44.51,98.60,3955.868,0,22,Mac OS X,15.4,17.0.8.1,8,300,0.40,0.70
421,48.25,37.35,12.46,23.50,44.71,98.72,3964.878,0,22,Mac OS X,15.4,17.0.8.1,8,300,0.40,0.70
422,48.25,36.09,12.48,25.75,46.48,99.06,3974.590,0,22,Mac OS X,15.4,17.0.8.1,8,300,0.40,0.70
423,48.25,35.64,12.49,25.75,44.66,98.91,3984.264,0,22,Mac OS X,15.4,17.0.8.1,8,300,0.40,0.70
424,48.25,36.56,12.49,25.75,42.88,98.79,3993.730,0,22,Mac OS X,15.4,17.0.8.1,8,300,0.40,0.70
425,48.25,36.05,12.49,25.75,44.36,98.92,4003.005,0,22,Mac OS X,15.4,17.0.8.1,8,300,0.40,0.70
426,48.25,35.88,12.53,25.75,43.81,98.52,4012.300,0,22,Mac OS X,15.4,17.0.8.1,8,300,0.40,0.70
427,48.25,36.02,12.50,23.50,44.85,98.93,4021.434,0,22,Mac OS X,15.4,17.0.8.1,8,300,0.40,0.70
428,48.25,36.31,12.51,25.75,43.69,98.57,4030.933,0,22,Mac OS X,15.4,17.0.8.1,8,300,0.40,0.70
429,48.25,36.42,12.55,25.75,47.39,98.76,4040.361,0,22,Mac OS X,15.4,17.0.8.1,8,300,0.40,0.70
430,48.25,35.83,12.56,25.75,41.71,99.26,4049.544,0,22,Mac OS X,15.4,17.0.8.1,8,300,0.40,0.70
431,48.25,36.10,12.48,25.75,42.79,98.88,4058.924,0,22,Mac OS X,15.4,17.0.8.1,8,300,0.40,0.70
432,48.25,35.67,12.52,25.75,43.41,98.75,4068.364,0,22,Mac OS X,15.4,17.0.8.1,8,300,0.40,0.70
433,48.25,36.24,12.43,25.75,41.08,98.92,4077.474,0,22,Mac OS X,15.4,17.0.8.1,8,300,0.40,0.70
434,48.25,36.51,12.39,25.75,43.78,98.92,4086.273,0,22,Mac OS X,15.4,17.0.8.1,8,300,0.40,0.70
435,48.25,36.72,12.42,25.75,45.41,98.83,4095.566,0,22,Mac OS X,15.4,17.0.8.1,8,300,0.40,0.70
436,48.25,35.73,12.43,25.75,44.17,99.03,4105.160,0,22,Mac OS X,15.4,17.0.8.1,8,300,0.40,0.70
437,48.25,36.29,12.40,25.75,41.67,98.70,4113.819,0,22,Mac OS X,15.4,17.0.8.1,8,300,0.40,0.70
438,48.25,36.75,12.39,25.75,43.02,98.96,4123.356,0,22,Mac OS X,15.4,17.0.8.1,8,300,0.40,0.70
439,48.25,37.72,12.30,28.00,42.40,98.94,4132.287,0,22,Mac OS X,15.4,17.0.8.1,8,300,0.40,0.70
440,48.25,37.14,12.32,25.75,41.34,98.89,4141.455,0,22,Mac OS X,15.4,17.0.8.1,8,300,0.40,0.70
441,48.25,36.16,12.37,25.75,44.99,98.92,4150.723,0,22,Mac OS X,15.4,17.0.8.1,8,300,0.40,0.70
442,48.25,35.91,12.38,28.00,44.70,98.88,4160.372,0,22,Mac OS X,15.4,17.0.8.1,8,300,0.40,0.70
443,48.25,35.27,12.40,25.75,44.22,98.97,4170.156,0,22,Mac OS X,15.4,17.0.8.1,8,300,0.40,0.70
444,48.25,35.93,12.37,25.75,43.53,98.93,4179.954,0,22,Mac OS X,15.4,17.0.8.1,8,300,0.40,0.70
445,48.25,35.97,12.28,25.75,42.78,98.79,4188.533,0,22,Mac OS X,15.4,17.0.8.1,8,300,0.40,0.70
446,48.25,35.98,12.31,23.50,43.30,99.09,4197.936,0,22,Mac OS X,15.4,17.0.8.1,8,300,0.40,0.70
447,48.25,36.06,12.36,25.75,43.97,99.01,4207.246,0,22,Mac OS X,15.4,17.0.8.1,8,300,0.40,0.70
448,48.25,36.49,12.43,25.75,41.98,98.71,4216.503,0,22,Mac OS X,15.4,17.0.8.1,8,300,0.40,0.70
449,48.25,37.00,12.44,25.75,46.85,98.97,4225.782,0,22,Mac OS X,15.4,17.0.8.1,8,300,0.40,0.70
450,48.25,36.41,12.49,23.50,42.61,99.01,4234.983,0,22,Mac OS X,15.4,17.0.8.1,8,300,0.40,0.70
451,48.25,35.85,12.56,25.75,47.56,98.88,4244.297,0,22,Mac OS X,15.4,17.0.8.1,8,300,0.40,0.70
452,48.25,34.59,12.50,25.75,43.83,98.63,4253.555,0,22,Mac OS X,15.4,17.0.8.1,8,300,0.40,0.70
453,48.25,35.69,12.43,25.75,45.39,98.94,4263.261,0,22,Mac OS X,15.4,17.0.8.1,8,300,0.40,0.70
454,48.25,35.74,12.44,25.75,43.92,98.83,4272.474,0,22,Mac OS X,15.4,17.0.8.1,8,300,0.40,0.70
455,48.25,35.32,12.44,25.75,42.66,98.81,4281.813,0,22,Mac OS X,15.4,17.0.8.1,8,300,0.40,0.70
456,48.25,36.21,12.50,25.75,45.19,98.69,4290.464,0,22,Mac OS X,15.4,17.0.8.1,8,300,0.40,0.70
457,48.25,36.78,12.56,25.75,43.75,98.79,4300.060,0,22,Mac OS X,15.4,17.0.8.1,8,300,0.40,0.70
458,48.25,37.34,12.65,25.75,42.77,98.75,4309.501,0,22,Mac OS X,15.4,17.0.8.1,8,300,0.40,0.70
459,48.25,37.02,12.68,25.75,45.79,98.89,4318.770,0,22,Mac OS X,15.4,17.0.8.1,8,300,0.40,0.70
460,48.25,37.05,12.59,25.75,43.12,98.86,4327.603,0,22,Mac OS X,15.4,17.0.8.1,8,300,0.40,0.70
461,48.25,36.29,12.60,25.75,42.37,98.95,4337.095,0,22,Mac OS X,15.4,17.0.8.1,8,300,0.40,0.70
462,48.25,36.89,12.53,25.75,43.69,98.86,4346.310,0,22,Mac OS X,15.4,17.0.8.1,8,300,0.40,0.70
463,48.25,37.02,12.56,25.75,41.95,98.67,4355.361,0,22,Mac OS X,15.4,17.0.8.1,8,300,0.40,0.70
464,48.25,36.76,12.55,25.75,44.98,98.80,4364.482,0,22,Mac OS X,15.4,17.0.8.1,8,300,0.40,0.70
465,48.25,36.42,12.53,25.75,42.79,98.85,4373.698,0,22,Mac OS X,15.4,17.0.8.1,8,300,0.40,0.70
466,48.25,36.39,12.52,25.75,42.68,99.26,4383.183,0,22,Mac OS X,15.4,17.0.8.1,8,300,0.40,0.70
467,48.25,37.21,12.51,25.75,43.87,98.92,4391.854,0,22,Mac OS X,15.4,17.0.8.1,8,300,0.40,0.70
468,48.25,37.46,12.52,25.75,44.18,98.89,4401.435,0,22,Mac OS X,15.4,17.0.8.1,8,300,0.40,0.70
469,48.25,37.31,12.57,25.75,42.79,99.12,4410.569,0,22,Mac OS X,15.4,17.0.8.1,8,300,0.40,0.70
470,48.25,36.87,12.50,25.75,44.04,98.74,4420.218,0,22,Mac OS X,15.4,17.0.8.1,8,300,0.40,0.70
471,48.25,36.51,12.56,25.75,41.45,98.96,4429.438,0,22,Mac OS X,15.4,17.0.8.1,8,300,0.40,0.70
472,48.25,35.75,12.64,25.75,44.96,98.93,4439.164,0,22,Mac OS X,15.4,17.0.8.1,8,300,0.40,0.70
473,48.25,35.55,12.58,25.75,42.02,98.94,4448.522,0,22,Mac OS X,15.4,17.0.8.1,8,300,0.40,0.70
474,48.25,36.24,12.55,25.75,44.07,98.94,4458.633,0,22,Mac OS X,15.4,17.0.8.1,8,300,0.40,0.70
475,48.25,36.05,12.50,28.00,44.26,98.84,4468.573,0,22,Mac OS X,15.4,17.0.8.1,8,300,0.40,0.70
476,48.25,36.76,12.52,25.75,42.88,98.89,4478.133,0,22,Mac OS X,15.4,17.0.8.1,8,300,0.40,0.70
477,48.25,36.68,12.58,28.00,41.85,98.95,4487.579,0,22,Mac OS X,15.4,17.0.8.1,8,300,0.40,0.70
478,48.25,36.59,12.54,23.50,42.73,98.84,4496.475,0,22,Mac OS X,15.4,17.0.8.1,8,300,0.40,0.70
479,48.25,36.85,12.48,23.50,42.80,98.90,4505.457,0,22,Mac OS X,15.4,17.0.8.1,8,300,0.40,0.70
480,48.25,37.28,12.55,28.00,42.46,98.91,4514.284,0,22,Mac OS X,15.4,17.0.8.1,8,300,0.40,0.70
481,48.25,36.71,12.53,28.00,41.62,98.86,4523.523,0,22,Mac OS X,15.4,17.0.8.1,8,300,0.40,0.70
482,48.25,37.50,12.65,25.75,41.67,98.88,4532.787,0,22,Mac OS X,15.4,17.0.8.1,8,300,0.40,0.70
483,48.25,37.20,12.66,23.50,42.98,98.89,4541.919,0,22,Mac OS X,15.4,17.0.8.1,8,300,0.40,0.70
484,48.25,36.78,12.71,25.75,42.67,98.67,4550.859,0,22,Mac OS X,15.4,17.0.8.1,8,300,0.40,0.70
485,48.25,36.22,12.68,25.75,45.44,98.87,4560.886,0,22,Mac OS X,15.4,17.0.8.1,8,300,0.40,0.70
486,48.25,36.38,12.62,25.75,42.32,99.13,4570.227,0,22,Mac OS X,15.4,17.0.8.1,8,300,0.40,0.70
487,48.25,35.93,12.60,25.75,45.76,98.40,4579.629,0,22,Mac OS X,15.4,17.0.8.1,8,300,0.40,0.70
488,48.25,35.13,12.67,25.75,43.62,99.20,4589.473,0,22,Mac OS X,15.4,17.0.8.1,8,300,0.40,0.70
489,48.25,35.75,12.65,25.75,44.18,98.43,4598.524,0,22,Mac OS X,15.4,17.0.8.1,8,300,0.40,0.70
490,48.25,36.57,12.65,0.00,43.16,99.26,4607.833,0,22,Mac OS X,15.4,17.0.8.1,8,300,0.40,0.70
491,48.25,36.63,12.61,28.00,43.50,98.81,4616.576,0,22,Mac OS X,15.4,17.0.8.1,8,300,0.40,0.70
492,48.25,36.73,12.58,25.75,42.89,98.84,4625.537,0,22,Mac OS X,15.4,17.0.8.1,8,300,0.40,0.70
493,48.25,35.40,12.61,25.75,45.53,98.56,4634.917,0,22,Mac OS X,15.4,17.0.8.1,8,300,0.40,0.70
494,48.25,35.13,12.58,25.75,44.80,98.83,4645.030,0,22,Mac OS X,15.4,17.0.8.1,8,300,0.40,0.70
495,48.25,36.75,12.46,25.75,43.18,99.01,4653.378,0,22,Mac OS X,15.4,17.0.8.1,8,300,0.40,0.70
496,48.25,36.72,12.39,28.00,41.01,99.07,4662.608,0,22,Mac OS X,15.4,17.0.8.1,8,300,0.40,0.70
497,48.25,35.90,12.47,25.75,44.93,98.31,4671.718,0,22,Mac OS X,15.4,17.0.8.1,8,300,0.40,0.70
498,48.25,35.91,12.49,23.50,42.24,98.85,4680.972,0,22,Mac OS X,15.4,17.0.8.1,8,300,0.40,0.70
499,48.25,36.87,12.49,23.50,41.79,98.88,4689.671,0,22,Mac OS X,15.4,17.0.8.1,8,300,0.40,0.70
500,48.25,36.49,12.54,23.50,43.87,98.72,4699.345,0,22,Mac OS X,15.4,17.0.8.1,8,300,0.40,0.70
501,48.25,36.26,12.48,25.75,42.10,98.91,4708.231,0,22,Mac OS X,15.4,17.0.8.1,8,300,0.40,0.70
502,48.25,36.01,12.51,25.75,43.32,98.83,4717.669,0,22,Mac OS X,15.4,17.0.8.1,8,300,0.40,0.70
503,48.25,35.81,12.48,28.00,44.01,98.86,4727.533,0,22,Mac OS X,15.4,17.0.8.1,8,300,0.40,0.70
504,48.25,35.98,12.49,25.75,43.80,98.88,4737.637,0,22,Mac OS X,15.4,17.0.8.1,8,300,0.40,0.70
505,48.25,36.52,12.47,28.00,42.78,98.90,4746.256,0,22,Mac OS X,15.4,17.0.8.1,8,300,0.40,0.70
506,48.25,36.10,12.48,25.75,41.81,99.04,4755.472,0,22,Mac OS X,15.4,17.0.8.1,8,300,0.40,0.70
507,48.25,35.55,12.45,23.50,42.12,98.99,4764.799,0,22,Mac OS X,15.4,17.0.8.1,8,300,0.40,0.70
508,48.25,35.91,12.47,25.75,42.35,98.81,4774.228,0,22,Mac OS X,15.4,17.0.8.1,8,300,0.40,0.70
509,48.25,35.90,12.45,25.75,41.94,99.05,4783.524,0,22,Mac OS X,15.4,17.0.8.1,8,300,0.40,0.70
510,48.25,35.86,12.37,23.50,49.32,98.89,4793.141,0,22,Mac OS X,15.4,17.0.8.1,8,300,0.40,0.70
511,48.25,36.30,12.44,25.75,43.49,98.52,4802.382,0,22,Mac OS X,15.4,17.0.8.1,8,300,0.40,0.70
512,48.25,36.91,12.32,25.75,44.38,98.82,4812.308,0,22,Mac OS X,15.4,17.0.8.1,8,300,0.40,0.70
513,48.25,36.20,12.43,25.75,43.48,99.15,4821.650,0,22,Mac OS X,15.4,17.0.8.1,8,300,0.40,0.70
514,48.25,36.93,12.42,25.75,42.95,98.87,4830.919,0,22,Mac OS X,15.4,17.0.8.1,8,300,0.40,0.70
515,48.25,37.14,12.45,25.75,41.98,98.87,4839.675,0,22,Mac OS X,15.4,17.0.8.1,8,300,0.40,0.70
516,48.25,37.68,12.42,25.75,41.93,98.96,4848.497,0,22,Mac OS X,15.4,17.0.8.1,8,300,0.40,0.70
517,48.25,36.60,12.49,25.75,45.28,99.22,4858.500,0,22,Mac OS X,15.4,17.0.8.1,8,300,0.40,0.70
518,48.25,36.33,12.42,25.75,41.87,99.04,4867.861,0,22,Mac OS X,15.4,17.0.8.1,8,300,0.40,0.70
519,48.25,37.16,12.44,25.75,46.55,99.19,4877.035,0,22,Mac OS X,15.4,17.0.8.1,8,300,0.40,0.70
520,48.25,36.56,12.45,25.75,44.78,98.99,4886.601,0,22,Mac OS X,15.4,17.0.8.1,8,300,0.40,0.70
521,48.25,35.97,12.39,25.75,43.20,98.86,4895.159,0,22,Mac OS X,15.4,17.0.8.1,8,300,0.40,0.70
522,48.25,34.97,12.41,25.75,41.08,98.88,4904.360,0,22,Mac OS X,15.4,17.0.8.1,8,300,0.40,0.70
523,48.25,35.70,12.41,25.75,48.53,99.06,4913.607,0,22,Mac OS X,15.4,17.0.8.1,8,300,0.40,0.70
524,48.25,36.01,12.46,23.50,42.43,98.63,4922.160,0,22,Mac OS X,15.4,17.0.8.1,8,300,0.40,0.70
525,48.25,37.21,12.42,23.50,47.97,98.55,4931.518,0,22,Mac OS X,15.4,17.0.8.1,8,300,0.40,0.70
526,48.25,36.85,12.42,25.75,42.89,98.36,4940.516,0,22,Mac OS X,15.4,17.0.8.1,8,300,0.40,0.70
527,48.25,36.98,12.44,23.50,43.30,98.72,4948.898,0,22,Mac OS X,15.4,17.0.8.1,8,300,0.40,0.70
528,48.25,35.91,12.51,25.75,43.87,98.55,4957.982,0,22,Mac OS X,15.4,17.0.8.1,8,300,0.40,0.70
529,48.25,35.65,12.59,25.75,44.20,98.56,4967.606,0,22,Mac OS X,15.4,17.0.8.1,8,300,0.40,0.70
530,48.25,35.62,12.60,25.75,41.81,98.70,4976.311,0,22,Mac OS X,15.4,17.0.8.1,8,300,0.40,0.70
531,48.25,36.13,12.63,25.75,45.06,99.02,4986.070,0,22,Mac OS X,15.4,17.0.8.1,8,300,0.40,0.70
532,48.25,36.36,12.57,25.75,44.28,98.91,4995.705,0,22,Mac OS X,15.4,17.0.8.1,8,300,0.40,0.70
533,48.25,36.02,12.61,28.00,43.11,98.93,5005.261,0,22,Mac OS X,15.4,17.0.8.1,8,300,0.40,0.70
534,48.25,36.21,12.58,25.75,45.38,98.96,5014.636,0,22,Mac OS X,15.4,17.0.8.1,8,300,0.40,0.70
535,48.25,36.30,12.62,25.75,43.83,98.94,5024.693,0,22,Mac OS X,15.4,17.0.8.1,8,300,0.40,0.70
536,48.25,36.30,12.64,23.50,42.04,98.75,5033.751,0,22,Mac OS X,15.4,17.0.8.1,8,300,0.40,0.70
537,48.25,35.96,12.71,23.50,46.84,99.22,5043.177,0,22,Mac OS X,15.4,17.0.8.1,8,300,0.40,0.70
538,48.25,35.88,12.64,25.75,40.66,98.89,5052.313,0,22,Mac OS X,15.4,17.0.8.1,8,300,0.40,0.70
539,48.25,36.72,12.71,25.75,42.91,99.10,5061.184,0,22,Mac OS X,15.4,17.0.8.1,8,300,0.40,0.70
540,48.25,36.81,12.73,25.75,45.65,98.85,5070.798,0,22,Mac OS X,15.4,17.0.8.1,8,300,0.40,0.70
541,48.25,36.95,12.69,23.50,46.32,97.37,5080.421,0,22,Mac OS X,15.4,17.0.8.1,8,300,0.40,0.70
542,48.25,36.75,12.69,28.00,41.74,97.86,5089.696,0,22,Mac OS X,15.4,17.0.8.1,8,300,0.40,0.70
543,48.25,37.25,12.64,25.75,42.00,98.11,5099.077,0,22,Mac OS X,15.4,17.0.8.1,8,300,0.40,0.70
544,48.25,37.48,12.60,25.75,41.98,98.37,5107.944,0,22,Mac OS X,15.4,17.0.8.1,8,300,0.40,0.70
545,48.25,35.93,12.65,25.75,42.31,98.44,5117.364,0,22,Mac OS X,15.4,17.0.8.1,8,300,0.40,0.70
546,48.25,35.56,12.60,25.75,45.56,99.19,5127.145,0,22,Mac OS X,15.4,17.0.8.1,8,300,0.40,0.70
547,48.25,36.34,12.54,25.75,41.28,98.94,5136.418,0,22,Mac OS X,15.4,17.0.8.1,8,300,0.40,0.70
548,48.25,36.65,12.51,25.75,45.03,98.66,5146.203,0,22,Mac OS X,15.4,17.0.8.1,8,300,0.40,0.70
549,48.25,37.01,12.52,25.75,44.08,98.70,5156.214,0,22,Mac OS X,15.4,17.0.8.1,8,300,0.40,0.70
550,48.25,37.01,12.52,25.75,41.31,98.76,5164.984,0,22,Mac OS X,15.4,17.0.8.1,8,300,0.40,0.70
551,48.25,37.93,12.59,25.75,41.30,99.07,5174.247,0,22,Mac OS X,15.4,17.0.8.1,8,300,0.40,0.70
552,48.25,36.12,12.57,25.75,45.01,99.18,5183.464,0,22,Mac OS X,15.4,17.0.8.1,8,300,0.40,0.70
553,48.25,36.39,12.64,23.50,42.80,98.91,5192.468,0,22,Mac OS X,15.4,17.0.8.1,8,300,0.40,0.70
554,48.25,35.70,12.66,25.75,41.50,98.92,5201.634,0,22,Mac OS X,15.4,17.0.8.1,8,300,0.40,0.70
555,48.25,36.29,12.66,25.75,42.53,98.87,5210.691,0,22,Mac OS X,15.4,17.0.8.1,8,300,0.40,0.70
556,48.25,37.29,12.59,23.50,42.66,98.97,5219.951,0,22,Mac OS X,15.4,17.0.8.1,8,300,0.40,0.70
557,48.25,37.29,12.58,25.75,44.11,98.85,5228.979,0,22,Mac OS X,15.4,17.0.8.1,8,300,0.40,0.70
558,48.25,37.38,12.57,12.25,42.16,98.92,5238.260,0,22,Mac OS X,15.4,17.0.8.1,8,300,0.40,0.70
559,48.25,37.95,12.51,12.25,50.68,98.87,5248.355,0,22,Mac OS X,15.4,17.0.8.1,8,300,0.40,0.70
560,48.25,37.76,12.54,28.00,45.39,99.15,5257.291,0,22,Mac OS X,15.4,17.0.8.1,8,300,0.40,0.70
561,48.25,37.35,12.57,28.00,44.80,98.75,5267.359,0,22,Mac OS X,15.4,17.0.8.1,8,300,0.40,0.70
562,48.25,36.89,12.57,25.75,42.82,98.91,5276.082,0,22,Mac OS X,15.4,17.0.8.1,8,300,0.40,0.70
563,50.50,38.05,12.53,25.75,45.30,98.77,5285.381,0,22,Mac OS X,15.4,17.0.8.1,8,300,0.40,0.70
564,50.50,37.47,12.49,28.00,45.78,99.26,5295.355,0,22,Mac OS X,15.4,17.0.8.1,8,300,0.40,0.70
565,50.50,37.64,12.52,28.00,46.47,98.97,5304.571,0,22,Mac OS X,15.4,17.0.8.1,8,300,0.40,0.70
566,50.50,37.83,12.47,25.75,42.85,98.97,5314.114,0,22,Mac OS X,15.4,17.0.8.1,8,300,0.40,0.70
567,50.50,37.41,12.46,25.75,44.95,99.11,5324.269,0,22,Mac OS X,15.4,17.0.8.1,8,300,0.40,0.70
568,50.50,37.03,12.43,25.75,45.00,98.97,5334.386,0,22,Mac OS X,15.4,17.0.8.1,8,300,0.40,0.70
569,50.50,36.99,12.51,25.75,45.04,99.18,5343.833,0,22,Mac OS X,15.4,17.0.8.1,8,300,0.40,0.70
570,50.50,36.37,12.51,25.75,42.17,98.85,5352.344,0,22,Mac OS X,15.4,17.0.8.1,8,300,0.40,0.70
571,50.50,36.33,12.50,25.75,43.53,98.85,5361.820,0,22,Mac OS X,15.4,17.0.8.1,8,300,0.40,0.70
572,50.50,35.94,12.49,25.75,43.87,98.99,5370.991,0,22,Mac OS X,15.4,17.0.8.1,8,300,0.40,0.70
573,50.50,36.78,12.48,25.75,49.31,98.48,5380.310,0,22,Mac OS X,15.4,17.0.8.1,8,300,0.40,0.70
574,50.50,36.93,12.42,25.75,51.34,98.41,5389.849,0,22,Mac OS X,15.4,17.0.8.1,8,300,0.40,0.70
575,50.50,37.35,12.36,25.75,44.39,98.80,5399.975,0,22,Mac OS X,15.4,17.0.8.1,8,300,0.40,0.70
576,50.50,37.48,12.27,25.75,43.31,99.10,5409.568,0,22,Mac OS X,15.4,17.0.8.1,8,300,0.40,0.70
577,50.50,38.58,12.20,25.75,45.05,98.85,5419.294,0,22,Mac OS X,15.4,17.0.8.1,8,300,0.40,0.70
578,50.50,37.37,12.23,23.50,42.05,98.71,5428.527,0,22,Mac OS X,15.4,17.0.8.1,8,300,0.40,0.70
579,50.50,37.85,12.23,25.75,44.38,98.38,5438.234,0,22,Mac OS X,15.4,17.0.8.1,8,300,0.40,0.70
580,50.50,37.95,12.25,19.00,48.67,98.71,5447.358,0,22,Mac OS X,15.4,17.0.8.1,8,300,0.40,0.70
581,50.50,38.49,12.24,25.75,57.96,98.66,5455.904,0,22,Mac OS X,15.4,17.0.8.1,8,300,0.40,0.70
582,50.50,38.78,12.12,25.75,53.29,98.12,5465.062,0,22,Mac OS X,15.4,17.0.8.1,8,300,0.40,0.70
583,50.50,38.49,12.15,28.00,54.69,99.10,5474.456,0,22,Mac OS X,15.4,17.0.8.1,8,300,0.40,0.70
584,50.50,37.66,12.19,28.00,43.58,98.12,5483.491,0,22,Mac OS X,15.4,17.0.8.1,8,300,0.40,0.70
585,50.50,38.49,12.17,25.75,48.86,94.31,5492.500,0,22,Mac OS X,15.4,17.0.8.1,8,300,0.40,0.70
586,50.50,38.92,12.13,25.75,46.94,97.80,5501.254,0,22,Mac OS X,15.4,17.0.8.1,8,300,0.40,0.70
587,50.50,39.11,12.22,28.00,44.70,98.70,5510.783,0,22,Mac OS X,15.4,17.0.8.1,8,300,0.40,0.70
588,50.50,38.31,12.17,25.75,51.67,98.29,5519.737,0,22,Mac OS X,15.4,17.0.8.1,8,300,0.40,0.70
589,50.50,37.48,12.28,25.75,44.35,98.73,5529.875,0,22,Mac OS X,15.4,17.0.8.1,8,300,0.40,0.70
590,50.50,37.07,12.34,25.75,46.40,98.49,5540.097,0,22,Mac OS X,15.4,17.0.8.1,8,300,0.40,0.70
591,50.50,37.87,12.44,25.75,45.87,98.85,5549.016,0,22,Mac OS X,15.4,17.0.8.1,8,300,0.40,0.70
592,50.50,36.48,12.45,25.75,43.75,98.87,5557.331,0,22,Mac OS X,15.4,17.0.8.1,8,300,0.40,0.70
593,50.50,37.14,12.47,25.75,42.87,98.93,5566.090,0,22,Mac OS X,15.4,17.0.8.1,8,300,0.40,0.70
594,50.50,36.31,12.46,25.75,43.23,98.59,5575.740,0,22,Mac OS X,15.4,17.0.8.1,8,300,0.40,0.70
595,50.50,36.02,12.40,28.00,41.47,98.83,5585.041,0,22,Mac OS X,15.4,17.0.8.1,8,300,0.40,0.70
596,50.50,35.93,12.38,25.75,44.01,98.76,5595.258,0,22,Mac OS X,15.4,17.0.8.1,8,300,0.40,0.70
597,50.50,36.14,12.39,28.00,41.47,98.84,5604.547,0,22,Mac OS X,15.4,17.0.8.1,8,300,0.40,0.70
598,50.50,37.18,12.35,25.75,41.19,98.77,5613.815,0,22,Mac OS X,15.4,17.0.8.1,8,300,0.40,0.70
599,50.50,37.99,12.36,25.75,41.29,98.82,5623.108,0,22,Mac OS X,15.4,17.0.8.1,8,300,0.40,0.70
600,50.50,37.68,12.46,25.75,42.67,98.81,5631.701,0,22,Mac OS X,15.4,17.0.8.1,8,300,0.40,0.70
601,50.50,38.22,12.42,28.00,44.16,98.84,5641.362,0,22,Mac OS X,15.4,17.0.8.1,8,300,0.40,0.70
602,50.50,37.78,12.39,25.75,43.26,98.76,5650.005,0,22,Mac OS X,15.4,17.0.8.1,8,300,0.40,0.70
603,50.50,37.02,12.34,25.75,43.14,98.82,5659.655,0,22,Mac OS X,15.4,17.0.8.1,8,300,0.40,0.70
604,50.50,38.58,12.38,25.75,44.33,99.18,5669.130,0,22,Mac OS X,15.4,17.0.8.1,8,300,0.40,0.70
605,50.50,38.01,12.33,23.50,41.14,98.88,5678.360,0,22,Mac OS X,15.4,17.0.8.1,8,300,0.40,0.70
606,50.50,37.94,12.30,25.75,42.70,98.92,5686.960,0,22,Mac OS X,15.4,17.0.8.1,8,300,0.40,0.70
607,50.50,37.40,12.34,23.50,41.77,98.93,5696.270,0,22,Mac OS X,15.4,17.0.8.1,8,300,0.40,0.70
608,50.50,37.84,12.30,25.75,43.38,99.02,5705.697,0,22,Mac OS X,15.4,17.0.8.1,8,300,0.40,0.70
609,50.50,36.96,12.34,23.50,43.13,98.93,5715.141,0,22,Mac OS X,15.4,17.0.8.1,8,300,0.40,0.70
610,50.50,37.11,12.47,23.50,43.47,98.74,5724.790,0,22,Mac OS X,15.4,17.0.8.1,8,300,0.40,0.70
611,50.50,37.43,12.37,23.50,40.79,98.88,5734.056,0,22,Mac OS X,15.4,17.0.8.1,8,300,0.40,0.70
612,50.50,37.17,12.40,25.75,42.16,98.96,5743.570,0,22,Mac OS X,15.4,17.0.8.1,8,300,0.40,0.70
613,50.50,37.41,12.37,25.75,43.58,98.89,5753.679,0,22,Mac OS X,15.4,17.0.8.1,8,300,0.40,0.70
614,50.50,37.20,12.33,23.50,41.00,98.86,5762.883,0,22,Mac OS X,15.4,17.0.8.1,8,300,0.40,0.70
615,50.50,38.09,12.33,23.50,41.40,98.91,5772.244,0,22,Mac OS X,15.4,17.0.8.1,8,300,0.40,0.70
616,50.50,39.38,12.21,25.75,64.31,97.71,5781.025,0,22,Mac OS X,15.4,17.0.8.1,8,300,0.40,0.70
617,50.50,38.97,12.28,25.75,44.59,98.22,5791.180,0,22,Mac OS X,15.4,17.0.8.1,8,300,0.40,0.70
618,50.50,39.27,12.35,25.75,44.20,98.23,5800.719,0,22,Mac OS X,15.4,17.0.8.1,8,300,0.40,0.70
619,50.50,37.68,12.42,23.50,43.61,99.18,5809.514,0,22,Mac OS X,15.4,17.0.8.1,8,300,0.40,0.70
620,50.50,38.18,12.41,25.75,43.89,99.11,5819.095,0,22,Mac OS X,15.4,17.0.8.1,8,300,0.40,0.70
621,50.50,38.49,12.49,25.75,44.96,99.20,5827.859,0,22,Mac OS X,15.4,17.0.8.1,8,300,0.40,0.70
622,50.50,39.28,12.53,25.75,42.40,98.83,5836.575,0,22,Mac OS X,15.4,17.0.8.1,8,300,0.40,0.70
623,50.50,38.56,12.57,25.75,51.10,98.31,5845.727,0,22,Mac OS X,15.4,17.0.8.1,8,300,0.40,0.70
624,50.50,38.64,12.62,28.00,44.28,98.98,5855.026,0,22,Mac OS X,15.4,17.0.8.1,8,300,0.40,0.70
625,50.50,39.22,12.51,28.00,47.08,99.05,5864.333,0,22,Mac OS X,15.4,17.0.8.1,8,300,0.40,0.70
626,50.50,38.79,12.46,28.00,44.71,98.82,5873.948,0,22,Mac OS X,15.4,17.0.8.1,8,300,0.40,0.70
627,50.50,40.40,12.26,25.75,43.39,98.86,5883.037,0,22,Mac OS X,15.4,17.0.8.1,8,300,0.40,0.70
628,50.50,39.33,12.22,25.75,44.19,98.80,5892.580,0,22,Mac OS X,15.4,17.0.8.1,8,300,0.40,0.70
629,50.50,39.33,12.28,28.00,44.84,98.81,5901.878,0,22,Mac OS X,15.4,17.0.8.1,8,300,0.40,0.70
630,50.50,38.67,12.31,25.75,43.53,98.88,5911.947,0,22,Mac OS X,15.4,17.0.8.1,8,300,0.40,0.70
631,50.50,38.74,12.27,14.50,44.53,98.96,5921.067,0,22,Mac OS X,15.4,17.0.8.1,8,300,0.40,0.70
632,50.50,38.79,12.33,25.75,42.68,98.65,5930.537,0,22,Mac OS X,15.4,17.0.8.1,8,300,0.40,0.70
633,50.50,39.52,12.25,25.75,44.28,98.68,5939.775,0,22,Mac OS X,15.4,17.0.8.1,8,300,0.40,0.70
634,50.50,39.31,12.19,25.75,43.84,98.71,5949.983,0,22,Mac OS X,15.4,17.0.8.1,8,300,0.40,0.70
635,50.50,39.51,12.30,28.00,40.11,98.76,5959.134,0,22,Mac OS X,15.4,17.0.8.1,8,300,0.40,0.70
636,50.50,39.22,12.30,28.00,46.82,99.15,5969.353,0,22,Mac OS X,15.4,17.0.8.1,8,300,0.40,0.70
637,50.50,39.93,12.29,28.00,45.57,98.99,5979.653,0,22,Mac OS X,15.4,17.0.8.1,8,300,0.40,0.70
638,50.50,39.56,12.29,25.75,45.57,98.73,5989.085,0,22,Mac OS X,15.4,17.0.8.1,8,300,0.40,0.70
639,50.50,38.48,12.35,28.00,43.00,98.89,5999.110,0,22,Mac OS X,15.4,17.0.8.1,8,300,0.40,0.70
640,50.50,36.90,12.38,28.00,44.84,98.94,6008.366,0,22,Mac OS X,15.4,17.0.8.1,8,300,0.40,0.70
641,50.50,37.67,12.36,28.00,44.21,99.07,6017.454,0,22,Mac OS X,15.4,17.0.8.1,8,300,0.40,0.70
642,50.50,37.41,12.37,23.50,47.74,98.70,6027.003,0,22,Mac OS X,15.4,17.0.8.1,8,300,0.40,0.70
643,50.50,37.56,12.40,25.75,44.22,98.85,6036.109,0,22,Mac OS X,15.4,17.0.8.1,8,300,0.40,0.70
644,50.50,37.98,12.33,25.75,43.58,98.84,6046.156,0,22,Mac OS X,15.4,17.0.8.1,8,300,0.40,0.70
645,50.50,38.77,12.18,25.75,42.21,98.87,6054.950,0,22,Mac OS X,15.4,17.0.8.1,8,300,0.40,0.70
646,50.50,39.39,12.18,25.75,45.04,99.28,6064.274,0,22,Mac OS X,15.4,17.0.8.1,8,300,0.40,0.70
647,50.50,38.33,12.28,25.75,43.98,98.96,6074.295,0,22,Mac OS X,15.4,17.0.8.1,8,300,0.40,0.70
648,50.50,38.80,12.33,23.50,40.61,99.07,6083.490,0,22,Mac OS X,15.4,17.0.8.1,8,300,0.40,0.70
649,50.50,37.54,12.32,25.75,44.88,98.86,6093.253,0,22,Mac OS X,15.4,17.0.8.1,8,300,0.40,0.70
650,50.50,37.95,12.40,25.75,43.13,99.06,6102.578,0,22,Mac OS X,15.4,17.0.8.1,8,300,0.40,0.70
651,50.50,37.22,12.43,25.75,43.77,98.92,6112.223,0,22,Mac OS X,15.4,17.0.8.1,8,300,0.40,0.70
652,50.50,37.34,12.35,25.75,45.43,98.89,6121.775,0,22,Mac OS X,15.4,17.0.8.1,8,300,0.40,0.70
653,50.50,38.08,12.31,28.00,45.21,98.91,6131.159,0,22,Mac OS X,15.4,17.0.8.1,8,300,0.40,0.70
654,50.50,37.98,12.32,28.00,43.99,98.83,6140.638,0,22,Mac OS X,15.4,17.0.8.1,8,300,0.40,0.70
655,50.50,37.87,12.33,28.00,43.98,98.96,6150.795,0,22,Mac OS X,15.4,17.0.8.1,8,300,0.40,0.70
656,50.50,37.87,12.33,25.75,44.71,99.16,6160.559,0,22,Mac OS X,15.4,17.0.8.1,8,300,0.40,0.70
657,50.50,37.75,12.45,28.00,41.87,98.61,6169.830,0,22,Mac OS X,15.4,17.0.8.1,8,300,0.40,0.70
658,50.50,37.96,12.42,25.75,44.92,98.75,6178.820,0,22,Mac OS X,15.4,17.0.8.1,8,300,0.40,0.70
659,50.50,37.54,12.43,25.75,44.56,98.85,6187.961,0,22,Mac OS X,15.4,17.0.8.1,8,300,0.40,0.70
660,50.50,37.30,12.43,25.75,44.18,98.66,6197.561,0,22,Mac OS X,15.4,17.0.8.1,8,300,0.40,0.70
661,97.75,36.94,12.43,25.75,43.26,98.68,6207.538,0,1,Mac OS X,15.4,17.0.8.1,8,300,0.40,0.70
662,97.75,36.43,12.44,25.75,44.36,98.97,6217.231,0,1,Mac OS X,15.4,17.0.8.1,8,300,0.40,0.70
663,50.50,36.63,12.48,25.75,43.13,98.80,6226.782,0,1,Mac OS X,15.4,17.0.8.1,8,300,0.40,0.70
664,50.50,37.19,12.45,23.50,44.09,98.59,6236.132,0,1,Mac OS X,15.4,17.0.8.1,8,300,0.40,0.70
665,50.50,36.53,12.37,23.50,46.29,98.83,6245.912,0,1,Mac OS X,15.4,17.0.8.1,8,300,0.40,0.70
666,50.50,37.14,12.41,25.75,51.81,97.68,6255.647,0,1,Mac OS X,15.4,17.0.8.1,8,300,0.40,0.70
667,50.50,38.45,12.39,25.75,44.47,98.18,6264.823,0,1,Mac OS X,15.4,17.0.8.1,8,300,0.40,0.70
668,50.50,37.58,12.43,25.75,45.54,98.74,6274.335,0,1,Mac OS X,15.4,17.0.8.1,8,300,0.40,0.70
669,50.50,37.07,12.43,25.75,43.43,98.04,6283.535,0,1,Mac OS X,15.4,17.0.8.1,8,300,0.40,0.70
670,50.50,37.08,12.49,25.75,44.93,97.85,6292.807,0,1,Mac OS X,15.4,17.0.8.1,8,300,0.40,0.70
671,50.50,38.51,12.43,25.75,50.72,97.79,6301.942,0,1,Mac OS X,15.4,17.0.8.1,8,300,0.40,0.70
672,50.50,38.04,12.44,25.75,42.30,97.82,6311.261,0,1,Mac OS X,15.4,17.0.8.1,8,300,0.40,0.70
673,50.50,39.34,12.41,25.75,49.62,97.77,6320.531,0,1,Mac OS X,15.4,17.0.8.1,8,300,0.40,0.70
674,50.50,39.62,12.46,25.75,42.25,98.30,6329.384,0,1,Mac OS X,15.4,17.0.8.1,8,300,0.40,0.70
675,50.50,38.67,12.49,25.75,46.05,98.35,6338.815,0,1,Mac OS X,15.4,17.0.8.1,8,300,0.40,0.70
676,50.50,37.76,12.50,25.75,42.80,97.99,6348.049,0,1,Mac OS X,15.4,17.0.8.1,8,300,0.40,0.70
677,50.50,38.04,12.49,25.75,41.87,98.43,6356.758,0,1,Mac OS X,15.4,17.0.8.1,8,300,0.40,0.70
678,50.50,38.58,12.55,28.00,48.13,98.15,6366.035,0,1,Mac OS X,15.4,17.0.8.1,8,300,0.40,0.70
679,50.50,37.62,12.58,25.75,43.03,98.19,6375.977,0,1,Mac OS X,15.4,17.0.8.1,8,300,0.40,0.70
680,50.50,38.10,12.64,25.75,50.48,98.32,6384.769,0,1,Mac OS X,15.4,17.0.8.1,8,300,0.40,0.70
681,50.50,38.69,12.67,25.75,44.79,98.52,6393.383,0,1,Mac OS X,15.4,17.0.8.1,8,300,0.40,0.70
682,50.50,37.00,12.67,25.75,44.62,98.67,6402.937,0,1,Mac OS X,15.4,17.0.8.1,8,300,0.40,0.70
683,50.50,36.93,12.61,28.00,42.55,98.61,6412.406,0,1,Mac OS X,15.4,17.0.8.1,8,300,0.40,0.70
684,50.50,36.64,12.65,25.75,43.48,99.18,6421.484,0,1,Mac OS X,15.4,17.0.8.1,8,300,0.40,0.70
685,50.50,36.21,12.64,25.75,45.91,98.49,6430.793,0,1,Mac OS X,15.4,17.0.8.1,8,300,0.40,0.70
686,50.50,36.37,12.62,25.75,44.95,98.77,6440.022,0,1,Mac OS X,15.4,17.0.8.1,8,300,0.40,0.70
687,50.50,37.28,12.62,25.75,42.68,99.26,6448.840,0,1,Mac OS X,15.4,17.0.8.1,8,300,0.40,0.70
688,50.50,36.40,12.58,25.75,42.09,98.99,6457.729,0,1,Mac OS X,15.4,17.0.8.1,8,300,0.40,0.70
689,50.50,37.02,12.61,28.00,49.19,98.06,6467.501,0,1,Mac OS X,15.4,17.0.8.1,8,300,0.40,0.70
690,50.50,36.27,12.59,25.75,44.24,98.17,6476.309,0,1,Mac OS X,15.4,17.0.8.1,8,300,0.40,0.70
691,50.50,37.17,12.63,25.75,47.73,99.17,6485.865,0,1,Mac OS X,15.4,17.0.8.1,8,300,0.40,0.70
692,50.50,37.18,12.58,25.75,41.42,98.87,6494.852,0,1,Mac OS X,15.4,17.0.8.1,8,300,0.40,0.70
693,50.50,37.72,12.56,25.75,47.16,98.30,6503.934,0,1,Mac OS X,15.4,17.0.8.1,8,300,0.40,0.70
694,50.50,37.97,12.61,25.75,44.57,98.11,6514.049,0,1,Mac OS X,15.4,17.0.8.1,8,300,0.40,0.70
695,50.50,38.13,12.59,25.75,42.78,97.98,6522.644,0,1,Mac OS X,15.4,17.0.8.1,8,300,0.40,0.70
696,50.50,37.92,12.58,25.75,45.40,98.06,6531.968,0,1,Mac OS X,15.4,17.0.8.1,8,300,0.40,0.70
697,50.50,37.50,12.59,25.75,42.94,98.12,6541.327,0,1,Mac OS X,15.4,17.0.8.1,8,300,0.40,0.70
698,50.50,37.49,12.68,25.75,43.02,98.19,6551.126,0,1,Mac OS X,15.4,17.0.8.1,8,300,0.40,0.70
699,50.50,37.73,12.67,25.75,40.36,98.29,6560.108,0,1,Mac OS X,15.4,17.0.8.1,8,300,0.40,0.70
700,50.50,37.77,12.60,25.75,42.15,98.67,6569.481,0,1,Mac OS X,15.4,17.0.8.1,8,300,0.40,0.70
701,50.50,36.89,12.63,25.75,44.69,98.75,6578.606,0,1,Mac OS X,15.4,17.0.8.1,8,300,0.40,0.70
702,50.50,36.78,12.55,25.75,41.97,98.89,6587.324,0,1,Mac OS X,15.4,17.0.8.1,8,300,0.40,0.70
703,50.50,37.21,12.46,23.50,41.03,98.81,6596.380,0,1,Mac OS X,15.4,17.0.8.1,8,300,0.40,0.70
704,50.50,37.56,12.46,25.75,44.52,99.01,6606.073,0,1,Mac OS X,15.4,17.0.8.1,8,300,0.40,0.70
705,50.50,37.61,12.37,25.75,41.58,98.88,6615.337,0,1,Mac OS X,15.4,17.0.8.1,8,300,0.40,0.70
706,50.50,37.76,12.34,25.75,42.60,98.82,6624.682,0,1,Mac OS X,15.4,17.0.8.1,8,300,0.40,0.70
707,50.50,38.09,12.23,25.75,43.93,98.93,6634.639,0,1,Mac OS X,15.4,17.0.8.1,8,300,0.40,0.70
708,50.50,37.95,12.29,25.75,43.70,98.89,6643.765,0,1,Mac OS X,15.4,17.0.8.1,8,300,0.40,0.70
709,50.50,38.01,12.33,25.75,43.92,98.58,6653.914,0,1,Mac OS X,15.4,17.0.8.1,8,300,0.40,0.70
710,50.50,37.77,12.33,25.75,43.02,98.60,6662.972,0,1,Mac OS X,15.4,17.0.8.1,8,300,0.40,0.70
711,50.50,37.07,12.30,25.75,42.66,98.77,6672.096,0,1,Mac OS X,15.4,17.0.8.1,8,300,0.40,0.70
712,50.50,36.92,12.26,25.75,43.46,97.96,6681.254,0,1,Mac OS X,15.4,17.0.8.1,8,300,0.40,0.70
713,50.50,37.32,12.24,25.75,45.28,98.28,6690.882,0,1,Mac OS X,15.4,17.0.8.1,8,300,0.40,0.70
714,50.50,37.47,12.34,25.75,42.77,98.33,6700.642,0,1,Mac OS X,15.4,17.0.8.1,8,300,0.40,0.70
715,50.50,37.26,12.34,25.75,41.20,99.22,6709.836,0,1,Mac OS X,15.4,17.0.8.1,8,300,0.40,0.70
716,50.50,38.35,12.35,25.75,43.42,98.86,6718.344,0,1,Mac OS X,15.4,17.0.8.1,8,300,0.40,0.70
717,50.50,37.36,12.43,25.75,43.73,98.94,6727.878,0,1,Mac OS X,15.4,17.0.8.1,8,300,0.40,0.70
718,50.50,38.04,12.40,23.50,45.15,98.90,6737.166,0,1,Mac OS X,15.4,17.0.8.1,8,300,0.40,0.70
719,50.50,37.84,12.43,25.75,43.40,98.81,6746.622,0,1,Mac OS X,15.4,17.0.8.1,8,300,0.40,0.70
720,50.50,39.68,12.41,25.75,45.42,98.83,6756.228,0,1,Mac OS X,15.4,17.0.8.1,8,300,0.40,0.70
721,50.50,39.69,12.31,25.75,51.70,97.94,6764.546,0,1,Mac OS X,15.4,17.0.8.1,8,300,0.40,0.70
722,50.50,37.96,12.30,25.75,43.61,99.05,6773.907,0,1,Mac OS X,15.4,17.0.8.1,8,300,0.40,0.70
723,50.50,37.55,12.40,25.75,51.40,98.10,6783.103,0,1,Mac OS X,15.4,17.0.8.1,8,300,0.40,0.70
724,50.50,36.72,12.52,25.75,49.06,98.60,6793.267,0,1,Mac OS X,15.4,17.0.8.1,8,300,0.40,0.70
725,50.50,36.58,12.54,25.75,43.06,98.57,6802.265,0,1,Mac OS X,15.4,17.0.8.1,8,300,0.40,0.70
726,50.50,37.03,12.54,25.75,44.78,98.66,6812.042,0,1,Mac OS X,15.4,17.0.8.1,8,300,0.40,0.70
727,50.50,36.24,12.62,25.75,40.93,98.74,6820.733,0,1,Mac OS X,15.4,17.0.8.1,8,300,0.40,0.70
728,50.50,36.29,12.58,28.00,44.39,98.57,6830.040,0,1,Mac OS X,15.4,17.0.8.1,8,300,0.40,0.70
729,50.50,37.40,12.62,25.75,40.84,98.64,6838.921,0,1,Mac OS X,15.4,17.0.8.1,8,300,0.40,0.70
730,50.50,36.80,12.56,23.50,43.54,97.70,6848.887,0,1,Mac OS X,15.4,17.0.8.1,8,300,0.40,0.70
731,50.50,36.70,12.56,25.75,47.19,98.24,6857.719,0,1,Mac OS X,15.4,17.0.8.1,8,300,0.40,0.70
732,50.50,36.51,12.55,28.00,43.78,98.91,6867.183,0,1,Mac OS X,15.4,17.0.8.1,8,300,0.40,0.70
733,50.50,36.28,12.58,28.00,42.47,98.90,6875.872,0,1,Mac OS X,15.4,17.0.8.1,8,300,0.40,0.70
734,50.50,37.08,12.62,28.00,44.14,98.92,6885.414,0,1,Mac OS X,15.4,17.0.8.1,8,300,0.40,0.70
735,50.50,37.86,12.57,28.00,41.70,98.76,6894.653,0,1,Mac OS X,15.4,17.0.8.1,8,300,0.40,0.70
736,50.50,38.24,12.60,25.75,41.72,98.72,6903.464,0,1,Mac OS X,15.4,17.0.8.1,8,300,0.40,0.70
737,50.50,37.80,12.59,25.75,44.97,98.81,6912.612,0,1,Mac OS X,15.4,17.0.8.1,8,300,0.40,0.70
738,50.50,37.03,12.58,25.75,43.41,98.67,6921.584,0,1,Mac OS X,15.4,17.0.8.1,8,300,0.40,0.70
739,50.50,36.76,12.57,23.50,46.97,98.97,6930.985,0,1,Mac OS X,15.4,17.0.8.1,8,300,0.40,0.70
740,50.50,37.02,12.59,25.75,42.86,98.76,6940.358,0,1,Mac OS X,15.4,17.0.8.1,8,300,0.40,0.70
741,50.50,38.01,12.56,25.75,43.00,99.13,6949.706,0,1,Mac OS X,15.4,17.0.8.1,8,300,0.40,0.70
742,50.50,38.98,12.52,25.75,44.27,99.00,6958.412,0,1,Mac OS X,15.4,17.0.8.1,8,300,0.40,0.70
743,50.50,38.77,12.54,25.75,40.26,98.74,6967.609,0,1,Mac OS X,15.4,17.0.8.1,8,300,0.40,0.70
744,50.50,38.91,12.57,25.75,41.90,98.99,6976.442,0,1,Mac OS X,15.4,17.0.8.1,8,300,0.40,0.70
745,50.50,38.25,12.61,25.75,43.15,99.13,6985.109,0,1,Mac OS X,15.4,17.0.8.1,8,300,0.40,0.70
746,50.50,39.23,12.41,23.50,42.86,98.86,6993.930,0,1,Mac OS X,15.4,17.0.8.1,8,300,0.40,0.70
747,50.50,38.68,12.41,25.75,40.94,98.83,7003.045,0,1,Mac OS X,15.4,17.0.8.1,8,300,0.40,0.70
748,50.50,37.92,12.49,25.75,45.83,98.91,7012.434,0,1,Mac OS X,15.4,17.0.8.1,8,300,0.40,0.70
749,50.50,37.83,12.50,25.75,41.43,98.97,7020.981,0,1,Mac OS X,15.4,17.0.8.1,8,300,0.40,0.70
750,50.50,37.87,12.52,25.75,41.39,98.63,7030.057,0,1,Mac OS X,15.4,17.0.8.1,8,300,0.40,0.70
751,50.50,38.64,12.37,25.75,43.41,98.70,7040.157,0,1,Mac OS X,15.4,17.0.8.1,8,300,0.40,0.70
752,50.50,38.70,12.48,28.00,44.53,98.79,7049.766,0,1,Mac OS X,15.4,17.0.8.1,8,300,0.40,0.70
753,50.50,37.55,12.60,28.00,42.79,98.86,7059.189,0,1,Mac OS X,15.4,17.0.8.1,8,300,0.40,0.70
754,50.50,37.54,12.62,25.75,42.24,98.88,7068.357,0,1,Mac OS X,15.4,17.0.8.1,8,300,0.40,0.70
755,50.50,37.84,12.51,25.75,44.81,98.93,7077.919,0,1,Mac OS X,15.4,17.0.8.1,8,300,0.40,0.70
756,50.50,37.43,12.58,25.75,43.21,99.29,7087.003,0,1,Mac OS X,15.4,17.0.8.1,8,300,0.40,0.70
757,50.50,37.39,12.51,25.75,44.95,98.88,7097.086,0,1,Mac OS X,15.4,17.0.8.1,8,300,0.40,0.70
758,50.50,37.74,12.50,25.75,40.36,99.25,7106.107,0,1,Mac OS X,15.4,17.0.8.1,8,300,0.40,0.70
759,50.50,37.32,12.55,23.50,41.53,98.86,7114.868,0,1,Mac OS X,15.4,17.0.8.1,8,300,0.40,0.70
760,50.50,36.38,12.52,23.50,44.42,99.00,7124.068,0,1,Mac OS X,15.4,17.0.8.1,8,300,0.40,0.70
761,50.50,36.81,12.50,23.50,45.24,98.90,7133.286,0,1,Mac OS X,15.4,17.0.8.1,8,300,0.40,0.70
762,50.50,38.17,12.44,25.75,45.00,98.74,7142.407,0,1,Mac OS X,15.4,17.0.8.1,8,300,0.40,0.70
763,50.50,39.76,12.34,25.75,43.57,98.77,7152.352,0,1,Mac OS X,15.4,17.0.8.1,8,300,0.40,0.70
764,50.50,38.37,12.45,1.00,41.84,98.84,7161.059,0,1,Mac OS X,15.4,17.0.8.1,8,300,0.40,0.70
765,50.50,38.94,12.43,25.75,43.71,99.19,7169.579,0,1,Mac OS X,15.4,17.0.8.1,8,300,0.40,0.70
766,50.50,38.49,12.42,25.75,47.62,98.49,7179.196,0,1,Mac OS X,15.4,17.0.8.1,8,300,0.40,0.70
767,50.50,39.12,12.40,25.75,45.89,98.68,7188.523,0,1,Mac OS X,15.4,17.0.8.1,8,300,0.40,0.70
768,50.50,37.77,12.46,25.75,47.69,98.17,7198.565,0,1,Mac OS X,15.4,17.0.8.1,8,300,0.40,0.70
769,50.50,37.77,12.45,25.75,44.94,98.59,7208.218,0,1,Mac OS X,15.4,17.0.8.1,8,300,0.40,0.70
770,50.50,37.12,12.43,25.75,45.11,98.92,7217.838,0,1,Mac OS X,15.4,17.0.8.1,8,300,0.40,0.70
771,50.50,37.53,12.37,25.75,40.84,99.01,7226.972,0,1,Mac OS X,15.4,17.0.8.1,8,300,0.40,0.70
772,50.50,37.75,12.39,25.75,44.01,98.83,7235.572,0,1,Mac OS X,15.4,17.0.8.1,8,300,0.40,0.70
773,50.50,37.98,12.42,25.75,46.52,98.59,7244.670,0,1,Mac OS X,15.4,17.0.8.1,8,300,0.40,0.70
774,50.50,37.60,12.36,25.75,44.09,98.40,7254.732,0,1,Mac OS X,15.4,17.0.8.1,8,300,0.40,0.70
775,50.50,38.14,12.37,25.75,42.83,98.23,7263.770,0,1,Mac OS X,15.4,17.0.8.1,8,300,0.40,0.70
776,50.50,39.33,12.39,28.00,43.93,98.82,7273.643,0,1,Mac OS X,15.4,17.0.8.1,8,300,0.40,0.70
777,50.50,39.84,12.42,25.75,45.17,98.88,7282.866,0,1,Mac OS X,15.4,17.0.8.1,8,300,0.40,0.70
778,50.50,38.72,12.46,28.00,49.08,99.06,7292.018,0,1,Mac OS X,15.4,17.0.8.1,8,300,0.40,0.70
779,50.50,37.97,12.44,25.75,49.46,98.57,7301.932,0,1,Mac OS X,15.4,17.0.8.1,8,300,0.40,0.70
780,50.50,38.00,12.45,25.75,41.00,98.30,7311.262,0,1,Mac OS X,15.4,17.0.8.1,8,300,0.40,0.70
781,50.50,37.05,12.58,21.25,40.50,98.52,7320.225,0,1,Mac OS X,15.4,17.0.8.1,8,300,0.40,0.70
782,50.50,36.24,12.64,25.75,41.78,98.61,7329.532,0,1,Mac OS X,15.4,17.0.8.1,8,300,0.40,0.70
783,50.50,36.06,12.59,25.75,41.08,98.73,7338.660,0,1,Mac OS X,15.4,17.0.8.1,8,300,0.40,0.70
784,50.50,35.89,12.50,25.75,45.97,98.64,7348.819,0,1,Mac OS X,15.4,17.0.8.1,8,300,0.40,0.70
785,50.50,37.09,12.56,25.75,41.75,98.75,7357.515,0,1,Mac OS X,15.4,17.0.8.1,8,300,0.40,0.70
786,50.50,38.64,12.46,25.75,42.84,98.56,7366.136,0,1,Mac OS X,15.4,17.0.8.1,8,300,0.40,0.70
787,50.50,37.05,12.53,25.75,44.18,98.89,7375.734,0,1,Mac OS X,15.4,17.0.8.1,8,300,0.40,0.70
788,50.50,38.40,12.50,25.75,44.92,98.88,7384.245,0,1,Mac OS X,15.4,17.0.8.1,8,300,0.40,0.70
789,50.50,38.55,12.48,23.50,44.19,98.54,7393.507,0,1,Mac OS X,15.4,17.0.8.1,8,300,0.40,0.70
790,50.50,37.83,12.51,23.50,43.33,98.98,7402.881,0,1,Mac OS X,15.4,17.0.8.1,8,300,0.40,0.70
791,50.50,38.61,12.59,23.50,44.42,99.25,7411.567,0,1,Mac OS X,15.4,17.0.8.1,8,300,0.40,0.70
792,50.50,38.79,12.60,25.75,44.01,98.80,7421.665,0,1,Mac OS X,15.4,17.0.8.1,8,300,0.40,0.70
793,50.50,39.12,12.61,23.50,43.31,99.00,7430.364,0,1,Mac OS X,15.4,17.0.8.1,8,300,0.40,0.70
794,50.50,39.50,12.53,23.50,43.46,98.96,7439.281,0,1,Mac OS X,15.4,17.0.8.1,8,300,0.40,0.70
795,50.50,38.65,12.58,23.50,45.27,98.94,7449.040,0,1,Mac OS X,15.4,17.0.8.1,8,300,0.40,0.70
796,50.50,37.98,12.61,23.50,42.26,99.11,7458.321,0,1,Mac OS X,15.4,17.0.8.1,8,300,0.40,0.70
797,50.50,38.18,12.54,23.50,43.59,98.77,7467.948,0,1,Mac OS X,15.4,17.0.8.1,8,300,0.40,0.70
798,50.50,38.67,12.58,23.50,43.10,98.48,7477.375,0,1,Mac OS X,15.4,17.0.8.1,8,300,0.40,0.70
799,50.50,38.67,12.54,28.00,44.81,98.23,7486.613,0,1,Mac OS X,15.4,17.0.8.1,8,300,0.40,0.70
800,50.50,37.92,12.48,28.00,39.83,98.21,7495.517,0,1,Mac OS X,15.4,17.0.8.1,8,300,0.40,0.70
801,50.50,38.28,12.44,28.00,41.67,98.09,7504.268,0,1,Mac OS X,15.4,17.0.8.1,8,300,0.40,0.70
802,50.50,37.29,12.48,25.75,41.00,98.20,7513.391,0,1,Mac OS X,15.4,17.0.8.1,8,300,0.40,0.70
803,50.50,36.87,12.51,25.75,42.31,98.24,7522.904,0,1,Mac OS X,15.4,17.0.8.1,8,300,0.40,0.70
804,50.50,37.69,12.54,25.75,44.20,98.46,7532.596,0,1,Mac OS X,15.4,17.0.8.1,8,300,0.40,0.70
805,50.50,37.67,12.52,25.75,41.83,98.48,7541.508,0,1,Mac OS X,15.4,17.0.8.1,8,300,0.40,0.70
806,50.50,38.52,12.45,25.75,41.64,98.30,7550.218,0,1,Mac OS X,15.4,17.0.8.1,8,300,0.40,0.70
807,50.50,38.59,12.42,23.50,43.53,98.30,7560.256,0,1,Mac OS X,15.4,17.0.8.1,8,300,0.40,0.70
808,50.50,38.37,12.48,25.75,44.70,98.29,7569.962,0,1,Mac OS X,15.4,17.0.8.1,8,300,0.40,0.70
809,50.50,37.60,12.55,25.75,43.71,98.32,7579.632,0,1,Mac OS X,15.4,17.0.8.1,8,300,0.40,0.70
810,50.50,37.92,12.57,28.00,47.58,98.95,7589.253,0,1,Mac OS X,15.4,17.0.8.1,8,300,0.40,0.70
811,50.50,38.00,12.59,25.75,54.87,98.39,7598.156,0,1,Mac OS X,15.4,17.0.8.1,8,300,0.40,0.70
812,50.50,36.96,12.54,25.75,44.21,99.17,7607.637,0,1,Mac OS X,15.4,17.0.8.1,8,300,0.40,0.70
813,50.50,36.99,12.52,25.75,44.50,98.57,7616.863,0,1,Mac OS X,15.4,17.0.8.1,8,300,0.40,0.70
814,50.50,37.84,12.48,23.50,49.69,98.24,7625.539,0,1,Mac OS X,15.4,17.0.8.1,8,300,0.40,0.70
815,50.50,38.07,12.53,23.50,45.80,98.41,7634.548,0,1,Mac OS X,15.4,17.0.8.1,8,300,0.40,0.70
816,50.50,37.80,12.57,25.75,46.08,98.89,7644.688,0,1,Mac OS X,15.4,17.0.8.1,8,300,0.40,0.70
817,50.50,38.13,12.58,25.75,42.65,98.79,7653.926,0,1,Mac OS X,15.4,17.0.8.1,8,300,0.40,0.70
818,50.50,38.21,12.64,25.75,43.12,98.64,7663.260,0,1,Mac OS X,15.4,17.0.8.1,8,300,0.40,0.70
819,50.50,38.72,12.60,25.75,44.63,98.13,7672.241,0,1,Mac OS X,15.4,17.0.8.1,8,300,0.40,0.70
820,50.50,38.16,12.63,25.75,45.57,98.17,7681.540,0,1,Mac OS X,15.4,17.0.8.1,8,300,0.40,0.70
821,50.50,38.39,12.62,25.75,48.58,97.91,7691.105,0,1,Mac OS X,15.4,17.0.8.1,8,300,0.40,0.70
822,50.50,37.88,12.68,25.75,45.47,99.11,7700.551,0,1,Mac OS X,15.4,17.0.8.1,8,300,0.40,0.70
823,50.50,37.41,12.63,25.75,42.97,98.65,7709.985,0,1,Mac OS X,15.4,17.0.8.1,8,300,0.40,0.70
824,50.50,38.16,12.56,25.75,45.38,98.92,7719.449,0,1,Mac OS X,15.4,17.0.8.1,8,300,0.40,0.70
825,50.50,38.43,12.53,25.75,48.03,98.67,7728.335,0,1,Mac OS X,15.4,17.0.8.1,8,300,0.40,0.70
826,50.50,38.12,12.55,23.50,45.75,98.96,7737.223,0,1,Mac OS X,15.4,17.0.8.1,8,300,0.40,0.70
827,50.50,38.82,12.49,23.50,45.14,98.87,7745.993,0,1,Mac OS X,15.4,17.0.8.1,8,300,0.40,0.70
828,50.50,39.30,12.42,25.75,42.48,98.98,7755.438,0,1,Mac OS X,15.4,17.0.8.1,8,300,0.40,0.70
829,50.50,39.53,12.47,25.75,42.60,98.92,7764.753,0,1,Mac OS X,15.4,17.0.8.1,8,300,0.40,0.70
830,50.50,37.95,12.52,23.50,43.14,98.86,7773.947,0,1,Mac OS X,15.4,17.0.8.1,8,300,0.40,0.70
831,50.50,38.85,12.48,25.75,42.06,98.80,7783.214,0,1,Mac OS X,15.4,17.0.8.1,8,300,0.40,0.70
832,50.50,38.73,12.44,28.00,43.34,98.62,7793.187,0,1,Mac OS X,15.4,17.0.8.1,8,300,0.40,0.70
833,50.50,39.78,12.42,16.75,42.75,98.66,7802.180,0,1,Mac OS X,15.4,17.0.8.1,8,300,0.40,0.70
834,50.50,39.24,12.48,23.50,51.20,98.75,7811.902,0,1,Mac OS X,15.4,17.0.8.1,8,300,0.40,0.70
835,50.50,39.76,12.44,28.00,46.66,98.64,7820.772,0,1,Mac OS X,15.4,17.0.8.1,8,300,0.40,0.70
836,50.50,39.53,12.42,25.75,47.56,98.69,7829.591,0,1,Mac OS X,15.4,17.0.8.1,8,300,0.40,0.70
837,50.50,39.63,12.49,25.75,43.46,98.71,7838.617,0,1,Mac OS X,15.4,17.0.8.1,8,300,0.40,0.70
838,50.50,39.81,12.53,21.25,51.12,98.32,7848.049,0,1,Mac OS X,15.4,17.0.8.1,8,300,0.40,0.70
839,50.50,39.72,12.55,23.50,42.12,98.43,7856.784,0,1,Mac OS X,15.4,17.0.8.1,8,300,0.40,0.70
840,50.50,39.13,12.59,23.50,42.65,98.58,7865.597,0,1,Mac OS X,15.4,17.0.8.1,8,300,0.40,0.70
841,50.50,40.62,12.61,28.00,44.65,98.67,7874.679,0,1,Mac OS X,15.4,17.0.8.1,8,300,0.40,0.70
842,50.50,39.71,12.67,25.75,43.38,98.34,7884.088,0,1,Mac OS X,15.4,17.0.8.1,8,300,0.40,0.70
843,50.50,39.08,12.68,25.75,44.97,98.72,7894.129,0,1,Mac OS X,15.4,17.0.8.1,8,300,0.40,0.70
844,50.50,38.41,12.50,25.75,44.75,98.92,7903.348,0,1,Mac OS X,15.4,17.0.8.1,8,300,0.40,0.70
845,50.50,37.32,12.58,25.75,42.15,99.13,7912.520,0,1,Mac OS X,15.4,17.0.8.1,8,300,0.40,0.70
846,50.50,37.70,12.62,25.75,44.88,98.79,7922.548,0,1,Mac OS X,15.4,17.0.8.1,8,300,0.40,0.70
847,50.50,37.22,12.66,25.75,41.74,98.94,7931.169,0,1,Mac OS X,15.4,17.0.8.1,8,300,0.40,0.70
848,50.50,37.70,12.58,23.50,45.82,98.92,7940.417,0,1,Mac OS X,15.4,17.0.8.1,8,300,0.40,0.70
849,50.50,37.56,12.57,25.75,44.41,98.80,7950.389,0,1,Mac OS X,15.4,17.0.8.1,8,300,0.40,0.70
850,50.50,37.79,12.54,25.75,44.62,98.83,7960.378,0,1,Mac OS X,15.4,17.0.8.1,8,300,0.40,0.70
851,50.50,38.21,12.50,25.75,47.78,98.77,7969.842,0,1,Mac OS X,15.4,17.0.8.1,8,300,0.40,0.70
852,50.50,38.96,12.47,25.75,42.96,98.35,7977.924,0,1,Mac OS X,15.4,17.0.8.1,8,300,0.40,0.70
853,50.50,39.27,12.48,25.75,44.67,98.31,7987.975,0,1,Mac OS X,15.4,17.0.8.1,8,300,0.40,0.70
854,50.50,39.07,12.50,25.75,41.04,98.44,7996.172,0,1,Mac OS X,15.4,17.0.8.1,8,300,0.40,0.70
855,50.50,38.85,12.58,25.75,42.72,98.64,8004.413,0,1,Mac OS X,15.4,17.0.8.1,8,300,0.40,0.70
856,50.50,38.62,12.61,25.75,45.04,98.60,8013.597,0,1,Mac OS X,15.4,17.0.8.1,8,300,0.40,0.70
857,50.50,38.31,12.68,25.75,40.10,98.65,8022.427,0,1,Mac OS X,15.4,17.0.8.1,8,300,0.40,0.70
858,50.50,37.70,12.66,25.75,42.99,98.67,8031.731,0,1,Mac OS X,15.4,17.0.8.1,8,300,0.40,0.70
859,50.50,38.81,12.64,28.00,47.86,98.77,8041.236,0,1,Mac OS X,15.4,17.0.8.1,8,300,0.40,0.70
860,50.50,39.48,12.63,28.00,42.11,98.56,8049.987,0,1,Mac OS X,15.4,17.0.8.1,8,300,0.40,0.70
861,50.50,38.15,12.62,25.75,43.05,98.62,8059.434,0,1,Mac OS X,15.4,17.0.8.1,8,300,0.40,0.70
862,50.50,38.55,12.60,25.75,43.76,99.07,8069.337,0,1,Mac OS X,15.4,17.0.8.1,8,300,0.40,0.70
863,50.50,37.50,12.64,23.50,44.65,98.89,8078.887,0,1,Mac OS X,15.4,17.0.8.1,8,300,0.40,0.70
864,50.50,37.38,12.63,25.75,42.84,98.82,8087.435,0,1,Mac OS X,15.4,17.0.8.1,8,300,0.40,0.70
865,50.50,36.84,12.65,25.75,44.89,99.12,8097.086,0,1,Mac OS X,15.4,17.0.8.1,8,300,0.40,0.70
866,50.50,38.08,12.65,28.00,41.98,98.87,8105.933,0,1,Mac OS X,15.4,17.0.8.1,8,300,0.40,0.70
867,50.50,38.15,12.59,25.75,41.91,98.90,8115.119,0,1,Mac OS X,15.4,17.0.8.1,8,300,0.40,0.70
868,50.50,37.88,12.58,25.75,43.04,98.89,8123.739,0,1,Mac OS X,15.4,17.0.8.1,8,300,0.40,0.70
869,50.50,37.22,12.58,25.75,46.75,98.76,8133.391,0,1,Mac OS X,15.4,17.0.8.1,8,300,0.40,0.70
870,50.50,36.67,12.50,28.00,42.00,99.10,8142.446,0,1,Mac OS X,15.4,17.0.8.1,8,300,0.40,0.70
871,50.50,36.56,12.55,28.00,40.11,98.98,8151.500,0,1,Mac OS X,15.4,17.0.8.1,8,300,0.40,0.70
872,50.50,37.59,12.50,28.00,45.18,98.86,8160.822,0,1,Mac OS X,15.4,17.0.8.1,8,300,0.40,0.70
873,50.50,36.95,12.51,28.00,45.45,98.88,8170.208,0,1,Mac OS X,15.4,17.0.8.1,8,300,0.40,0.70
874,50.50,37.27,12.51,23.50,42.37,98.98,8179.030,0,1,Mac OS X,15.4,17.0.8.1,8,300,0.40,0.70
875,50.50,37.50,12.54,23.50,43.27,98.92,8189.012,0,1,Mac OS X,15.4,17.0.8.1,8,300,0.40,0.70
876,50.50,37.83,12.56,23.50,43.14,98.78,8198.172,0,1,Mac OS X,15.4,17.0.8.1,8,300,0.40,0.70
877,50.50,39.49,12.57,23.50,41.64,99.12,8207.127,0,1,Mac OS X,15.4,17.0.8.1,8,300,0.40,0.70
878,50.50,38.46,12.61,25.75,43.73,98.95,8216.703,0,1,Mac OS X,15.4,17.0.8.1,8,300,0.40,0.70
879,50.50,37.85,12.64,25.75,44.55,98.91,8226.838,0,1,Mac OS X,15.4,17.0.8.1,8,300,0.40,0.70
880,50.50,36.94,12.69,25.75,43.98,98.54,8236.936,0,1,Mac OS X,15.4,17.0.8.1,8,300,0.40,0.70
881,50.50,36.83,12.69,25.75,44.89,99.18,8247.106,0,1,Mac OS X,15.4,17.0.8.1,8,300,0.40,0.70
882,50.50,36.40,12.69,23.50,44.72,98.84,8256.798,0,1,Mac OS X,15.4,17.0.8.1,8,300,0.40,0.70
883,50.50,36.29,12.68,25.75,41.86,98.68,8266.052,0,1,Mac OS X,15.4,17.0.8.1,8,300,0.40,0.70
884,50.50,37.05,12.58,25.75,42.23,98.84,8275.420,0,1,Mac OS X,15.4,17.0.8.1,8,300,0.40,0.70
885,50.50,37.71,12.45,25.75,44.73,98.85,8284.499,0,1,Mac OS X,15.4,17.0.8.1,8,300,0.40,0.70
886,50.50,37.37,12.51,23.50,40.63,98.89,8293.237,0,1,Mac OS X,15.4,17.0.8.1,8,300,0.40,0.70
887,50.50,36.93,12.60,23.50,45.12,98.87,8302.535,0,1,Mac OS X,15.4,17.0.8.1,8,300,0.40,0.70
888,50.50,37.45,12.56,25.75,42.58,98.93,8311.846,0,1,Mac OS X,15.4,17.0.8.1,8,300,0.40,0.70
889,50.50,37.86,12.56,25.75,43.76,98.93,8321.339,0,1,Mac OS X,15.4,17.0.8.1,8,300,0.40,0.70
890,50.50,38.55,12.49,25.75,45.57,98.66,8330.738,0,1,Mac OS X,15.4,17.0.8.1,8,300,0.40,0.70
891,50.50,37.42,12.55,25.75,43.85,98.84,8340.790,0,1,Mac OS X,15.4,17.0.8.1,8,300,0.40,0.70
892,50.50,37.07,12.56,25.75,43.19,98.91,8350.768,0,1,Mac OS X,15.4,17.0.8.1,8,300,0.40,0.70
893,50.50,36.48,12.49,25.75,41.54,98.88,8360.105,0,1,Mac OS X,15.4,17.0.8.1,8,300,0.40,0.70
894,50.50,36.21,12.53,25.75,41.21,98.91,8368.913,0,1,Mac OS X,15.4,17.0.8.1,8,300,0.40,0.70
895,50.50,35.76,12.48,25.75,41.50,98.91,8378.299,0,1,Mac OS X,15.4,17.0.8.1,8,300,0.40,0.70
896,50.50,35.61,12.46,25.75,42.27,98.88,8386.789,0,1,Mac OS X,15.4,17.0.8.1,8,300,0.40,0.70
897,50.50,36.52,12.42,25.75,44.37,98.91,8396.455,0,1,Mac OS X,15.4,17.0.8.1,8,300,0.40,0.70
898,50.50,36.94,12.43,28.00,40.81,98.89,8405.688,0,1,Mac OS X,15.4,17.0.8.1,8,300,0.40,0.70
899,50.50,36.25,12.43,23.50,55.97,97.76,8414.520,0,1,Mac OS X,15.4,17.0.8.1,8,300,0.40,0.70
900,50.50,37.07,12.46,23.50,53.44,97.45,8423.377,0,1,Mac OS X,15.4,17.0.8.1,8,300,0.40,0.70
901,50.50,37.54,12.48,23.50,72.99,97.92,8432.331,0,1,Mac OS X,15.4,17.0.8.1,8,300,0.40,0.70
902,50.50,37.68,12.45,25.75,47.55,98.90,8442.538,0,1,Mac OS X,15.4,17.0.8.1,8,300,0.40,0.70
903,50.50,37.31,12.48,28.00,42.25,98.72,8451.935,0,1,Mac OS X,15.4,17.0.8.1,8,300,0.40,0.70
904,50.50,37.54,12.44,25.75,44.64,98.78,8461.625,0,1,Mac OS X,15.4,17.0.8.1,8,300,0.40,0.70
905,50.50,37.10,12.46,28.00,43.78,99.14,8471.430,0,1,Mac OS X,15.4,17.0.8.1,8,300,0.40,0.70
906,50.50,36.32,12.52,25.75,44.31,99.08,8480.800,0,1,Mac OS X,15.4,17.0.8.1,8,300,0.40,0.70
907,50.50,36.60,12.51,23.50,43.79,98.89,8489.492,0,1,Mac OS X,15.4,17.0.8.1,8,300,0.40,0.70
908,50.50,37.41,12.56,23.50,45.12,98.85,8498.983,0,1,Mac OS X,15.4,17.0.8.1,8,300,0.40,0.70
909,50.50,38.49,12.50,25.75,43.76,98.86,8508.159,0,1,Mac OS X,15.4,17.0.8.1,8,300,0.40,0.70
910,50.50,38.43,12.52,25.75,45.04,99.12,8517.075,0,1,Mac OS X,15.4,17.0.8.1,8,300,0.40,0.70
911,50.50,37.59,12.55,25.75,47.29,98.62,8527.193,0,1,Mac OS X,15.4,17.0.8.1,8,300,0.40,0.70
912,50.50,38.54,12.47,25.75,48.48,98.87,8536.107,0,1,Mac OS X,15.4,17.0.8.1,8,300,0.40,0.70
913,50.50,37.83,12.38,25.75,43.69,98.94,8546.120,0,1,Mac OS X,15.4,17.0.8.1,8,300,0.40,0.70
914,50.50,38.33,12.39,25.75,43.43,98.74,8555.092,0,1,Mac OS X,15.4,17.0.8.1,8,300,0.40,0.70
915,50.50,37.97,12.38,25.75,40.79,98.81,8564.186,0,1,Mac OS X,15.4,17.0.8.1,8,300,0.40,0.70
916,50.50,37.02,12.51,25.75,39.98,98.84,8573.234,0,1,Mac OS X,15.4,17.0.8.1,8,300,0.40,0.70
917,50.50,37.74,12.44,28.00,44.17,98.91,8582.461,0,1,Mac OS X,15.4,17.0.8.1,8,300,0.40,0.70
918,50.50,37.68,12.40,25.75,43.75,98.98,8592.460,0,1,Mac OS X,15.4,17.0.8.1,8,300,0.40,0.70
919,50.50,37.69,12.36,25.75,40.88,98.94,8601.619,0,1,Mac OS X,15.4,17.0.8.1,8,300,0.40,0.70
920,50.50,37.78,12.31,25.75,41.78,98.70,8610.947,0,1,Mac OS X,15.4,17.0.8.1,8,300,0.40,0.70
921,50.50,37.77,12.41,25.75,43.81,98.77,8620.925,0,1,Mac OS X,15.4,17.0.8.1,8,300,0.40,0.70
922,50.50,37.74,12.40,25.75,40.39,98.76,8630.145,0,1,Mac OS X,15.4,17.0.8.1,8,300,0.40,0.70
923,50.50,37.76,12.39,25.75,43.73,98.81,8639.742,0,1,Mac OS X,15.4,17.0.8.1,8,300,0.40,0.70
924,50.50,37.63,12.42,28.00,42.41,98.83,8648.724,0,1,Mac OS X,15.4,17.0.8.1,8,300,0.40,0.70
925,50.50,38.09,12.41,25.75,43.16,98.80,8658.732,0,1,Mac OS X,15.4,17.0.8.1,8,300,0.40,0.70
926,50.50,38.49,12.46,28.00,41.53,98.77,8668.068,0,1,Mac OS X,15.4,17.0.8.1,8,300,0.40,0.70
927,50.50,38.26,12.49,25.75,40.43,98.88,8677.132,0,1,Mac OS X,15.4,17.0.8.1,8,300,0.40,0.70
928,50.50,37.53,12.49,25.75,40.83,98.83,8686.254,0,1,Mac OS X,15.4,17.0.8.1,8,300,0.40,0.70
929,50.50,36.78,12.55,25.75,44.11,98.87,8696.004,0,1,Mac OS X,15.4,17.0.8.1,8,300,0.40,0.70
930,50.50,36.04,12.56,25.75,43.18,98.83,8705.993,0,1,Mac OS X,15.4,17.0.8.1,8,300,0.40,0.70
931,50.50,36.44,12.54,25.75,44.02,98.88,8715.555,0,1,Mac OS X,15.4,17.0.8.1,8,300,0.40,0.70
932,50.50,36.75,12.53,25.75,43.43,98.83,8725.180,0,1,Mac OS X,15.4,17.0.8.1,8,300,0.40,0.70
933,50.50,37.23,12.45,25.75,40.75,98.88,8734.216,0,1,Mac OS X,15.4,17.0.8.1,8,300,0.40,0.70
934,50.50,36.87,12.52,25.75,44.25,98.85,8744.348,0,1,Mac OS X,15.4,17.0.8.1,8,300,0.40,0.70
935,50.50,37.38,12.50,28.00,44.82,99.10,8753.471,0,1,Mac OS X,15.4,17.0.8.1,8,300,0.40,0.70
936,50.50,38.63,12.50,21.25,53.31,98.68,8761.825,0,1,Mac OS X,15.4,17.0.8.1,8,300,0.40,0.70
937,50.50,38.51,12.55,25.75,52.65,98.78,8771.228,0,1,Mac OS X,15.4,17.0.8.1,8,300,0.40,0.70
938,50.50,38.12,12.48,23.50,53.98,98.86,8781.152,0,1,Mac OS X,15.4,17.0.8.1,8,300,0.40,0.70
939,50.50,37.80,12.54,25.75,48.85,98.88,8790.443,0,1,Mac OS X,15.4,17.0.8.1,8,300,0.40,0.70
940,50.50,37.28,12.59,25.75,53.88,99.15,8800.628,0,1,Mac OS X,15.4,17.0.8.1,8,300,0.40,0.70
941,50.50,38.45,12.54,25.75,53.34,98.91,8810.197,0,1,Mac OS X,15.4,17.0.8.1,8,300,0.40,0.70
942,50.50,39.20,12.60,25.75,50.81,98.82,8819.937,0,1,Mac OS X,15.4,17.0.8.1,8,300,0.40,0.70
943,50.50,38.39,12.64,25.75,53.48,98.78,8829.374,0,1,Mac OS X,15.4,17.0.8.1,8,300,0.40,0.70
944,50.50,38.38,12.57,25.75,51.15,98.86,8839.478,0,1,Mac OS X,15.4,17.0.8.1,8,300,0.40,0.70
945,50.50,38.48,12.59,25.75,51.79,98.88,8848.809,0,1,Mac OS X,15.4,17.0.8.1,8,300,0.40,0.70
946,50.50,38.68,12.61,25.75,52.62,98.80,8857.959,0,1,Mac OS X,15.4,17.0.8.1,8,300,0.40,0.70
947,50.50,38.40,12.58,25.75,49.53,98.32,8867.108,0,1,Mac OS X,15.4,17.0.8.1,8,300,0.40,0.70
948,50.50,38.13,12.50,25.75,49.70,98.41,8876.243,0,1,Mac OS X,15.4,17.0.8.1,8,300,0.40,0.70
949,50.50,38.28,12.59,25.75,46.57,98.29,8886.319,0,1,Mac OS X,15.4,17.0.8.1,8,300,0.40,0.70
950,50.50,37.68,12.55,25.75,40.99,98.30,8895.577,0,1,Mac OS X,15.4,17.0.8.1,8,300,0.40,0.70
951,50.50,37.56,12.54,25.75,42.56,98.77,8904.748,0,1,Mac OS X,15.4,17.0.8.1,8,300,0.40,0.70
952,50.50,38.66,12.47,25.75,42.79,96.68,8913.713,0,1,Mac OS X,15.4,17.0.8.1,8,300,0.40,0.70
953,50.50,38.67,12.39,28.00,41.82,96.68,8922.678,0,1,Mac OS X,15.4,17.0.8.1,8,300,0.40,0.70
954,50.50,38.22,12.46,25.75,42.03,96.80,8931.632,0,1,Mac OS X,15.4,17.0.8.1,8,300,0.40,0.70
955,50.50,38.21,12.49,23.50,43.65,96.82,8941.140,0,1,Mac OS X,15.4,17.0.8.1,8,300,0.40,0.70
956,50.50,38.39,12.59,25.75,43.16,96.74,8951.163,0,1,Mac OS X,15.4,17.0.8.1,8,300,0.40,0.70
957,50.50,37.35,12.58,25.75,44.69,97.35,8961.241,0,1,Mac OS X,15.4,17.0.8.1,8,300,0.40,0.70
958,50.50,38.01,12.50,25.75,45.64,98.10,8971.015,0,1,Mac OS X,15.4,17.0.8.1,8,300,0.40,0.70
959,50.50,38.30,12.52,23.50,42.47,98.16,8980.030,0,1,Mac OS X,15.4,17.0.8.1,8,300,0.40,0.70
960,50.50,37.89,12.50,23.50,41.51,98.21,8989.348,0,1,Mac OS X,15.4,17.0.8.1,8,300,0.40,0.70
961,50.50,36.33,12.56,25.75,43.58,98.85,8998.723,0,1,Mac OS X,15.4,17.0.8.1,8,300,0.40,0.70
962,50.50,37.17,12.62,16.75,44.53,98.68,9008.094,0,1,Mac OS X,15.4,17.0.8.1,8,300,0.40,0.70
963,50.50,36.81,12.55,25.75,45.11,98.78,9017.790,0,1,Mac OS X,15.4,17.0.8.1,8,300,0.40,0.70
964,50.50,37.83,12.47,25.75,40.72,98.93,9026.937,0,1,Mac OS X,15.4,17.0.8.1,8,300,0.40,0.70
965,50.50,37.71,12.50,25.75,49.57,98.20,9036.489,0,1,Mac OS X,15.4,17.0.8.1,8,300,0.40,0.70
966,50.50,37.79,12.36,28.00,45.98,98.68,9046.204,0,1,Mac OS X,15.4,17.0.8.1,8,300,0.40,0.70
967,50.50,38.82,12.41,25.75,53.67,99.01,9055.060,0,1,Mac OS X,15.4,17.0.8.1,8,300,0.40,0.70
968,50.50,38.29,12.43,25.75,46.05,97.36,9065.145,0,1,Mac OS X,15.4,17.0.8.1,8,300,0.40,0.70
969,50.50,37.83,12.45,25.75,41.50,98.45,9074.234,0,1,Mac OS X,15.4,17.0.8.1,8,300,0.40,0.70
970,50.50,37.26,12.48,23.50,44.28,99.15,9082.937,0,1,Mac OS X,15.4,17.0.8.1,8,300,0.40,0.70
971,50.50,38.01,12.48,23.50,51.01,93.77,9092.058,0,1,Mac OS X,15.4,17.0.8.1,8,300,0.40,0.70
972,50.50,38.83,12.48,28.00,47.61,95.51,9101.331,0,1,Mac OS X,15.4,17.0.8.1,8,300,0.40,0.70
973,50.50,38.67,12.41,28.00,43.32,95.65,9110.835,0,1,Mac OS X,15.4,17.0.8.1,8,300,0.40,0.70
974,50.50,38.31,12.37,25.75,42.84,96.55,9119.709,0,1,Mac OS X,15.4,17.0.8.1,8,300,0.40,0.70
975,50.50,38.91,12.40,25.75,46.23,97.65,9129.422,0,1,Mac OS X,15.4,17.0.8.1,8,300,0.40,0.70
976,50.50,38.18,12.41,23.50,45.49,97.81,9138.755,0,1,Mac OS X,15.4,17.0.8.1,8,300,0.40,0.70
977,50.50,37.31,12.44,23.50,46.52,98.35,9148.723,0,1,Mac OS X,15.4,17.0.8.1,8,300,0.40,0.70
978,50.50,37.87,12.49,23.50,40.66,98.02,9157.876,0,1,Mac OS X,15.4,17.0.8.1,8,300,0.40,0.70
979,50.50,37.48,12.53,25.75,42.31,98.29,9167.202,0,1,Mac OS X,15.4,17.0.8.1,8,300,0.40,0.70
980,50.50,36.93,12.58,25.75,41.39,97.51,9176.427,0,1,Mac OS X,15.4,17.0.8.1,8,300,0.40,0.70
981,50.50,37.88,12.56,25.75,47.81,98.40,9185.636,0,1,Mac OS X,15.4,17.0.8.1,8,300,0.40,0.70
982,50.50,38.31,12.47,25.75,43.48,98.39,9194.220,0,1,Mac OS X,15.4,17.0.8.1,8,300,0.40,0.70
983,50.50,38.28,12.44,25.75,48.83,98.06,9203.742,0,1,Mac OS X,15.4,17.0.8.1,8,300,0.40,0.70
984,50.50,39.65,12.33,25.75,44.81,98.25,9213.500,0,1,Mac OS X,15.4,17.0.8.1,8,300,0.40,0.70
985,50.50,39.68,12.45,23.50,43.46,97.75,9222.563,0,1,Mac OS X,15.4,17.0.8.1,8,300,0.40,0.70
986,50.50,39.20,12.42,25.75,41.63,97.78,9231.346,0,1,Mac OS X,15.4,17.0.8.1,8,300,0.40,0.70
987,50.50,38.25,12.47,28.00,48.12,97.51,9240.225,0,1,Mac OS X,15.4,17.0.8.1,8,300,0.40,0.70
988,50.50,38.39,12.45,25.75,44.84,98.05,9250.063,0,1,Mac OS X,15.4,17.0.8.1,8,300,0.40,0.70
989,50.50,38.46,12.44,25.75,48.14,98.31,9259.741,0,1,Mac OS X,15.4,17.0.8.1,8,300,0.40,0.70
990,50.50,39.35,12.39,25.75,40.85,98.57,9268.739,0,1,Mac OS X,15.4,17.0.8.1,8,300,0.40,0.70
991,50.50,39.29,12.42,25.75,45.57,98.24,9277.413,0,1,Mac OS X,15.4,17.0.8.1,8,300,0.40,0.70
992,97.75,38.67,12.48,25.75,43.08,97.82,9287.450,0,1,Mac OS X,15.4,17.0.8.1,8,300,0.40,0.70
993,97.75,38.91,12.46,28.00,46.92,98.16,9297.210,0,1,Mac OS X,15.4,17.0.8.1,8,300,0.40,0.70
994,97.75,39.21,12.39,28.00,42.80,98.13,9307.261,0,1,Mac OS X,15.4,17.0.8.1,8,300,0.40,0.70
995,97.75,38.79,12.42,25.75,43.67,97.92,9316.551,0,1,Mac OS X,15.4,17.0.8.1,8,300,0.40,0.70
996,97.75,40.44,12.43,25.75,43.22,98.26,9326.652,0,1,Mac OS X,15.4,17.0.8.1,8,300,0.40,0.70
997,97.75,40.94,12.46,25.75,43.22,98.35,9336.699,0,1,Mac OS X,15.4,17.0.8.1,8,300,0.40,0.70
998,97.75,43.95,12.51,25.75,41.39,98.23,9345.981,0,1,Mac OS X,15.4,17.0.8.1,8,300,0.40,0.70
999,97.75,45.92,12.50,25.75,41.52,98.25,9355.299,0,1,Mac OS X,15.4,17.0.8.1,8,300,0.40,0.70
1000,97.75,47.49,12.50,28.00,41.51,98.43,9364.681,0,1,Mac OS X,15.4,17.0.8.1,8,300,0.40,0.70
