Generación,Fitness Promedio,Mejor Fitness,Cromosoma
1,584.30,860.00,1.81, 4.21, 1.76, 9.15, 4.46, 4.49, 5.08, 7.01, 8.25, 6.98, 0.74, 2.21, 7.59, 6.60, 0.40, 4.36, 8.61, 9.22, 6.25, 5.33, 0.15, 6.22, 8.25, 7.49, 7.52, 3.02, 2.83, 6.44, 6.56, 4.25, 2.71, 5.47, 0.89, 6.81, 5.89, 2.30, 9.50, 0.29, 3.23, 9.24, 8.65, 0.02, 9.59, 4.70, 5.82, 0.88, 7.58, 6.89, 9.27, 3.77
2,732.89,892.96,6.00, 2.47, 7.81, 0.50, 4.25, 2.60, 4.06, 2.44, 7.68, 1.57, 0.45, 4.18, 8.41, 1.95, 6.27, 6.16, 1.83, 0.41, 9.11, 7.74, 1.69, 6.11, 8.25, 7.49, 7.52, 3.02, 2.83, 6.44, 6.56, 4.25, 2.71, 5.47, 0.89, 6.81, 5.89, 2.30, 9.50, 0.29, 3.23, 9.24, 8.65, 0.02, 9.59, 4.70, 5.82, 0.88, 7.58, 6.89, 9.27, 3.77
3,671.59,880.00,4.96, 4.21, 7.45, 7.71, 4.46, 9.05, 1.79, 9.61, 5.69, 6.38, 7.86, 2.83, 3.42, 5.79, 2.18, 7.48, 5.17, 3.36, 9.30, 0.80, 1.33, 5.39, 2.06, 0.49, 5.55, 3.18, 9.05, 6.69, 9.45, 7.50, 3.43, 0.61, 3.25, 9.16, 3.41, 5.35, 7.53, 5.06, 5.30, 9.78, 3.16, 7.65, 4.18, 0.91, 5.56, 2.56, 1.90, 6.89, 3.40, 3.03
4,513.59,842.96,1.22, 2.47, 6.34, 6.03, 7.04, 2.60, 8.05, 7.85, 9.64, 1.77, 8.33, 4.18, 6.30, 1.95, 3.14, 2.87, 6.08, 0.11, 9.11, 0.80, 1.33, 5.39, 2.06, 0.49, 5.55, 3.18, 9.05, 6.69, 9.45, 7.50, 3.43, 0.61, 3.25, 9.16, 3.41, 5.35, 7.53, 5.06, 5.30, 9.78, 3.16, 7.65, 4.18, 0.91, 5.56, 2.56, 1.90, 1.98, 0.43, 8.49
5,543.00,760.00,4.96, 4.21, 7.45, 7.71, 4.46, 9.05, 1.79, 9.61, 5.84, 1.57, 2.43, 0.31, 4.47, 7.30, 8.88, 9.95, 9.48, 0.41, 7.33, 1.66, 9.44, 0.65, 7.19, 0.11, 1.58, 7.57, 7.10, 6.69, 9.17, 5.99, 2.13, 4.95, 8.85, 3.97, 3.41, 8.81, 7.53, 2.68, 5.30, 6.91, 3.91, 4.16, 7.69, 4.86, 7.67, 0.50, 0.93, 6.89, 2.60, 3.03
6,585.00,800.00,1.22, 2.47, 6.33, 8.62, 9.68, 9.11, 1.79, 9.61, 5.84, 1.57, 2.43, 0.31, 4.47, 1.95, 3.16, 9.74, 6.08, 4.24, 9.11, 2.39, 5.51, 5.39, 2.06, 0.49, 5.07, 3.18, 7.38, 3.88, 0.63, 0.03, 0.84, 9.39, 0.71, 3.66, 3.41, 6.37, 5.24, 4.65, 7.90, 9.78, 7.93, 5.92, 4.18, 4.31, 3.27, 0.65, 1.53, 1.98, 0.43, 8.49
7,442.00,800.00,1.22, 2.47, 6.33, 8.62, 9.68, 9.11, 1.79, 9.61, 5.84, 1.57, 2.43, 0.31, 4.47, 1.95, 3.16, 9.74, 6.08, 4.24, 9.11, 2.39, 5.51, 5.39, 2.06, 0.49, 5.07, 3.18, 7.38, 3.88, 0.63, 0.03, 0.84, 9.39, 7.42, 3.66, 3.41, 6.37, 5.24, 4.65, 7.90, 9.78, 7.93, 5.92, 4.18, 4.31, 3.27, 0.65, 1.53, 1.98, 0.43, 8.49
8,518.00,800.00,1.29, 5.08, 6.33, 8.62, 9.68, 9.11, 1.79, 9.61, 5.84, 1.57, 2.43, 0.31, 4.47, 1.95, 9.61, 5.18, 6.08, 7.97, 4.00, 7.45, 9.85, 0.45, 1.62, 3.62, 8.90, 7.59, 5.23, 9.52, 0.77, 9.44, 1.73, 6.01, 1.66, 5.22, 9.29, 2.46, 8.29, 9.92, 5.43, 1.57, 3.50, 8.74, 6.52, 3.15, 9.40, 9.90, 6.68, 9.93, 4.74, 7.70
9,569.59,782.96,1.01, 5.84, 4.47, 8.80, 1.43, 5.24, 4.49, 6.07, 5.69, 1.00, 6.34, 0.31, 4.36, 2.47, 3.89, 2.63, 9.48, 7.73, 7.79, 9.93, 4.48, 1.13, 8.70, 6.84, 6.56, 3.61, 8.94, 1.38, 4.66, 9.39, 2.10, 2.07, 1.58, 0.44, 3.41, 0.42, 0.81, 9.25, 0.72, 1.57, 9.74, 4.74, 4.18, 4.28, 7.07, 4.04, 8.57, 6.91, 1.51, 8.99
10,736.89,1012.96,1.29, 5.08, 7.45, 0.63, 0.36, 3.85, 0.45, 1.78, 6.95, 9.92, 2.43, 0.31, 4.36, 2.47, 3.89, 2.63, 9.48, 4.21, 7.34, 1.66, 0.87, 7.98, 7.30, 7.11, 1.33, 7.57, 7.45, 6.69, 6.15, 5.99, 1.04, 9.66, 5.44, 7.91, 1.85, 0.97, 7.53, 3.38, 0.74, 6.91, 2.87, 3.85, 4.92, 8.09, 2.05, 5.51, 8.34, 3.58, 9.05, 0.43
11,641.89,1012.96,1.29, 5.08, 7.45, 0.63, 0.36, 3.85, 0.45, 1.78, 6.95, 9.92, 2.43, 0.31, 4.36, 2.47, 3.89, 2.63, 9.48, 4.21, 7.34, 1.66, 0.87, 7.98, 7.30, 7.11, 1.33, 7.57, 7.45, 6.69, 6.15, 5.99, 1.04, 9.66, 5.44, 7.91, 1.85, 0.97, 7.53, 3.38, 0.74, 6.91, 2.87, 3.85, 4.92, 8.09, 2.05, 5.51, 8.34, 3.58, 9.05, 0.43
12,696.59,912.96,1.29, 5.08, 7.45, 0.63, 0.36, 3.85, 0.45, 1.78, 6.95, 9.92, 2.43, 0.31, 4.36, 2.47, 3.89, 2.63, 9.48, 4.21, 7.34, 1.66, 0.87, 7.98, 7.30, 7.11, 1.33, 7.57, 7.45, 6.69, 6.15, 5.99, 1.04, 9.66, 5.44, 7.91, 1.85, 9.32, 0.81, 5.74, 0.72, 3.58, 6.55, 1.72, 8.55, 4.28, 0.96, 7.65, 9.78, 4.84, 6.03, 8.82
13,657.30,860.00,1.01, 5.84, 4.47, 0.25, 1.43, 5.24, 4.49, 6.07, 5.69, 9.92, 4.61, 1.99, 5.57, 2.05, 1.00, 8.08, 2.77, 7.94, 7.55, 7.05, 6.53, 1.79, 0.58, 0.20, 3.79, 2.50, 0.30, 8.34, 4.66, 6.63, 1.24, 2.07, 1.58, 0.44, 3.41, 0.42, 0.81, 9.25, 0.72, 1.57, 9.74, 4.74, 4.18, 4.28, 7.07, 4.04, 8.57, 6.91, 1.51, 8.99
14,680.59,860.00,1.01, 5.84, 4.47, 0.25, 1.43, 5.24, 4.49, 6.07, 5.69, 9.92, 4.61, 1.99, 5.57, 2.05, 1.00, 8.08, 2.77, 7.94, 7.55, 7.05, 6.53, 1.79, 0.58, 0.20, 3.79, 2.50, 0.30, 8.34, 4.66, 6.63, 1.24, 2.07, 1.58, 0.44, 3.41, 0.42, 0.81, 9.25, 0.72, 1.57, 6.55, 2.13, 6.33, 5.63, 2.05, 1.87, 8.34, 9.62, 1.10, 8.82
15,745.30,960.00,1.01, 5.84, 4.47, 0.25, 1.43, 5.24, 4.49, 6.07, 5.69, 1.00, 6.34, 0.31, 4.36, 2.47, 3.89, 2.63, 9.48, 8.96, 0.61, 1.66, 0.87, 7.98, 7.30, 7.11, 5.31, 3.53, 8.94, 6.71, 5.09, 0.90, 0.18, 2.55, 3.41, 4.97, 4.98, 2.93, 2.47, 1.24, 0.12, 3.74, 4.94, 3.79, 2.45, 1.39, 8.30, 0.09, 4.88, 6.91, 6.36, 3.55
Generación,Fitness Promedio,Mejor Fitness,Cromosoma
1,459.59,882.96,5.74, 0.09, 8.34, 2.60, 2.62, 0.97, 1.60, 7.37, 6.38, 6.76, 7.79, 5.40, 2.34, 8.21, 0.19, 0.43, 1.07, 5.37, 1.98, 5.55, 6.27, 7.73, 3.87, 5.82, 3.40, 7.37, 6.62, 7.04, 1.78, 9.58, 3.30, 6.73, 6.41, 8.28, 3.61, 8.33, 5.78, 7.37, 7.05, 4.64, 5.48, 0.55, 5.60, 4.91, 0.62, 9.25, 3.96, 6.52, 2.80, 3.09
2,546.59,885.00,5.74, 0.09, 8.34, 2.60, 2.62, 0.97, 1.60, 7.37, 6.38, 6.76, 7.79, 5.40, 2.34, 8.21, 0.19, 0.43, 1.07, 5.37, 1.98, 5.55, 6.27, 7.73, 3.87, 5.82, 3.40, 7.37, 6.62, 7.04, 1.78, 9.58, 3.30, 6.73, 6.41, 8.28, 3.61, 8.33, 5.78, 7.37, 7.05, 4.64, 1.90, 2.95, 2.47, 9.10, 8.23, 9.29, 0.56, 3.14, 4.64, 0.14
3,574.09,845.00,5.74, 1.85, 2.71, 6.78, 9.64, 5.69, 5.92, 4.40, 5.16, 4.79, 1.78, 6.86, 5.79, 1.06, 7.55, 2.12, 5.28, 8.79, 7.04, 4.13, 5.98, 7.06, 4.95, 0.93, 3.91, 2.58, 5.06, 1.26, 4.91, 2.01, 1.95, 9.60, 1.93, 6.32, 0.70, 1.59, 8.08, 7.37, 7.05, 4.64, 5.48, 0.55, 5.60, 4.91, 0.62, 9.25, 3.96, 6.52, 2.80, 3.09
4,423.50,860.00,0.17, 1.85, 4.82, 2.56, 4.21, 6.55, 5.92, 9.97, 5.16, 4.79, 6.71, 5.23, 5.79, 3.17, 4.44, 2.12, 8.50, 8.79, 7.04, 9.14, 9.41, 0.69, 5.17, 2.31, 8.22, 8.29, 5.06, 5.57, 9.69, 4.80, 1.00, 9.60, 0.90, 6.32, 7.83, 1.95, 7.11, 7.37, 2.44, 8.99, 5.24, 0.55, 5.41, 3.92, 9.63, 6.91, 3.96, 6.52, 2.80, 3.94
5,490.09,847.96,0.91, 1.85, 9.69, 2.60, 6.85, 6.40, 2.68, 7.37, 3.11, 0.30, 9.08, 3.49, 4.61, 4.66, 7.37, 1.83, 3.62, 6.17, 8.93, 1.88, 9.33, 6.15, 9.96, 6.52, 7.19, 6.90, 0.27, 9.05, 1.36, 9.92, 9.07, 2.23, 2.49, 4.61, 9.66, 5.17, 9.22, 1.11, 9.16, 5.27, 5.66, 0.55, 9.27, 5.16, 7.08, 7.41, 3.96, 6.52, 7.47, 9.92
6,503.50,945.00,0.22, 5.66, 6.06, 6.69, 3.95, 8.10, 1.55, 2.26, 2.71, 4.79, 6.61, 4.63, 5.68, 6.44, 8.60, 7.19, 5.25, 3.53, 9.97, 0.97, 7.44, 7.25, 9.01, 8.53, 5.54, 2.06, 0.36, 2.95, 3.64, 6.73, 3.30, 0.00, 6.41, 9.50, 3.29, 0.88, 9.22, 7.51, 8.77, 8.86, 9.34, 2.38, 6.55, 3.61, 0.16, 2.32, 8.30, 6.52, 5.17, 2.88
7,735.00,865.00,0.22, 5.32, 6.80, 8.07, 4.62, 3.54, 1.55, 6.57, 3.52, 3.32, 3.89, 4.63, 3.61, 7.00, 6.37, 2.12, 5.25, 8.79, 5.36, 1.23, 1.33, 5.83, 7.91, 4.13, 5.54, 8.51, 1.34, 0.89, 1.43, 3.65, 8.51, 8.85, 6.74, 3.51, 9.66, 0.88, 9.22, 7.37, 2.11, 5.79, 8.04, 0.55, 6.46, 4.84, 2.98, 3.14, 8.27, 6.52, 3.03, 3.09
8,806.00,840.00,0.22, 7.09, 3.31, 6.74, 0.72, 8.89, 7.80, 7.75, 1.00, 7.01, 1.62, 4.63, 5.68, 6.44, 8.60, 7.19, 5.25, 3.53, 9.97, 0.97, 7.44, 7.25, 9.01, 8.53, 5.54, 2.06, 0.36, 2.95, 3.64, 6.73, 3.30, 0.00, 6.41, 9.50, 3.29, 0.88, 6.24, 5.11, 9.77, 8.86, 1.80, 9.97, 1.81, 8.75, 7.94, 0.39, 5.02, 2.23, 7.76, 8.18
9,778.95,1016.59,0.22, 7.09, 3.31, 6.74, 0.72, 8.89, 7.80, 7.75, 1.00, 9.77, 9.64, 4.63, 5.68, 6.44, 8.60, 7.19, 5.25, 3.53, 9.97, 0.97, 7.44, 7.25, 9.01, 8.53, 5.54, 2.06, 0.36, 2.95, 3.64, 6.73, 3.30, 0.00, 6.41, 9.50, 3.29, 0.88, 6.24, 5.11, 9.77, 8.86, 1.80, 2.38, 3.91, 3.61, 7.66, 2.32, 8.22, 4.87, 5.17, 1.09
10,880.34,1016.59,0.22, 7.09, 3.31, 6.74, 0.72, 8.89, 7.80, 7.75, 1.00, 9.77, 9.64, 4.63, 5.68, 6.44, 8.60, 7.19, 5.25, 3.53, 9.97, 0.97, 7.44, 7.25, 9.01, 8.53, 5.54, 2.06, 0.36, 2.95, 3.64, 6.73, 3.30, 0.00, 6.41, 9.50, 3.29, 0.88, 6.24, 5.11, 9.77, 8.86, 1.80, 2.38, 3.91, 3.61, 7.66, 2.32, 8.22, 4.87, 5.17, 1.09
11,738.80,1002.96,0.22, 7.09, 3.31, 6.74, 0.72, 8.89, 7.80, 6.77, 1.00, 8.20, 1.62, 3.82, 5.68, 6.44, 8.60, 7.19, 5.25, 3.53, 9.97, 0.97, 7.44, 7.36, 3.58, 8.53, 6.34, 7.43, 4.89, 5.01, 3.64, 6.13, 3.30, 0.00, 7.41, 6.76, 3.91, 2.19, 4.28, 5.11, 5.95, 5.97, 2.89, 9.74, 4.22, 5.55, 7.20, 4.79, 5.02, 7.58, 9.25, 8.18
12,669.80,965.00,0.22, 7.09, 3.31, 6.74, 0.72, 8.89, 7.80, 7.75, 1.00, 7.01, 1.62, 4.63, 5.68, 6.44, 8.60, 7.19, 5.25, 3.53, 9.97, 0.97, 7.44, 7.36, 3.58, 8.53, 6.34, 7.43, 4.89, 5.01, 3.64, 6.13, 3.30, 0.00, 7.41, 6.76, 3.91, 2.19, 4.28, 5.11, 9.77, 8.86, 1.80, 2.38, 3.91, 3.61, 7.66, 2.32, 8.22, 4.87, 5.17, 1.09
13,749.09,905.00,0.22, 7.09, 3.31, 6.74, 0.72, 8.89, 7.80, 7.75, 1.00, 7.01, 1.62, 4.63, 5.68, 6.44, 8.60, 7.19, 5.25, 3.53, 9.97, 0.97, 7.44, 7.36, 3.58, 8.53, 6.34, 7.43, 4.89, 5.01, 3.64, 6.13, 3.30, 8.85, 6.74, 3.51, 3.52, 4.86, 9.22, 5.67, 3.37, 4.79, 2.80, 0.55, 8.54, 9.56, 8.82, 3.49, 8.67, 4.03, 7.64, 1.50
14,532.00,840.00,0.22, 6.26, 8.69, 1.18, 7.86, 7.74, 7.80, 0.63, 0.25, 7.01, 1.62, 2.41, 3.61, 7.00, 6.37, 2.12, 5.25, 8.79, 5.36, 1.23, 1.33, 5.83, 7.91, 4.13, 5.54, 8.51, 1.34, 0.89, 1.43, 3.65, 8.51, 8.85, 6.74, 3.51, 3.52, 4.86, 9.22, 5.67, 3.37, 4.79, 2.80, 0.55, 8.54, 9.56, 8.82, 3.49, 8.67, 4.03, 7.64, 1.50
15,435.50,740.00,0.22, 9.53, 6.65, 1.18, 1.30, 0.14, 4.35, 0.63, 2.55, 7.01, 1.43, 4.90, 2.11, 8.53, 3.00, 4.96, 9.36, 8.79, 8.40, 9.26, 1.33, 8.07, 3.30, 4.13, 6.21, 8.52, 9.14, 0.89, 9.71, 8.67, 2.39, 6.21, 6.74, 5.73, 3.52, 2.13, 0.46, 7.49, 7.44, 4.79, 0.59, 7.59, 8.54, 5.58, 4.43, 8.28, 8.67, 4.03, 3.44, 3.09
16,628.50,780.00,2.01, 6.26, 4.14, 0.04, 2.01, 3.44, 0.35, 0.63, 0.25, 7.01, 1.43, 4.90, 2.11, 8.53, 3.00, 4.96, 9.36, 8.79, 8.40, 9.26, 1.33, 8.07, 3.30, 4.13, 6.21, 8.52, 9.14, 0.89, 9.71, 8.67, 2.39, 6.21, 6.74, 5.73, 3.52, 2.13, 0.46, 7.49, 7.44, 4.79, 0.59, 7.59, 8.54, 5.58, 4.43, 8.28, 8.67, 4.03, 3.44, 3.09
Generación,Fitness Promedio,Mejor Fitness,Cromosoma
1,512.50,720.00,2.68, 5.31, 7.06, 1.16, 0.01, 2.39, 5.52, 4.13, 6.35, 4.25, 0.26, 5.93, 5.93, 4.83, 8.52, 9.57, 3.74, 7.84, 4.86, 0.32, 7.25, 5.94, 8.22, 3.43, 2.95, 5.36, 6.12, 4.40, 7.95, 5.48, 1.37, 3.86, 0.04, 9.88, 2.35, 0.84, 7.50, 5.76, 9.90, 2.85, 4.15, 9.96, 3.03, 9.08, 9.28, 2.04, 3.73, 1.45, 3.60, 8.47
2,524.50,760.00,2.68, 5.31, 7.06, 1.16, 0.01, 2.39, 5.52, 4.13, 6.35, 4.25, 0.26, 5.93, 5.93, 4.83, 8.52, 9.57, 3.74, 7.84, 4.86, 0.80, 1.55, 0.80, 1.82, 2.37, 2.95, 5.36, 6.12, 4.40, 7.95, 5.48, 1.37, 3.86, 0.04, 9.88, 2.35, 0.84, 7.50, 5.76, 9.90, 2.85, 4.15, 9.96, 3.03, 9.08, 9.28, 3.77, 7.40, 3.48, 4.22, 2.33
3,616.80,942.96,2.68, 5.31, 7.06, 1.16, 0.01, 2.39, 5.52, 4.13, 9.39, 8.61, 1.62, 2.17, 6.02, 7.71, 7.56, 7.38, 6.59, 2.58, 2.59, 0.32, 7.25, 7.14, 5.37, 7.28, 3.89, 4.92, 6.12, 2.94, 6.82, 3.59, 3.84, 0.06, 1.41, 6.93, 5.31, 3.00, 7.66, 9.80, 5.17, 0.41, 0.97, 4.03, 1.93, 6.41, 7.07, 8.14, 4.23, 9.86, 8.41, 4.86
4,612.80,942.96,2.68, 5.31, 7.06, 1.16, 0.01, 2.39, 5.52, 4.13, 9.39, 8.61, 1.62, 2.17, 6.02, 7.71, 7.56, 7.38, 6.59, 2.58, 2.59, 0.32, 7.25, 7.14, 5.37, 7.28, 3.89, 4.92, 6.12, 2.94, 6.82, 3.59, 3.84, 0.06, 1.41, 6.93, 5.31, 3.00, 7.66, 9.80, 5.17, 0.41, 0.97, 4.03, 1.93, 6.41, 7.07, 8.14, 4.23, 9.86, 8.41, 4.86
5,739.45,996.59,1.31, 2.55, 5.83, 1.59, 9.43, 2.39, 5.52, 2.87, 9.39, 3.07, 2.43, 4.94, 6.94, 2.57, 7.56, 7.20, 6.59, 9.85, 2.59, 4.71, 7.25, 0.64, 5.37, 1.75, 3.89, 4.92, 2.28, 5.02, 6.82, 3.27, 5.61, 3.96, 8.17, 6.93, 3.41, 8.58, 7.66, 0.42, 5.17, 0.41, 0.97, 2.84, 2.49, 6.02, 7.70, 4.62, 4.77, 6.20, 8.67, 4.50
6,681.95,996.59,1.31, 2.55, 5.83, 1.59, 9.43, 2.39, 5.52, 2.87, 9.39, 3.07, 2.43, 4.94, 6.94, 2.57, 7.56, 7.20, 6.59, 9.85, 2.59, 4.71, 7.25, 0.64, 5.37, 1.75, 3.89, 4.92, 2.28, 5.02, 6.82, 3.27, 5.61, 3.96, 8.17, 6.93, 3.41, 8.58, 7.66, 0.42, 5.17, 0.41, 0.97, 2.84, 2.49, 6.02, 7.70, 4.62, 4.77, 6.20, 8.67, 4.50
7,648.00,825.00,1.70, 2.55, 1.34, 2.67, 5.66, 2.39, 3.92, 2.87, 1.95, 1.41, 2.43, 6.58, 1.09, 2.57, 3.37, 7.20, 7.83, 9.85, 0.82, 3.28, 4.60, 0.33, 7.00, 1.78, 4.56, 5.36, 5.78, 3.04, 4.82, 8.59, 3.13, 8.00, 5.23, 6.93, 1.17, 3.00, 0.54, 9.80, 5.17, 0.41, 0.97, 9.33, 1.31, 6.41, 0.30, 8.31, 4.23, 9.86, 9.76, 3.19
8,614.00,845.00,1.31, 8.71, 5.83, 7.31, 4.42, 2.42, 2.16, 8.61, 0.30, 4.47, 4.38, 0.88, 6.94, 2.57, 6.02, 4.13, 4.19, 9.85, 0.76, 7.52, 1.00, 0.83, 3.40, 0.78, 7.65, 6.47, 5.32, 8.57, 9.32, 8.59, 3.13, 8.00, 5.23, 6.93, 1.17, 3.00, 0.54, 9.80, 5.17, 0.41, 0.97, 9.33, 1.31, 6.41, 0.30, 8.31, 4.23, 9.86, 9.76, 3.19
9,627.50,825.00,2.25, 7.97, 7.06, 0.18, 0.93, 2.39, 4.52, 2.87, 9.39, 3.07, 2.43, 4.94, 6.94, 2.57, 7.56, 7.20, 6.59, 9.85, 2.59, 4.71, 7.25, 0.64, 5.37, 1.75, 3.89, 4.92, 2.28, 5.02, 6.82, 3.27, 5.61, 3.96, 8.17, 6.93, 3.41, 8.58, 7.66, 0.42, 5.17, 0.41, 0.97, 2.84, 2.49, 6.02, 7.70, 4.62, 4.77, 6.20, 8.67, 4.50
10,602.50,760.00,1.31, 2.55, 5.83, 1.59, 9.43, 2.39, 5.52, 2.87, 9.39, 3.07, 1.62, 2.17, 6.02, 7.71, 7.56, 7.38, 6.59, 8.07, 1.16, 6.99, 1.26, 7.15, 5.37, 7.28, 3.89, 3.04, 6.12, 0.56, 6.82, 3.59, 3.48, 4.35, 8.17, 6.93, 3.41, 3.00, 0.54, 9.80, 5.17, 0.41, 0.97, 2.84, 2.49, 8.90, 0.76, 9.25, 4.23, 3.24, 4.24, 4.50
11,680.50,825.00,1.31, 6.78, 9.22, 7.33, 6.18, 6.78, 0.66, 7.66, 1.95, 1.73, 0.24, 5.95, 9.91, 9.88, 7.56, 0.67, 2.72, 9.85, 8.06, 4.71, 3.71, 4.95, 2.93, 1.75, 8.82, 3.41, 2.59, 5.57, 6.82, 1.01, 6.98, 9.58, 1.27, 2.26, 4.00, 1.69, 0.72, 8.34, 5.83, 8.01, 0.97, 6.69, 1.31, 3.67, 6.35, 0.44, 3.18, 4.70, 9.83, 5.96
12,757.30,982.96,2.68, 5.31, 7.06, 1.16, 0.01, 2.39, 5.52, 4.13, 9.39, 8.61, 1.62, 2.17, 6.02, 7.71, 7.56, 7.38, 6.59, 8.07, 1.16, 6.99, 1.26, 7.15, 5.37, 7.28, 3.89, 3.41, 2.59, 8.46, 5.29, 6.03, 2.77, 2.50, 3.43, 6.32, 2.95, 3.39, 0.54, 5.05, 3.07, 5.92, 7.45, 0.68, 1.31, 6.41, 1.14, 3.89, 4.40, 9.86, 0.99, 3.19
13,565.50,820.00,1.31, 2.55, 5.83, 1.59, 9.43, 2.39, 5.52, 2.87, 9.39, 3.07, 1.62, 2.17, 6.02, 7.71, 7.56, 7.38, 6.59, 8.07, 3.54, 6.74, 1.26, 7.15, 0.62, 9.94, 5.01, 3.04, 6.12, 0.58, 0.44, 5.98, 0.99, 1.59, 8.17, 1.01, 3.41, 8.86, 0.54, 6.04, 5.17, 5.92, 0.97, 2.84, 1.31, 6.41, 6.43, 7.40, 4.23, 9.86, 9.83, 6.30
14,677.50,840.00,0.59, 3.27, 6.34, 7.87, 3.75, 2.39, 7.55, 4.13, 9.39, 8.61, 2.64, 2.17, 6.02, 8.74, 6.35, 8.14, 6.07, 0.25, 7.88, 1.49, 1.26, 5.72, 5.37, 9.10, 3.48, 5.65, 8.94, 5.76, 1.55, 6.03, 0.06, 8.35, 9.69, 6.21, 6.47, 5.91, 0.25, 9.80, 0.86, 6.19, 7.24, 2.84, 8.07, 6.41, 7.20, 4.73, 4.23, 9.86, 5.74, 0.88
15,618.00,840.00,0.59, 3.27, 6.34, 7.87, 3.75, 2.39, 7.55, 4.13, 9.39, 8.61, 2.64, 2.17, 6.02, 8.74, 6.35, 8.14, 6.07, 0.25, 7.88, 1.49, 1.26, 5.72, 5.37, 9.10, 3.48, 5.65, 8.94, 5.76, 1.55, 6.03, 0.06, 8.35, 9.69, 6.21, 6.47, 5.91, 0.25, 9.80, 0.86, 6.19, 7.24, 2.84, 8.07, 6.41, 7.20, 4.73, 4.23, 9.86, 5.74, 0.88
16,603.16,885.00,2.36, 3.41, 8.81, 1.59, 6.45, 3.26, 3.04, 4.62, 6.47, 8.61, 0.08, 4.12, 2.23, 7.94, 9.72, 9.77, 7.92, 7.21, 4.51, 4.77, 2.39, 7.89, 5.37, 9.94, 5.84, 0.09, 5.30, 0.59, 1.90, 5.98, 7.38, 6.05, 6.96, 6.24, 7.19, 8.86, 8.30, 1.97, 7.39, 2.20, 5.74, 0.05, 9.24, 1.95, 0.27, 6.04, 4.91, 5.34, 4.59, 8.63
17,655.00,865.00,1.31, 7.85, 7.04, 9.58, 4.79, 0.73, 5.21, 8.15, 9.74, 3.79, 6.05, 3.63, 1.67, 1.45, 7.83, 6.78, 4.60, 6.61, 1.16, 6.99, 1.26, 7.15, 6.04, 9.94, 9.19, 6.72, 8.76, 0.59, 0.44, 5.98, 7.38, 0.25, 3.44, 6.93, 1.17, 3.00, 0.54, 9.80, 5.17, 0.41, 0.97, 9.33, 1.31, 6.41, 0.30, 8.31, 2.76, 4.70, 9.83, 5.96
18,627.59,1002.96,2.36, 3.41, 8.81, 1.59, 6.45, 3.26, 3.04, 4.62, 6.47, 8.61, 1.62, 2.17, 6.02, 7.71, 7.56, 7.38, 6.59, 8.07, 1.29, 1.49, 0.18, 9.98, 6.54, 4.74, 10.00, 4.61, 0.59, 9.16, 0.90, 5.98, 7.38, 0.25, 3.44, 6.93, 1.17, 3.00, 0.54, 9.80, 5.17, 0.41, 0.97, 9.33, 1.31, 6.41, 0.30, 8.31, 2.76, 4.70, 9.83, 5.96
19,643.16,916.59,4.28, 3.47, 5.83, 9.58, 0.50, 2.39, 5.52, 9.43, 3.46, 8.26, 4.69, 7.74, 6.23, 7.63, 6.17, 3.34, 5.37, 8.07, 1.16, 6.99, 1.26, 7.15, 5.37, 7.28, 3.89, 3.04, 0.89, 3.51, 0.90, 6.68, 4.53, 0.25, 3.34, 6.19, 6.74, 1.82, 9.73, 9.80, 0.56, 9.13, 6.77, 3.10, 2.54, 6.41, 0.30, 5.47, 5.23, 7.30, 9.83, 0.07
20,533.00,740.00,1.31, 2.55, 5.83, 9.80, 2.98, 2.39, 5.52, 2.22, 6.47, 8.61, 0.41, 7.74, 9.61, 7.63, 2.85, 3.34, 0.11, 8.07, 7.28, 0.56, 8.58, 7.15, 4.90, 6.16, 3.89, 3.85, 3.10, 0.53, 7.56, 3.59, 3.48, 7.36, 2.23, 6.93, 4.55, 0.30, 7.23, 6.87, 5.17, 0.41, 3.87, 9.33, 6.65, 8.37, 7.90, 8.31, 9.08, 4.91, 1.14, 8.49
21,631.80,922.96,1.57, 2.69, 6.99, 8.89, 7.84, 4.91, 1.02, 6.59, 5.08, 2.53, 0.10, 7.36, 3.34, 0.46, 1.78, 8.72, 5.37, 2.18, 1.16, 6.99, 1.26, 2.05, 5.37, 7.28, 0.40, 3.04, 6.12, 5.18, 6.82, 6.12, 8.38, 0.84, 5.23, 5.25, 0.85, 4.30, 0.54, 9.80, 5.17, 2.86, 3.69, 0.30, 1.31, 4.50, 1.73, 9.29, 6.89, 4.70, 9.83, 5.96
22,693.30,922.96,1.57, 2.69, 6.99, 8.89, 7.84, 4.91, 1.02, 6.59, 5.08, 2.53, 0.10, 7.36, 3.34, 0.46, 1.78, 8.72, 5.37, 2.18, 1.16, 6.99, 1.26, 2.05, 5.37, 7.28, 0.40, 3.04, 6.12, 5.18, 6.82, 6.12, 8.38, 0.84, 5.23, 5.25, 0.85, 4.30, 0.54, 9.80, 5.17, 2.86, 3.69, 0.30, 1.31, 6.41, 0.30, 8.31, 0.84, 6.45, 9.83, 4.50
23,630.59,922.96,1.57, 2.69, 6.99, 8.89, 7.84, 4.91, 1.02, 6.59, 5.08, 2.53, 0.10, 7.36, 3.34, 0.46, 1.78, 8.72, 5.37, 2.18, 1.16, 6.99, 1.26, 2.05, 5.37, 7.28, 0.40, 3.04, 6.12, 5.18, 6.82, 6.12, 8.38, 0.84, 5.23, 5.25, 0.85, 4.30, 0.54, 9.80, 5.17, 2.86, 3.69, 0.30, 1.31, 6.41, 0.30, 8.31, 0.84, 6.45, 9.83, 4.50
24,756.30,945.00,1.31, 2.55, 5.83, 1.59, 9.43, 2.39, 5.52, 8.05, 6.47, 8.61, 1.68, 8.63, 7.77, 0.46, 6.17, 3.34, 5.37, 8.07, 7.40, 6.99, 5.67, 7.15, 5.37, 7.28, 0.40, 3.04, 6.12, 5.18, 6.82, 6.12, 8.38, 0.84, 5.23, 6.93, 1.17, 3.00, 0.54, 9.80, 5.17, 0.41, 0.97, 9.33, 1.31, 4.50, 1.73, 9.29, 6.89, 4.70, 9.83, 5.96
25,707.00,945.00,0.20, 2.69, 9.90, 1.51, 7.84, 0.01, 9.94, 1.62, 4.87, 6.79, 8.07, 1.92, 3.88, 0.46, 6.17, 3.34, 5.37, 8.07, 1.16, 6.99, 1.26, 9.32, 1.18, 7.28, 3.89, 3.04, 6.12, 0.56, 6.82, 3.59, 3.48, 4.35, 5.23, 6.93, 1.17, 3.00, 0.54, 9.80, 5.17, 0.41, 0.97, 9.33, 1.31, 4.50, 1.73, 9.29, 6.89, 4.70, 9.83, 5.96
26,784.00,945.00,0.20, 2.69, 9.90, 1.51, 7.84, 0.01, 9.94, 1.62, 4.87, 6.79, 8.07, 1.92, 3.88, 0.46, 6.17, 3.34, 5.37, 8.07, 1.16, 6.99, 1.26, 9.32, 1.18, 7.28, 3.89, 3.04, 6.12, 0.56, 6.82, 3.59, 3.48, 4.35, 5.23, 6.93, 1.17, 3.00, 0.54, 9.80, 5.17, 0.41, 0.97, 9.33, 1.31, 4.50, 1.73, 9.29, 6.89, 4.70, 9.83, 5.96
27,662.50,885.00,6.14, 0.74, 1.59, 4.60, 0.59, 3.57, 4.00, 3.44, 2.87, 7.86, 5.27, 3.73, 9.71, 0.46, 1.98, 9.49, 8.34, 8.07, 1.16, 5.88, 0.46, 1.30, 1.53, 9.60, 4.89, 3.04, 6.12, 7.32, 6.82, 3.59, 2.68, 0.72, 5.23, 0.15, 2.63, 2.41, 9.65, 9.80, 3.32, 0.41, 3.69, 0.30, 1.31, 6.41, 1.73, 9.29, 6.89, 4.70, 9.83, 5.96
28,724.82,1036.59,2.80, 5.22, 9.90, 0.94, 3.34, 4.91, 3.61, 2.26, 3.30, 6.79, 8.07, 1.92, 7.17, 9.78, 8.17, 6.53, 3.85, 8.07, 1.16, 5.88, 0.46, 1.30, 1.53, 9.60, 4.89, 3.04, 6.12, 7.32, 6.82, 3.59, 2.68, 0.72, 5.23, 0.15, 2.63, 2.41, 9.65, 9.80, 3.32, 0.41, 3.69, 0.30, 1.31, 6.41, 1.73, 9.29, 6.89, 4.70, 9.83, 5.96
29,665.45,925.00,0.20, 1.99, 6.61, 3.57, 5.70, 0.01, 9.94, 4.72, 4.87, 6.79, 8.07, 4.33, 9.83, 0.46, 6.17, 4.02, 5.43, 0.95, 4.84, 6.99, 0.99, 9.32, 2.58, 2.83, 4.89, 3.04, 6.12, 7.32, 6.82, 3.59, 2.68, 0.72, 5.23, 0.15, 2.63, 2.41, 9.65, 9.80, 3.32, 0.41, 3.69, 0.30, 1.31, 6.41, 1.73, 9.29, 6.89, 4.70, 9.83, 5.96
30,758.25,882.96,0.70, 4.27, 7.65, 2.41, 5.81, 9.31, 0.76, 5.96, 1.78, 5.19, 6.76, 3.85, 7.37, 8.59, 2.53, 8.29, 2.69, 5.90, 1.84, 6.67, 0.91, 8.17, 7.70, 3.66, 4.42, 4.22, 6.35, 9.94, 3.64, 1.83, 6.18, 4.65, 7.09, 6.93, 1.29, 6.42, 6.26, 8.60, 3.32, 0.41, 3.69, 0.30, 9.35, 1.10, 0.05, 7.89, 8.63, 4.04, 1.95, 6.41
31,623.80,885.00,0.20, 2.69, 9.90, 1.51, 7.84, 0.01, 9.94, 1.62, 4.87, 6.79, 8.07, 9.45, 3.88, 0.46, 6.17, 8.14, 3.58, 3.97, 1.16, 6.99, 0.58, 0.69, 5.85, 4.26, 4.89, 0.77, 6.12, 7.26, 0.15, 9.62, 5.68, 0.72, 4.78, 0.15, 2.63, 2.41, 9.65, 9.80, 6.14, 3.24, 3.69, 9.86, 4.15, 8.18, 0.58, 9.03, 8.63, 4.70, 9.83, 2.35
32,793.59,905.00,0.20, 2.69, 9.90, 1.51, 7.84, 0.01, 9.94, 1.62, 4.87, 6.79, 8.07, 9.45, 3.88, 0.46, 6.17, 8.14, 3.58, 3.97, 1.16, 6.99, 0.58, 0.69, 5.85, 4.26, 4.89, 4.22, 6.35, 9.94, 3.64, 1.83, 6.18, 4.65, 7.09, 6.93, 1.29, 6.42, 6.26, 8.60, 3.32, 0.41, 3.69, 0.30, 9.35, 1.10, 0.05, 7.89, 6.89, 8.27, 5.94, 5.96
33,733.59,942.96,0.70, 8.47, 7.65, 2.41, 5.55, 9.31, 0.76, 5.96, 3.43, 0.93, 9.15, 3.85, 7.37, 2.55, 4.85, 8.29, 2.69, 5.90, 8.69, 0.03, 1.04, 5.52, 6.91, 2.96, 4.42, 2.27, 2.56, 9.79, 3.64, 1.83, 6.55, 7.89, 9.26, 0.24, 1.01, 7.04, 6.26, 4.26, 3.70, 6.58, 7.61, 0.30, 2.12, 6.42, 4.12, 0.15, 4.89, 3.83, 1.84, 2.35
34,735.80,942.96,0.70, 8.47, 7.65, 2.41, 5.55, 9.31, 0.76, 5.96, 3.43, 0.93, 9.15, 3.85, 7.37, 2.55, 4.85, 8.29, 2.69, 5.90, 8.69, 0.03, 1.04, 5.52, 6.91, 2.96, 4.42, 2.27, 2.56, 9.79, 3.64, 1.83, 6.55, 7.89, 9.26, 0.24, 1.01, 7.04, 6.26, 4.26, 3.70, 6.58, 7.61, 0.30, 2.12, 6.42, 4.12, 0.15, 4.89, 3.83, 1.84, 2.35
35,750.50,945.00,0.70, 8.47, 7.65, 2.41, 5.55, 9.31, 0.76, 5.96, 3.43, 0.93, 9.15, 3.85, 7.37, 2.55, 4.85, 8.29, 2.69, 5.90, 8.69, 0.03, 1.04, 5.52, 6.91, 2.96, 4.42, 2.27, 2.56, 9.79, 3.64, 7.86, 9.07, 1.44, 4.26, 8.75, 0.22, 5.82, 7.76, 2.14, 9.80, 9.69, 3.42, 0.30, 2.12, 6.42, 7.33, 6.99, 4.89, 5.82, 1.84, 8.20
36,878.50,885.00,0.39, 4.27, 8.06, 9.88, 9.27, 8.08, 0.72, 5.96, 7.31, 9.83, 4.76, 3.85, 3.61, 8.59, 2.53, 1.74, 2.69, 3.84, 3.00, 6.67, 5.88, 6.94, 7.70, 0.59, 4.42, 0.77, 6.12, 7.26, 7.52, 9.62, 3.67, 0.33, 2.25, 4.21, 6.03, 5.82, 3.68, 6.30, 5.16, 7.19, 0.39, 4.02, 3.78, 2.96, 0.05, 5.73, 6.89, 0.64, 5.94, 5.96
37,705.80,885.00,0.39, 4.27, 8.06, 9.88, 9.27, 8.08, 0.72, 5.96, 7.31, 9.83, 4.76, 3.85, 3.61, 8.59, 2.53, 1.74, 2.69, 3.84, 3.00, 6.67, 5.88, 6.94, 7.70, 0.59, 4.42, 0.77, 6.12, 7.26, 7.52, 9.62, 3.67, 0.33, 2.25, 4.21, 6.03, 5.82, 3.68, 6.30, 5.16, 7.19, 0.39, 4.02, 3.78, 2.96, 0.05, 5.73, 6.89, 0.64, 5.94, 5.96
38,815.83,1008.28,0.39, 3.72, 8.06, 3.38, 9.27, 8.08, 6.14, 3.88, 0.47, 5.62, 9.19, 0.33, 3.61, 8.59, 2.53, 8.06, 7.39, 3.84, 3.00, 6.67, 7.54, 4.74, 4.34, 0.59, 4.42, 0.77, 6.12, 7.26, 7.52, 9.62, 3.67, 0.33, 2.25, 4.21, 6.03, 5.82, 3.68, 6.30, 5.16, 7.19, 0.39, 4.02, 3.78, 2.96, 0.05, 5.73, 6.89, 0.64, 5.94, 5.96
39,743.50,925.00,0.39, 6.01, 8.06, 5.32, 9.96, 5.21, 9.81, 9.27, 7.51, 8.41, 7.62, 6.47, 7.90, 5.04, 5.05, 1.01, 2.69, 1.92, 5.43, 6.67, 5.88, 4.74, 4.34, 0.59, 4.42, 0.77, 6.12, 7.26, 7.52, 9.62, 3.67, 0.33, 2.25, 4.21, 6.03, 5.82, 3.68, 6.30, 5.16, 7.19, 0.39, 4.02, 3.78, 2.96, 0.05, 5.73, 6.89, 0.64, 5.94, 5.96
40,733.30,965.00,0.39, 4.27, 8.06, 9.88, 9.27, 8.08, 0.72, 5.96, 7.31, 9.83, 4.76, 3.85, 3.61, 8.59, 2.53, 8.06, 7.39, 3.84, 3.00, 6.67, 5.88, 6.94, 7.70, 0.59, 4.42, 0.77, 6.12, 7.26, 7.52, 9.62, 3.67, 0.33, 2.25, 4.21, 6.03, 5.82, 3.68, 6.30, 5.16, 7.19, 0.39, 4.02, 3.78, 2.96, 0.05, 5.73, 6.89, 0.64, 5.94, 5.96
41,607.00,925.00,0.39, 6.01, 8.06, 5.32, 9.96, 5.21, 9.81, 9.27, 7.51, 8.41, 7.62, 6.47, 7.90, 5.04, 1.28, 8.78, 6.67, 8.87, 3.00, 5.38, 6.12, 6.94, 3.01, 0.59, 8.57, 0.57, 6.12, 7.26, 5.96, 2.59, 3.67, 0.33, 9.13, 3.64, 1.16, 5.82, 9.46, 7.30, 7.70, 0.77, 0.39, 4.02, 3.78, 5.10, 1.44, 5.73, 6.89, 0.64, 1.90, 9.44
42,609.95,1042.96,0.39, 6.01, 8.06, 5.32, 9.96, 2.90, 6.14, 2.14, 7.86, 9.83, 7.03, 9.77, 4.25, 7.44, 2.53, 1.39, 1.44, 2.50, 4.55, 4.85, 5.88, 6.94, 7.70, 2.18, 0.39, 9.91, 6.12, 7.26, 5.96, 2.59, 3.67, 0.33, 9.13, 3.64, 1.16, 5.82, 9.46, 7.30, 7.70, 0.77, 0.39, 4.02, 3.78, 5.10, 1.44, 5.73, 6.89, 0.64, 1.90, 9.44
43,642.62,1128.28,0.33, 4.54, 1.07, 5.69, 2.29, 4.23, 9.81, 9.27, 7.28, 9.54, 2.76, 0.46, 5.13, 5.24, 7.50, 1.74, 7.25, 5.49, 4.46, 9.91, 7.93, 3.55, 7.32, 8.05, 9.81, 5.42, 9.72, 4.18, 8.91, 1.47, 2.13, 4.38, 4.16, 3.64, 8.26, 5.63, 9.46, 8.53, 1.63, 1.10, 2.80, 4.02, 3.92, 9.42, 3.55, 5.73, 6.89, 5.03, 1.90, 4.88
44,701.50,845.00,0.39, 6.94, 7.95, 5.32, 9.96, 1.03, 3.22, 4.44, 7.42, 5.09, 5.93, 0.17, 8.89, 3.29, 7.50, 1.74, 5.90, 5.49, 2.42, 9.91, 6.37, 4.92, 7.32, 8.05, 7.99, 5.42, 4.15, 4.18, 8.91, 3.18, 2.13, 6.14, 4.16, 2.89, 8.91, 5.63, 9.46, 1.42, 0.83, 1.95, 6.91, 3.52, 3.92, 0.79, 0.82, 1.68, 6.89, 7.24, 3.06, 3.39
45,653.50,820.00,0.33, 6.86, 1.22, 7.72, 7.57, 4.23, 6.59, 7.82, 7.28, 4.64, 8.81, 7.48, 0.58, 9.30, 7.50, 3.44, 9.51, 3.73, 4.46, 8.28, 5.88, 3.17, 5.22, 7.01, 6.80, 6.62, 2.57, 3.43, 7.09, 9.69, 1.49, 9.75, 0.49, 8.60, 5.47, 6.58, 0.49, 3.86, 3.20, 4.34, 4.40, 4.48, 6.26, 7.01, 3.77, 1.29, 6.89, 1.07, 6.88, 4.49
46,604.00,740.00,0.39, 7.15, 9.44, 5.31, 9.39, 5.21, 9.81, 6.13, 9.25, 9.54, 6.19, 1.35, 9.50, 2.22, 0.42, 4.82, 9.51, 5.15, 8.94, 5.52, 5.88, 1.58, 6.84, 7.01, 9.48, 8.10, 6.12, 9.52, 1.60, 2.32, 2.13, 5.29, 9.71, 4.15, 3.40, 6.58, 1.68, 3.86, 7.05, 0.80, 3.33, 3.46, 3.90, 9.22, 9.60, 2.37, 0.27, 6.84, 9.59, 4.88
47,598.50,760.00,0.33, 6.86, 1.22, 7.72, 7.57, 4.23, 6.59, 7.82, 7.28, 4.64, 8.81, 7.48, 0.58, 9.30, 7.50, 3.44, 9.51, 3.73, 4.46, 8.28, 5.88, 3.17, 5.22, 7.01, 6.80, 6.62, 2.57, 3.43, 7.09, 3.95, 0.71, 3.08, 5.03, 0.73, 7.84, 8.20, 6.05, 3.86, 9.30, 7.19, 1.18, 2.62, 1.59, 9.42, 9.60, 1.14, 0.80, 9.52, 1.00, 3.35
48,619.00,825.00,0.33, 6.86, 1.22, 7.72, 7.57, 4.23, 6.59, 7.82, 7.28, 4.64, 8.81, 7.48, 0.58, 9.30, 7.50, 3.44, 9.51, 3.73, 4.46, 8.28, 5.88, 3.17, 3.82, 7.01, 9.81, 0.77, 6.12, 7.26, 7.52, 9.69, 2.13, 5.29, 5.03, 4.21, 6.03, 6.58, 6.05, 3.86, 9.30, 7.19, 1.18, 2.62, 1.59, 9.42, 9.60, 1.14, 0.80, 9.52, 1.00, 3.35
49,706.50,885.00,0.33, 7.56, 3.10, 7.11, 3.44, 7.35, 6.59, 3.79, 9.84, 4.35, 8.81, 0.98, 1.82, 9.30, 7.50, 1.28, 1.06, 3.73, 1.02, 1.69, 4.54, 3.80, 5.22, 2.07, 5.34, 0.99, 5.40, 3.43, 6.84, 6.13, 5.02, 0.33, 6.46, 0.73, 4.21, 8.87, 7.54, 3.86, 9.30, 1.75, 5.82, 2.62, 1.59, 7.18, 1.42, 1.14, 4.85, 9.52, 5.06, 6.28
50,559.00,860.00,0.33, 7.56, 3.10, 7.11, 3.44, 7.35, 6.59, 3.79, 9.84, 4.35, 8.81, 0.98, 1.82, 9.30, 7.50, 1.28, 1.06, 3.73, 1.02, 1.69, 4.54, 3.80, 5.22, 2.07, 5.34, 0.99, 5.40, 3.43, 6.84, 6.13, 5.02, 0.33, 6.46, 0.73, 4.21, 8.87, 7.54, 3.86, 9.30, 7.19, 1.18, 2.62, 1.59, 9.42, 9.60, 1.14, 0.80, 9.52, 1.00, 3.35
51,542.50,760.00,0.33, 6.86, 1.22, 7.72, 7.57, 4.23, 6.59, 7.82, 7.28, 4.64, 8.81, 7.48, 0.58, 9.30, 7.50, 3.44, 9.51, 3.73, 4.46, 8.28, 5.88, 3.17, 5.22, 7.01, 6.80, 6.62, 2.57, 3.43, 7.09, 3.95, 0.71, 3.08, 5.03, 0.73, 7.84, 8.20, 6.05, 3.86, 9.30, 7.19, 1.18, 2.62, 1.59, 9.42, 9.60, 1.14, 0.80, 9.52, 1.00, 3.35
52,439.00,760.00,0.33, 6.86, 8.40, 7.79, 4.48, 1.54, 1.10, 7.82, 4.63, 7.13, 8.81, 7.48, 3.51, 3.09, 4.70, 5.00, 2.91, 5.53, 0.81, 8.28, 0.71, 3.17, 3.43, 5.88, 6.80, 4.07, 0.67, 7.45, 3.59, 2.80, 2.60, 3.08, 8.67, 0.73, 7.84, 8.20, 6.05, 3.86, 9.30, 7.19, 1.18, 2.62, 1.59, 9.42, 9.60, 9.92, 0.80, 2.94, 6.16, 2.14
53,671.00,965.00,0.33, 8.10, 9.40, 3.77, 6.37, 0.90, 4.26, 8.80, 7.86, 4.64, 9.89, 0.52, 8.26, 6.03, 7.50, 5.00, 2.91, 5.53, 0.81, 8.28, 0.71, 3.17, 3.43, 5.88, 6.80, 4.07, 0.67, 7.45, 3.59, 2.80, 2.60, 3.08, 8.67, 0.73, 7.84, 8.20, 6.05, 3.86, 9.30, 7.19, 1.18, 2.62, 1.59, 9.42, 9.60, 9.92, 0.80, 2.94, 6.16, 2.14
54,621.80,962.96,0.33, 8.10, 9.40, 3.77, 6.37, 0.90, 4.26, 8.80, 7.86, 4.64, 9.89, 0.52, 8.26, 6.03, 7.50, 5.00, 5.14, 9.36, 0.53, 3.53, 1.59, 6.50, 0.13, 3.58, 2.90, 0.99, 5.40, 4.36, 5.89, 2.75, 5.02, 2.12, 7.70, 6.36, 5.14, 8.91, 5.76, 0.86, 2.94, 9.58, 8.19, 1.77, 1.59, 9.44, 4.01, 1.71, 0.60, 4.13, 2.11, 2.14
55,688.30,962.96,0.33, 8.10, 9.40, 3.77, 6.37, 0.90, 4.26, 8.80, 7.86, 4.64, 9.89, 0.52, 8.26, 6.03, 7.50, 5.00, 5.14, 9.36, 0.53, 3.53, 1.59, 6.50, 0.13, 3.58, 2.90, 0.99, 5.40, 4.36, 5.89, 2.75, 5.02, 2.12, 7.70, 6.36, 5.14, 8.91, 5.76, 0.86, 2.94, 9.58, 8.19, 1.77, 1.59, 9.44, 4.01, 1.71, 0.60, 4.13, 2.11, 2.14
56,678.80,962.96,0.33, 5.35, 9.40, 3.77, 6.37, 0.90, 4.26, 8.80, 7.86, 4.64, 9.89, 0.52, 8.26, 6.03, 7.50, 5.00, 5.14, 9.36, 0.53, 3.53, 1.59, 6.50, 0.13, 3.58, 2.90, 0.99, 5.40, 4.36, 5.89, 2.75, 5.02, 2.12, 7.70, 6.36, 5.14, 8.91, 5.76, 0.86, 2.94, 9.58, 8.19, 1.77, 1.59, 9.44, 4.01, 1.71, 0.60, 4.13, 2.11, 2.14
57,690.80,905.00,0.33, 9.56, 7.01, 3.45, 4.21, 1.35, 0.30, 6.78, 7.86, 8.66, 2.42, 0.52, 8.26, 5.63, 1.68, 5.00, 0.07, 1.68, 0.53, 8.90, 1.59, 7.14, 5.71, 8.39, 2.90, 0.99, 7.10, 2.40, 1.90, 0.96, 6.34, 4.54, 0.42, 1.81, 8.81, 8.21, 3.79, 2.99, 1.07, 0.43, 1.18, 2.62, 1.59, 9.42, 9.60, 9.92, 0.80, 2.94, 6.16, 2.14
58,665.09,1022.96,0.33, 5.35, 9.40, 3.77, 6.37, 0.90, 4.26, 8.80, 7.86, 4.64, 9.89, 0.52, 8.26, 6.03, 7.50, 5.00, 5.14, 9.36, 0.53, 3.53, 1.59, 7.14, 5.71, 8.39, 2.90, 0.99, 7.10, 2.40, 1.90, 0.96, 6.34, 4.54, 0.42, 1.81, 8.81, 8.21, 3.79, 2.99, 1.07, 0.43, 1.18, 2.62, 1.59, 9.42, 9.60, 9.92, 0.80, 2.94, 6.16, 2.14
59,760.18,1022.96,0.33, 5.35, 9.40, 3.77, 6.37, 0.90, 4.26, 8.80, 7.86, 4.64, 9.89, 0.52, 8.26, 6.03, 7.50, 5.00, 5.14, 9.36, 0.53, 3.53, 1.59, 7.14, 5.71, 8.39, 2.90, 0.99, 7.10, 2.40, 1.90, 0.96, 6.34, 4.54, 0.42, 1.81, 8.81, 8.21, 3.79, 2.99, 1.07, 0.43, 1.18, 2.62, 1.59, 9.42, 9.60, 9.92, 0.80, 2.94, 6.16, 8.56
60,774.59,962.96,0.33, 1.40, 9.40, 3.71, 7.15, 0.90, 6.11, 5.40, 8.68, 2.37, 9.00, 5.34, 8.39, 1.09, 2.77, 7.59, 5.14, 1.96, 4.74, 3.53, 3.22, 9.48, 0.13, 3.58, 2.90, 4.00, 9.86, 4.05, 5.86, 5.69, 8.77, 0.57, 0.99, 0.73, 6.41, 9.95, 0.28, 2.29, 4.84, 6.91, 4.69, 1.32, 2.50, 8.23, 4.01, 7.35, 6.10, 3.99, 6.01, 2.14
61,665.89,962.96,0.33, 1.40, 9.40, 3.71, 7.15, 0.90, 6.11, 5.40, 8.68, 2.37, 9.00, 5.34, 8.39, 1.09, 2.77, 7.59, 5.14, 1.96, 4.74, 3.53, 3.22, 9.48, 0.13, 3.58, 2.90, 4.00, 9.86, 4.05, 5.86, 5.69, 8.77, 0.57, 0.99, 0.73, 6.41, 9.95, 0.28, 2.29, 4.84, 6.91, 4.69, 1.32, 2.50, 8.23, 4.01, 7.35, 6.10, 3.99, 6.01, 2.14
62,818.89,985.00,0.33, 1.40, 9.40, 3.71, 7.15, 0.90, 6.11, 5.40, 8.68, 2.37, 9.00, 5.34, 8.39, 4.81, 5.36, 2.53, 0.73, 7.30, 6.96, 7.34, 1.59, 0.55, 5.71, 8.39, 9.65, 7.23, 7.10, 5.97, 2.06, 2.75, 0.10, 7.07, 5.83, 8.99, 4.61, 8.20, 7.68, 9.14, 8.42, 7.81, 3.58, 1.08, 6.20, 9.54, 5.78, 7.91, 9.13, 8.76, 3.02, 0.53
63,752.80,985.00,0.33, 1.40, 9.40, 3.71, 7.15, 0.90, 6.11, 5.40, 8.68, 2.37, 9.00, 5.34, 8.39, 4.81, 5.36, 2.53, 0.73, 7.30, 6.96, 7.34, 1.59, 0.55, 5.71, 8.39, 9.65, 7.23, 7.10, 5.97, 2.06, 2.75, 0.10, 7.07, 5.83, 8.99, 4.61, 8.20, 7.68, 9.14, 8.42, 7.81, 3.58, 1.08, 6.20, 9.54, 5.78, 7.91, 9.13, 8.76, 3.02, 0.53
64,734.59,962.96,0.33, 1.40, 9.40, 3.71, 7.15, 0.90, 6.11, 5.40, 8.68, 2.37, 9.00, 5.34, 8.39, 1.09, 2.77, 7.59, 5.14, 1.96, 4.74, 3.53, 3.22, 9.48, 0.13, 3.58, 2.90, 4.00, 9.86, 4.05, 5.86, 5.69, 8.77, 0.57, 0.99, 0.73, 6.41, 9.95, 0.28, 2.29, 4.84, 6.91, 4.69, 1.32, 2.50, 8.23, 4.01, 7.35, 6.10, 3.99, 6.01, 2.14
65,717.80,962.96,0.33, 1.40, 9.40, 3.71, 7.15, 0.90, 6.11, 5.40, 8.68, 9.44, 9.00, 5.34, 8.39, 1.09, 2.77, 7.59, 5.14, 1.96, 4.74, 3.53, 3.22, 9.48, 0.13, 3.58, 2.90, 4.00, 9.86, 4.05, 5.86, 5.69, 8.77, 0.57, 0.99, 0.73, 6.41, 9.95, 0.28, 2.29, 4.84, 6.91, 4.69, 1.32, 2.50, 8.23, 4.01, 7.35, 6.10, 3.99, 6.01, 2.14
66,635.00,865.00,0.33, 1.40, 9.40, 3.71, 7.15, 0.90, 6.11, 5.40, 8.68, 9.44, 9.00, 5.34, 8.39, 1.09, 2.77, 7.59, 5.14, 1.96, 4.74, 3.53, 3.22, 9.48, 0.13, 3.58, 2.90, 4.00, 9.86, 4.05, 5.86, 5.69, 8.77, 0.57, 0.99, 0.73, 6.41, 9.95, 0.28, 2.29, 4.84, 6.91, 4.69, 1.32, 2.50, 8.23, 4.01, 7.35, 6.10, 8.76, 3.02, 5.16
67,710.66,865.00,0.33, 1.40, 9.40, 3.71, 7.15, 0.90, 6.11, 5.40, 8.68, 9.44, 9.00, 5.34, 8.39, 1.09, 2.77, 7.59, 5.14, 1.96, 4.74, 3.53, 3.22, 9.48, 0.13, 3.58, 2.90, 4.00, 9.86, 4.05, 5.86, 5.69, 8.77, 0.57, 0.99, 0.73, 6.41, 9.95, 0.28, 2.29, 4.84, 6.91, 4.69, 1.32, 2.50, 8.23, 4.01, 7.35, 6.10, 8.76, 3.02, 5.16
68,538.50,865.00,0.33, 1.40, 9.40, 3.71, 7.15, 0.90, 6.11, 5.40, 8.68, 9.44, 9.00, 5.34, 8.39, 1.09, 2.77, 7.59, 5.14, 1.96, 4.74, 3.53, 3.22, 9.48, 0.13, 3.58, 2.90, 4.00, 9.86, 4.05, 5.86, 5.69, 8.77, 0.57, 0.99, 0.73, 6.41, 9.95, 0.28, 2.29, 4.84, 6.91, 4.69, 1.32, 2.50, 8.23, 4.01, 7.35, 6.10, 8.76, 3.02, 5.16
69,672.30,982.96,0.33, 9.47, 0.96, 7.46, 2.45, 0.90, 7.84, 8.66, 8.68, 9.44, 9.00, 5.34, 8.39, 8.25, 2.46, 9.99, 5.14, 9.42, 3.99, 3.53, 8.06, 8.70, 5.03, 2.53, 2.90, 0.95, 8.91, 9.84, 5.86, 0.24, 9.30, 3.49, 9.22, 0.73, 7.23, 7.46, 0.28, 2.92, 9.12, 6.91, 4.69, 0.21, 1.88, 8.23, 4.01, 7.35, 9.77, 8.76, 4.98, 5.16
70,635.00,925.00,0.33, 9.95, 9.40, 7.42, 4.07, 1.84, 7.97, 7.89, 8.68, 0.32, 9.00, 4.58, 2.46, 1.62, 2.77, 7.59, 6.18, 5.00, 4.74, 9.12, 2.65, 0.87, 9.56, 1.46, 4.79, 2.98, 9.86, 5.47, 3.21, 5.69, 8.11, 0.57, 9.85, 0.73, 8.51, 8.61, 1.90, 3.01, 8.01, 4.14, 4.43, 1.32, 5.07, 0.01, 2.36, 2.14, 5.08, 4.35, 3.02, 5.16
71,600.00,885.00,0.33, 9.47, 4.61, 8.86, 5.59, 3.86, 6.11, 4.96, 4.58, 7.71, 4.41, 4.72, 2.46, 5.03, 3.97, 6.58, 5.98, 5.00, 6.94, 9.12, 2.65, 0.87, 9.56, 1.46, 4.79, 1.07, 0.85, 6.70, 6.81, 5.69, 3.62, 2.07, 8.75, 9.97, 4.98, 7.18, 1.61, 5.23, 8.21, 1.45, 6.62, 0.90, 0.74, 6.45, 0.45, 5.00, 4.66, 3.79, 2.82, 9.95
72,640.30,902.96,0.33, 9.47, 3.53, 3.71, 7.30, 3.78, 9.75, 7.11, 8.68, 8.14, 9.84, 0.57, 5.62, 7.73, 2.30, 5.48, 2.96, 7.61, 6.79, 7.03, 1.12, 7.19, 7.63, 1.74, 2.16, 3.05, 0.16, 8.11, 5.53, 8.27, 8.26, 6.77, 8.07, 9.51, 6.41, 8.72, 3.16, 4.35, 1.85, 6.00, 5.83, 1.32, 8.39, 9.57, 2.36, 8.93, 5.08, 1.39, 3.02, 5.16
73,555.16,811.59,2.35, 2.85, 0.82, 2.69, 4.15, 2.63, 8.26, 4.72, 2.19, 0.02, 7.31, 7.01, 8.53, 0.88, 6.35, 7.26, 2.89, 8.12, 5.64, 3.06, 3.59, 8.05, 7.32, 3.58, 0.11, 8.14, 9.14, 8.28, 3.59, 0.50, 8.26, 0.04, 7.49, 5.32, 6.41, 1.59, 0.54, 9.42, 1.04, 6.91, 5.40, 5.09, 2.52, 9.57, 2.36, 8.93, 5.08, 1.39, 3.02, 5.16
74,531.00,780.00,0.33, 9.47, 3.53, 3.71, 7.30, 3.78, 9.75, 7.11, 8.68, 8.14, 9.84, 0.57, 5.62, 7.73, 2.30, 1.45, 2.96, 7.61, 6.79, 9.32, 2.94, 3.77, 7.63, 9.17, 8.79, 1.07, 7.03, 1.68, 5.53, 2.43, 8.26, 9.48, 0.99, 0.33, 6.41, 4.98, 1.48, 2.06, 1.85, 6.00, 5.83, 1.32, 5.07, 0.01, 2.36, 2.14, 5.08, 4.35, 3.02, 5.16
75,619.00,820.00,0.33, 9.47, 3.53, 3.71, 7.30, 3.78, 9.75, 7.11, 8.68, 8.14, 9.84, 0.57, 5.62, 7.73, 2.30, 1.45, 2.96, 7.61, 6.79, 9.32, 2.94, 3.77, 7.63, 9.17, 8.79, 2.13, 0.41, 0.17, 4.81, 5.60, 2.91, 1.62, 8.85, 4.10, 6.41, 5.15, 0.39, 3.00, 4.05, 4.19, 0.62, 3.03, 8.37, 0.44, 2.36, 9.46, 3.27, 5.32, 6.83, 5.16
76,633.00,925.00,0.33, 9.47, 3.53, 3.71, 7.30, 3.78, 9.75, 7.11, 8.68, 8.14, 9.84, 0.57, 5.62, 7.73, 2.30, 1.45, 2.96, 7.61, 6.79, 6.46, 2.94, 9.88, 0.91, 9.17, 7.08, 2.13, 9.86, 6.98, 3.86, 5.60, 8.26, 2.21, 8.34, 4.10, 6.41, 4.98, 1.48, 2.99, 4.97, 2.48, 7.08, 8.90, 4.39, 4.97, 9.42, 1.52, 3.20, 1.96, 8.87, 0.82
77,687.66,1016.59,0.33, 9.47, 3.53, 3.71, 7.30, 3.78, 9.75, 7.11, 8.68, 8.14, 9.84, 0.57, 5.62, 7.73, 2.30, 1.45, 2.96, 7.61, 6.79, 9.32, 2.94, 3.77, 4.13, 3.16, 8.79, 4.88, 5.88, 7.22, 4.81, 0.73, 3.79, 4.17, 4.16, 7.39, 9.01, 2.02, 7.21, 3.00, 4.05, 4.27, 3.68, 3.03, 5.74, 7.99, 8.39, 5.59, 3.27, 0.50, 2.35, 4.90
78,793.95,1016.59,0.33, 9.47, 4.99, 4.06, 7.75, 3.95, 9.75, 7.11, 8.68, 8.14, 9.84, 0.57, 5.62, 7.73, 2.30, 1.45, 2.96, 7.61, 6.79, 9.32, 2.94, 3.77, 4.13, 3.16, 8.79, 4.88, 5.88, 7.22, 4.81, 0.73, 3.79, 4.17, 4.16, 7.39, 9.01, 2.02, 7.21, 3.00, 4.05, 4.27, 3.68, 3.03, 5.74, 7.99, 8.39, 5.59, 3.27, 0.50, 2.35, 4.90
79,715.30,985.00,0.33, 9.47, 3.53, 2.31, 2.69, 3.78, 9.75, 7.27, 8.37, 5.03, 0.08, 3.01, 5.62, 7.36, 5.34, 8.35, 0.08, 5.48, 8.92, 9.32, 1.07, 4.17, 5.44, 9.17, 2.34, 4.61, 6.77, 4.40, 5.53, 2.23, 3.88, 2.67, 0.99, 4.43, 7.20, 4.98, 3.17, 9.19, 1.85, 7.75, 9.49, 0.12, 8.35, 0.01, 4.18, 2.14, 5.08, 9.79, 3.02, 5.16
80,552.80,880.00,0.33, 9.47, 3.53, 3.71, 7.30, 3.78, 9.75, 6.74, 9.00, 5.28, 6.00, 1.37, 8.28, 6.02, 6.00, 1.45, 3.41, 6.77, 2.96, 8.03, 7.69, 1.76, 4.13, 3.28, 4.23, 6.51, 9.86, 6.98, 3.86, 5.60, 8.26, 2.21, 8.34, 4.10, 6.41, 6.14, 0.39, 8.93, 4.05, 4.58, 1.03, 6.30, 2.51, 6.85, 7.47, 9.46, 8.86, 5.32, 9.54, 3.52
81,733.00,925.00,0.33, 9.47, 3.53, 3.71, 7.30, 3.78, 9.75, 6.74, 9.00, 5.28, 2.52, 1.09, 1.46, 4.75, 4.09, 7.58, 6.16, 7.99, 6.79, 9.94, 7.69, 4.38, 1.98, 2.05, 4.23, 6.51, 9.86, 4.28, 5.63, 5.60, 7.02, 2.21, 0.51, 6.94, 6.41, 2.44, 6.30, 7.66, 7.34, 3.30, 9.49, 0.12, 2.53, 1.95, 0.01, 1.67, 8.23, 4.20, 4.29, 7.67
82,608.50,825.00,3.16, 0.70, 7.89, 7.93, 5.16, 3.63, 3.07, 2.71, 5.47, 6.19, 6.00, 1.37, 8.28, 6.02, 6.00, 1.45, 3.41, 6.77, 2.96, 8.03, 7.69, 1.76, 4.13, 2.05, 4.23, 6.51, 9.86, 4.28, 5.63, 5.60, 7.02, 2.21, 0.51, 6.94, 6.41, 2.44, 6.30, 7.66, 7.34, 3.30, 9.49, 0.12, 2.53, 1.95, 0.01, 1.67, 8.23, 4.20, 4.29, 7.67
83,526.50,825.00,3.16, 0.70, 7.89, 7.93, 5.16, 3.63, 3.07, 2.71, 5.47, 6.19, 6.00, 1.37, 8.28, 6.02, 6.00, 1.45, 3.41, 6.77, 2.96, 8.03, 7.69, 1.76, 4.13, 2.05, 4.23, 6.51, 9.86, 4.28, 5.63, 5.60, 7.02, 2.21, 0.51, 6.94, 6.41, 2.44, 6.30, 7.66, 7.34, 3.30, 9.49, 0.12, 2.53, 1.95, 0.01, 1.67, 8.23, 4.20, 4.29, 7.67
84,740.50,945.00,0.50, 2.28, 9.67, 8.63, 7.30, 0.26, 7.11, 2.62, 7.94, 2.65, 1.80, 2.79, 7.46, 0.57, 6.74, 4.36, 2.79, 3.21, 6.17, 9.34, 7.69, 1.76, 7.51, 3.28, 4.23, 6.51, 9.86, 6.98, 3.86, 5.60, 8.26, 2.21, 8.34, 4.10, 3.17, 3.44, 7.44, 4.52, 3.72, 2.84, 1.84, 8.62, 4.68, 3.67, 3.14, 3.83, 4.56, 9.66, 9.43, 4.19
85,643.00,885.00,0.33, 3.71, 2.45, 0.41, 4.92, 8.16, 8.83, 1.05, 8.80, 2.75, 1.80, 9.83, 2.65, 2.86, 3.17, 4.36, 9.58, 2.30, 4.35, 9.18, 7.69, 0.37, 4.13, 3.28, 4.23, 6.51, 9.86, 6.98, 3.86, 5.60, 8.26, 2.21, 8.34, 4.10, 3.17, 3.44, 7.44, 4.52, 3.72, 2.84, 1.84, 8.62, 4.68, 3.67, 3.14, 3.83, 4.56, 9.66, 9.43, 4.19
86,685.00,820.00,0.33, 9.47, 0.49, 0.45, 4.19, 8.16, 9.75, 9.00, 4.92, 3.38, 1.80, 5.49, 1.46, 4.75, 6.74, 4.36, 7.56, 5.96, 2.96, 8.03, 7.69, 1.76, 4.13, 3.28, 4.23, 6.51, 9.86, 6.98, 3.86, 5.60, 8.26, 2.21, 8.34, 4.10, 3.17, 3.44, 7.44, 4.52, 3.72, 2.84, 1.84, 8.62, 4.68, 3.67, 3.14, 3.83, 4.56, 9.66, 9.43, 6.28
87,679.00,820.00,0.33, 9.47, 0.49, 0.45, 4.19, 8.16, 9.75, 9.00, 4.92, 3.38, 1.80, 5.49, 7.73, 2.90, 7.52, 4.36, 7.56, 5.96, 2.96, 8.03, 7.69, 1.76, 4.13, 3.28, 4.23, 6.51, 9.86, 6.98, 3.86, 5.60, 8.26, 2.21, 8.34, 4.10, 3.17, 3.44, 7.44, 4.52, 3.72, 2.84, 1.84, 8.62, 4.68, 3.67, 3.14, 3.83, 4.56, 9.66, 9.43, 6.28
88,664.00,825.00,6.00, 0.52, 3.12, 0.45, 7.83, 8.16, 2.86, 2.52, 4.59, 8.48, 1.80, 0.55, 2.68, 2.90, 7.52, 2.23, 8.44, 0.81, 2.29, 8.03, 6.31, 1.76, 4.13, 3.23, 4.23, 2.24, 2.22, 6.98, 2.92, 8.35, 8.46, 2.21, 7.84, 8.96, 3.17, 3.44, 7.36, 9.96, 3.72, 2.84, 6.29, 5.98, 1.78, 4.21, 3.14, 3.83, 5.13, 7.49, 0.88, 7.89
89,690.00,840.00,0.33, 9.47, 0.49, 0.45, 4.19, 8.16, 9.75, 9.00, 3.58, 9.69, 1.80, 5.49, 1.46, 4.03, 6.74, 4.84, 6.88, 5.74, 2.96, 1.32, 1.42, 4.60, 4.94, 3.28, 4.23, 6.51, 9.86, 6.98, 3.86, 5.60, 8.26, 2.21, 8.34, 4.10, 3.17, 3.44, 7.44, 4.52, 3.72, 2.84, 1.84, 8.62, 4.68, 3.67, 3.14, 3.83, 5.13, 7.49, 0.88, 7.89
90,676.50,865.00,0.33, 9.47, 0.49, 3.76, 1.61, 6.44, 3.72, 9.00, 8.89, 3.38, 1.80, 5.49, 1.46, 4.03, 6.74, 4.84, 6.88, 5.74, 2.96, 1.32, 1.42, 4.60, 4.94, 3.28, 4.88, 4.06, 1.11, 7.02, 7.02, 6.57, 9.36, 2.77, 7.80, 9.51, 9.40, 0.71, 3.03, 2.31, 5.17, 6.80, 7.57, 7.65, 4.51, 6.96, 7.95, 3.56, 2.66, 2.16, 2.85, 1.02
91,569.50,760.00,0.33, 9.47, 0.49, 3.76, 1.61, 6.44, 3.72, 9.00, 8.89, 3.38, 1.80, 5.49, 1.46, 4.03, 6.74, 4.84, 6.88, 5.74, 2.96, 1.32, 1.42, 4.60, 4.94, 3.28, 4.23, 6.51, 9.86, 6.98, 3.86, 5.60, 8.26, 2.21, 8.34, 4.10, 3.17, 3.44, 7.44, 4.52, 3.72, 2.84, 1.84, 8.62, 4.68, 3.67, 3.14, 3.83, 4.56, 9.66, 9.43, 6.28
92,587.50,820.00,0.33, 3.39, 3.84, 5.72, 9.31, 1.69, 6.50, 6.40, 8.89, 3.38, 5.62, 8.63, 0.69, 2.29, 9.44, 2.23, 8.44, 6.60, 4.52, 8.03, 6.31, 7.35, 4.13, 3.23, 8.14, 6.51, 9.86, 6.98, 3.86, 5.60, 8.26, 2.21, 8.34, 4.10, 3.17, 3.44, 7.44, 4.52, 3.72, 2.84, 1.84, 8.62, 4.68, 3.67, 3.14, 3.83, 9.07, 9.88, 0.04, 4.66
93,737.00,885.00,0.33, 3.39, 3.84, 5.72, 9.31, 1.69, 6.50, 6.40, 8.89, 8.37, 3.30, 3.09, 8.55, 8.58, 6.74, 7.24, 1.05, 7.16, 8.47, 1.80, 4.33, 9.64, 9.86, 3.28, 4.23, 5.38, 6.22, 8.11, 2.84, 5.72, 6.42, 1.69, 4.69, 7.85, 0.52, 0.52, 5.32, 7.44, 5.62, 5.40, 1.84, 8.62, 4.68, 3.67, 1.36, 3.85, 7.20, 2.76, 7.78, 7.69
94,567.50,840.00,0.33, 3.39, 3.84, 5.72, 9.31, 1.69, 6.50, 6.40, 8.89, 8.37, 5.62, 8.63, 0.69, 2.29, 9.44, 7.24, 1.05, 7.16, 8.47, 1.80, 4.33, 9.64, 6.41, 6.51, 9.67, 6.51, 7.15, 4.81, 0.97, 3.84, 0.18, 3.10, 8.36, 4.17, 9.40, 4.21, 0.84, 9.90, 3.72, 4.01, 6.16, 8.62, 2.79, 3.67, 3.14, 3.83, 9.07, 9.88, 0.04, 4.66
95,607.00,820.00,0.33, 3.39, 3.84, 5.72, 9.31, 1.69, 4.97, 6.80, 9.31, 8.37, 4.86, 3.09, 2.60, 2.07, 0.83, 1.57, 1.53, 7.60, 5.44, 8.67, 6.66, 9.64, 7.28, 3.28, 6.91, 7.26, 7.11, 8.30, 9.95, 3.84, 0.18, 8.72, 8.36, 9.72, 2.76, 8.97, 7.51, 6.94, 9.85, 2.45, 2.58, 9.11, 7.77, 4.28, 3.14, 3.83, 6.60, 9.88, 0.04, 1.69
96,560.80,982.96,0.33, 3.39, 3.84, 5.72, 9.31, 1.69, 6.50, 0.52, 9.57, 0.77, 9.22, 2.91, 7.78, 8.01, 3.92, 6.85, 7.41, 0.38, 4.83, 1.48, 6.31, 8.74, 4.13, 4.46, 8.14, 0.24, 1.31, 9.34, 9.95, 1.24, 4.56, 0.62, 2.05, 8.87, 1.10, 1.58, 4.86, 3.69, 5.27, 5.40, 1.74, 1.90, 0.71, 4.55, 4.13, 3.85, 2.88, 4.89, 6.53, 3.82
97,678.00,845.00,4.59, 6.59, 2.36, 7.72, 2.68, 1.69, 8.35, 7.05, 7.64, 3.81, 0.20, 0.27, 4.99, 7.66, 5.37, 1.15, 4.24, 5.56, 0.40, 7.40, 9.06, 0.50, 5.51, 2.63, 7.82, 4.73, 7.55, 7.73, 9.95, 9.75, 3.87, 8.56, 6.00, 7.84, 5.43, 3.70, 7.98, 9.96, 0.23, 9.28, 9.13, 6.64, 7.83, 0.69, 9.50, 8.93, 5.13, 6.19, 0.55, 9.12
98,693.00,845.00,4.59, 6.59, 2.36, 7.72, 2.68, 1.69, 8.35, 7.05, 7.64, 3.81, 0.20, 0.27, 4.99, 7.66, 5.37, 1.15, 4.24, 5.56, 0.40, 7.40, 9.06, 0.50, 5.51, 2.63, 7.82, 4.73, 7.55, 7.73, 9.95, 9.75, 3.87, 8.56, 6.00, 7.84, 5.43, 3.70, 7.98, 9.96, 0.23, 9.28, 9.13, 6.64, 7.83, 0.69, 9.50, 8.93, 5.13, 6.19, 0.55, 9.12
99,669.50,845.00,8.51, 6.98, 9.82, 4.32, 9.31, 6.34, 7.42, 2.33, 9.45, 3.38, 2.94, 0.54, 6.59, 2.03, 0.34, 2.88, 6.18, 6.60, 8.63, 8.18, 0.46, 0.87, 4.13, 7.81, 6.15, 7.94, 7.30, 3.23, 9.50, 3.70, 3.16, 3.07, 6.00, 1.89, 3.17, 6.91, 8.14, 9.96, 0.23, 3.59, 2.24, 5.98, 6.51, 7.50, 5.50, 6.08, 5.11, 5.28, 2.77, 6.78
100,714.30,847.96,0.79, 2.30, 8.77, 4.32, 6.53, 7.12, 5.94, 2.33, 0.78, 4.50, 9.29, 0.54, 6.64, 9.81, 0.34, 2.88, 6.18, 6.60, 0.87, 8.18, 1.95, 0.87, 5.73, 7.81, 1.62, 3.64, 8.89, 5.03, 6.13, 9.38, 7.11, 6.26, 8.61, 9.44, 8.11, 2.89, 8.45, 8.62, 8.19, 9.52, 8.74, 0.22, 5.97, 2.93, 1.46, 3.27, 3.63, 0.30, 7.00, 8.73
Generación,Fitness Promedio,Mejor Fitness,Tasa Mutación,Tasa Cruce,Cromosoma
1,646.00,965.00,0.30,0.80,-27.19, -92.08, 72.92, 57.22, -34.83, 5.26, 8.14, -42.22, 42.67, -70.09, 50.76, -96.74, 85.29, -21.72, -25.60, -52.03, -43.29, 39.37, 12.77, -24.11, -3.89, 23.33, -5.79, -80.13, 20.11, 19.60, -44.55, 42.69, -76.70, -71.67, 90.00, 91.18, 97.75, -38.87, 75.47, -89.27, 68.37, 33.98, 2.18, -24.36, 95.13, -83.02, 15.62, 82.55, 8.30, 70.79, -14.05, 83.88, -25.52, 6.72
2,734.00,965.00,0.29,0.81,-27.19, -92.08, 72.92, 57.22, -34.83, 5.26, 8.14, -42.22, 42.67, -70.09, 50.76, -96.74, 85.29, -21.72, -25.60, -52.03, -43.29, 39.37, 12.77, -24.11, -3.89, 23.33, -5.79, -80.13, 20.11, 19.60, -44.55, 42.69, -76.70, -71.67, 90.00, 91.18, 97.75, -38.87, 75.47, -89.27, 68.37, 33.98, 2.18, -24.36, 95.13, -83.02, 15.62, 82.55, 8.30, 70.79, -14.05, 83.88, -25.52, 6.72
3,919.59,1022.96,0.28,0.82,-27.19, -92.08, 72.92, 57.22, -34.83, 5.26, 8.14, -42.22, 42.67, -70.09, 50.76, -96.74, 85.29, -21.72, -25.60, -80.81, -44.67, 17.09, 3.85, -24.11, -3.89, 23.33, -5.79, -80.01, 20.11, 48.94, -14.86, 42.69, -9.19, -32.20, -9.42, 34.26, 32.09, -45.62, 75.47, 94.72, 68.37, 66.02, 2.18, -47.07, 93.29, -83.02, 57.71, -31.30, 39.06, -11.54, -26.88, 27.04, -91.52, -34.26
4,884.98,1022.96,0.27,0.83,-27.19, -92.08, 72.92, 57.22, -34.83, 5.26, 8.14, -42.22, 42.67, -70.09, 50.76, -96.74, 85.29, -21.72, -25.60, -80.81, -44.67, 17.09, 3.85, -24.11, -3.89, 23.33, -5.79, -80.01, 20.11, 48.94, -14.86, 42.69, -9.19, -32.20, -9.42, 34.26, 32.09, -45.62, 75.47, 94.72, 68.37, 66.02, 2.18, -47.07, 93.29, -83.02, 57.71, -31.30, 39.06, -11.54, -26.88, 27.04, -91.52, -34.26
5,819.48,1022.96,0.26,0.84,-27.19, -92.08, 72.92, 57.22, -34.83, 5.26, 8.14, -42.22, 42.67, -70.09, 50.76, -96.74, 85.29, -21.72, -25.60, -80.81, -44.67, 17.09, 3.85, -24.11, -3.89, 23.33, -5.79, -80.01, 20.11, 48.94, -14.86, 42.69, -9.19, -32.20, -9.42, 34.26, 32.09, -45.62, 75.47, 94.72, 68.37, 66.02, 2.18, -47.07, 93.29, -83.02, 57.71, -31.30, 39.06, -11.54, -26.88, 27.04, -91.52, -34.26
6,793.59,1022.96,0.25,0.85,-27.19, -92.08, 72.92, 57.22, -34.83, 5.26, 8.14, -42.22, 42.67, -70.09, 50.76, -96.74, 85.29, -21.72, -25.60, -80.81, -44.67, 17.09, 3.85, -24.11, -3.89, 23.33, -5.79, -80.01, 20.11, 48.94, -14.86, 42.69, -9.19, -32.20, -9.42, 34.26, 32.09, -45.62, 75.47, 94.72, 68.37, 66.02, 2.18, -47.07, 93.29, -83.02, 57.71, -31.30, 39.06, -11.54, -26.88, 27.04, -91.52, -34.26
7,803.89,1022.96,0.24,0.86,-27.19, -92.08, 72.92, 57.22, -34.83, 5.26, 8.14, -42.22, 42.67, -70.09, 50.76, -96.74, 85.29, -21.72, -25.60, -80.81, -44.67, 17.09, 3.85, -24.11, -3.89, 23.33, -5.79, -80.01, 20.11, 48.94, -14.86, 42.69, -9.19, -32.20, -9.42, 34.26, 32.09, -45.62, 75.47, 94.72, 68.37, 66.02, 2.18, -47.07, 93.29, -83.02, 57.71, -31.30, 39.06, -11.54, -26.88, 27.04, -91.52, -34.26
8,794.39,1042.96,0.23,0.87,-47.82, -74.42, 47.30, -60.25, 25.43, -63.62, -53.90, -2.78, -6.62, -70.09, 45.86, 15.08, -35.43, 12.74, 85.94, -27.01, -98.09, 31.13, 1.41, -94.00, -47.71, -85.51, -68.16, -66.81, -98.04, 13.10, 38.51, 31.14, -67.68, 86.64, 55.68, -47.14, 30.29, -45.62, 75.47, 94.72, 68.37, 66.02, 2.18, -47.07, 93.29, -83.02, 57.71, -31.30, 39.06, -11.54, -26.88, 27.04, -91.52, -34.26
9,823.18,1042.96,0.22,0.88,-47.82, -74.42, 47.30, -60.25, 25.43, -63.62, -53.90, -2.78, -6.62, -70.09, 45.86, 15.08, -35.43, 12.74, 85.94, -27.01, -98.09, 31.13, 1.41, -94.00, -47.71, -85.51, -68.16, -66.81, -98.04, 13.10, 38.51, 31.14, -67.68, 86.64, 55.68, -47.14, 30.29, -45.62, 75.47, 94.72, 68.37, 66.02, 2.18, -47.07, 93.29, -83.02, 57.71, -31.30, 39.06, -11.54, -26.88, 27.04, -91.52, -34.26
10,883.18,1042.96,0.21,0.89,-47.82, -74.42, 47.30, -60.25, 25.43, -63.62, -53.90, -2.78, -6.62, -70.09, 45.86, 15.08, -35.43, 12.74, 85.94, -27.01, -98.09, 31.13, 1.41, -94.00, -47.71, -85.51, -68.16, -66.81, -98.04, 13.10, 38.51, 31.14, -67.68, 86.64, 55.68, -47.14, 30.29, -45.62, 75.47, 94.72, 68.37, 66.02, 2.18, -47.07, 93.29, -83.02, 57.71, -31.30, 39.06, -11.54, -26.88, 27.04, -91.52, -34.26
11,888.84,1042.96,0.20,0.90,-47.82, -74.42, 47.30, -60.25, 25.43, -63.62, -53.90, -2.78, -6.62, -70.09, 45.86, 15.08, -35.43, 12.74, 85.94, -27.01, -98.09, 31.13, 1.41, -94.00, -47.71, -85.51, -68.16, -66.81, -98.04, 13.10, 38.51, 31.14, -67.68, 86.64, 55.68, -47.14, 30.29, -45.62, 75.47, 94.72, 68.37, 66.02, 2.18, -47.07, 93.29, -83.02, 57.71, -31.30, 39.06, -11.54, -26.88, 27.04, -91.52, -34.26
12,887.28,1042.96,0.19,0.90,-47.82, -74.42, 47.30, -60.25, 25.43, -63.62, -53.90, -2.78, -6.62, -70.09, 45.86, 15.08, -35.43, 12.74, 85.94, -27.01, -98.09, 31.13, 1.41, -94.00, -47.71, -85.51, -68.16, -66.81, -98.04, 13.10, 38.51, 31.14, -67.68, 86.64, 55.68, -47.14, 30.29, -45.62, 75.47, 94.72, 68.37, 66.02, 2.18, -47.07, 93.29, -83.02, 57.71, -31.30, 39.06, -11.54, -26.88, 27.04, -91.52, -34.26
13,822.28,1042.96,0.18,0.90,-47.82, -74.42, 47.30, -60.25, 25.43, -63.62, -53.90, -2.78, -6.62, -70.09, 45.86, 15.08, -35.43, 12.74, 85.94, -27.01, -98.09, 31.13, 1.41, -94.00, -47.71, -85.51, -68.16, -66.81, -98.04, 13.10, 38.51, 31.14, -67.68, 86.64, 55.68, -47.14, 30.29, -45.62, 75.47, 94.72, 68.37, 66.02, 2.18, -47.07, 93.29, -83.02, 57.71, -31.30, 39.06, -11.54, -26.88, 27.04, -91.52, -34.26
14,794.92,1042.96,0.17,0.90,-47.82, -74.42, 47.30, -60.25, 25.43, -63.62, -53.90, -2.78, -6.62, -70.09, 45.86, 15.08, -35.43, 12.74, 85.94, -27.01, -98.09, 31.13, 1.41, -94.00, -47.71, -85.51, -68.16, -66.81, -98.04, 13.10, 38.51, 31.14, -67.68, 86.64, 55.68, -47.14, 30.29, -45.62, 75.47, 94.72, 68.37, 66.02, 2.18, -47.07, 93.29, -83.02, 57.71, -31.30, 39.06, -11.54, -26.88, 27.04, -91.52, -34.26
15,914.18,1042.96,0.16,0.90,-47.82, -74.42, 47.30, -60.25, 25.43, -63.62, -53.90, -2.78, -6.62, -70.09, 45.86, 15.08, -35.43, 12.74, 85.94, -27.01, -98.09, 31.13, 1.41, -94.00, -47.71, -85.51, -68.16, -66.81, -98.04, 13.10, 38.51, 31.14, -67.68, 86.64, 55.68, -47.14, 30.29, -45.62, 75.47, 94.72, 68.37, 66.02, 2.18, -47.07, 93.29, -83.02, 57.71, -31.30, 39.06, -11.54, -26.88, 27.04, -91.52, -34.26
16,933.39,1042.96,0.15,0.90,-47.82, -74.42, 47.30, -60.25, 25.43, -63.62, -53.90, -2.78, -6.62, -70.09, 45.86, 15.08, -35.43, 12.74, 85.94, -27.01, -98.09, 31.13, 1.41, -94.00, -47.71, -85.51, -68.16, -66.81, -98.04, 13.10, 38.51, 31.14, -67.68, 86.64, 55.68, -47.14, 30.29, -45.62, 75.47, 94.72, 68.37, 66.02, 2.18, -47.07, 93.29, -83.02, 57.71, -31.30, 39.06, -11.54, -26.88, 27.04, -91.52, -34.26
17,908.84,1042.96,0.14,0.90,-47.82, -74.42, 47.30, -60.25, 25.43, -63.62, -53.90, -2.78, -6.62, -70.09, 45.86, 15.08, -35.43, 12.74, 85.94, -27.01, -98.09, 31.13, 1.41, -94.00, -47.71, -85.51, -68.16, -66.81, -98.04, 13.10, 38.51, 31.14, -67.68, 86.64, 55.68, -47.14, 30.29, -45.62, 75.47, 94.72, 68.37, 66.02, 2.18, -47.07, 93.29, -83.02, 57.71, -31.30, 39.06, -11.54, -26.88, 27.04, -91.52, -34.26
18,890.31,1042.96,0.13,0.90,-47.82, -74.42, 47.30, -60.25, 25.43, -63.62, -53.90, -2.78, -6.62, -70.09, 45.86, 15.08, -35.43, 12.74, 85.94, -27.01, -98.09, 31.13, 1.41, -94.00, -47.71, -85.51, -68.16, -66.81, -98.04, 13.10, 38.51, 31.14, -67.68, 86.64, 55.68, -47.14, 30.29, -45.62, 75.47, 94.72, 68.37, 66.02, 2.18, -47.07, 93.29, -83.02, 57.71, -31.30, 39.06, -11.54, -26.88, 27.04, -91.52, -34.26
19,654.18,1042.96,0.12,0.90,-47.82, -74.42, 47.30, -60.25, 25.43, -63.62, -53.90, -2.78, -6.62, -70.09, 45.86, 15.08, -35.43, 12.74, 85.94, -27.01, -98.09, 31.13, 1.41, -94.00, -47.71, -85.51, -68.16, -66.81, -98.04, 13.10, 38.51, 31.14, -67.68, 86.64, 55.68, -47.14, 30.29, -45.62, 75.47, 94.72, 68.37, 66.02, 2.18, -47.07, 93.29, -83.02, 57.71, -31.30, 39.06, -11.54, -26.88, 27.04, -91.52, -34.26
20,961.48,1042.96,0.11,0.90,-47.82, -74.42, 47.30, -60.25, 25.43, -63.62, -53.90, -2.78, -6.62, -70.09, 45.86, 15.08, -35.43, 12.74, 85.94, -27.01, -98.09, 31.13, 1.41, -94.00, -47.71, -85.51, -68.16, -66.81, -98.04, 13.10, 38.51, 31.14, -67.68, 86.64, 55.68, -47.14, 30.29, -45.62, 75.47, 94.72, 68.37, 66.02, 2.18, -47.07, 93.29, -83.02, 57.71, -31.30, 39.06, -11.54, -26.88, 27.04, -91.52, -34.26
21,801.98,1042.96,0.10,0.90,-47.82, -74.42, 47.30, -60.25, 25.43, -63.62, -53.90, -2.78, -6.62, -70.09, 45.86, 15.08, -35.43, 12.74, 85.94, -27.01, -98.09, 31.13, 1.41, -94.00, -47.71, -85.51, -68.16, -66.81, -98.04, 13.10, 38.51, 31.14, -67.68, 86.64, 55.68, -47.14, 30.29, -45.62, 75.47, 94.72, 68.37, 66.02, 2.18, -47.07, 93.29, -83.02, 57.71, -31.30, 39.06, -11.54, -26.88, 27.04, -91.52, -34.26
22,880.48,1042.96,0.10,0.90,-47.82, -74.42, 47.30, -60.25, 25.43, -63.62, -53.90, -2.78, -6.62, -70.09, 45.86, 15.08, -35.43, 12.74, 85.94, -27.01, -98.09, 31.13, 1.41, -94.00, -47.71, -85.51, -68.16, -66.81, -98.04, 13.10, 38.51, 31.14, -67.68, 86.64, 55.68, -47.14, 30.29, -45.62, 75.47, 94.72, 68.37, 66.02, 2.18, -47.07, 93.29, -83.02, 57.71, -31.30, 39.06, -11.54, -26.88, 27.04, -91.52, -34.26
23,827.18,1042.96,0.10,0.90,-47.82, -74.42, 47.30, -60.25, 25.43, -63.62, -53.90, -2.78, -6.62, -70.09, 45.86, 15.08, -35.43, 12.74, 85.94, -27.01, -98.09, 31.13, 1.41, -94.00, -47.71, -85.51, -68.16, -66.81, -98.04, 13.10, 38.51, 31.14, -67.68, 86.64, 55.68, -47.14, 30.29, -45.62, 75.47, 94.72, 68.37, 66.02, 2.18, -47.07, 93.29, -83.02, 57.71, -31.30, 39.06, -11.54, -26.88, 27.04, -91.52, -34.26
24,723.37,1042.96,0.10,0.90,-47.82, -74.42, 47.30, -60.25, 25.43, -63.62, -53.90, -2.78, -6.62, -70.09, 45.86, 15.08, -35.43, 12.74, 85.94, -27.01, -98.09, 31.13, 1.41, -94.00, -47.71, -85.51, -68.16, -66.81, -98.04, 13.10, 38.51, 31.14, -67.68, 86.64, 55.68, -47.14, 30.29, -45.62, 75.47, 94.72, 68.37, 66.02, 2.18, -47.07, 93.29, -83.02, 57.71, -31.30, 39.06, -11.54, -26.88, 27.04, -91.52, -34.26
25,851.50,1042.96,0.10,0.90,-47.82, -74.42, 47.30, -60.25, 25.43, -63.62, -53.90, -2.78, -6.62, -70.09, 45.86, 15.08, -35.43, 12.74, 85.94, -27.01, -98.09, 31.13, 1.41, -94.00, -47.71, -85.51, -68.16, -66.81, -98.04, 13.10, 38.51, 31.14, -67.68, 86.64, 55.68, -47.14, 30.29, -45.62, 75.47, 94.72, 68.37, 66.02, 2.18, -47.07, 93.29, -83.02, 57.71, -31.30, 39.06, -11.54, -26.88, 27.04, -91.52, -34.26
26,886.43,1042.96,0.10,0.90,-47.82, -74.42, 47.30, -60.25, 25.43, -63.62, -53.90, -2.78, -6.62, -70.09, 45.86, 15.08, -35.43, 12.74, 85.94, -27.01, -98.09, 31.13, 1.41, -94.00, -47.71, -85.51, -68.16, -66.81, -98.04, 13.10, 38.51, 31.14, -67.68, 86.64, 55.68, -47.14, 30.29, -45.62, 75.47, 94.72, 68.37, 66.02, 2.18, -47.07, 93.29, -83.02, 57.71, -31.30, 39.06, -11.54, -26.88, 27.04, -91.52, -34.26
27,719.68,1042.96,0.10,0.90,-47.82, -74.42, 47.30, -60.25, 25.43, -63.62, -53.90, -2.78, -6.62, -70.09, 45.86, 15.08, -35.43, 12.74, 85.94, -27.01, -98.09, 31.13, 1.41, -94.00, -47.71, -85.51, -68.16, -66.81, -98.04, 13.10, 38.51, 31.14, -67.68, 86.64, 55.68, -47.14, 30.29, -45.62, 75.47, 94.72, 68.37, 66.02, 2.18, -47.07, 93.29, -83.02, 57.71, -31.30, 39.06, -11.54, -26.88, 27.04, -91.52, -34.26
28,695.08,1056.59,0.10,0.90,-47.82, -74.42, 47.30, -60.25, 25.43, -63.62, -53.90, -2.78, 84.10, -37.14, -51.35, -18.41, 38.26, 17.67, -81.83, -34.75, -12.18, 96.96, 79.45, 18.78, 57.24, 99.74, 88.20, 58.83, -98.04, 53.54, 38.51, -36.24, 86.15, 86.64, 55.68, -78.25, 3.53, -45.62, 55.93, -42.38, 66.15, 64.61, -77.92, -47.07, 6.05, -50.42, -38.07, 7.64, 58.32, -11.54, -9.11, 83.14, -82.97, 76.89
29,873.07,1056.59,0.10,0.90,-47.82, -74.42, 47.30, -60.25, 25.43, -63.62, -53.90, -2.78, 84.10, -37.14, -51.35, -18.41, 38.26, 17.67, -81.83, -34.75, -12.18, 96.96, 79.45, 18.78, 57.24, 99.74, 88.20, 58.83, -98.04, 53.54, 38.51, -36.24, 86.15, 86.64, 55.68, -78.25, 3.53, -45.62, 55.93, -42.38, 66.15, 64.61, -77.92, -47.07, 6.05, -50.42, -38.07, 7.64, 58.32, -11.54, -9.11, 83.14, -82.97, 76.89
30,962.23,1056.59,0.10,0.90,-47.82, -74.42, 47.30, -60.25, 25.43, -63.62, -53.90, -2.78, 84.10, -37.14, -51.35, -18.41, 38.26, 17.67, -81.83, -34.75, -12.18, 96.96, 79.45, 18.78, 57.24, 99.74, 88.20, 58.83, -98.04, 53.54, 38.51, -36.24, 86.15, 86.64, 55.68, -78.25, 3.53, -45.62, 55.93, -42.38, 66.15, 64.61, -77.92, -47.07, 6.05, -50.42, -38.07, 7.64, 58.32, -11.54, -9.11, 83.14, -82.97, 76.89
31,856.45,1056.59,0.10,0.90,-47.82, -74.42, 47.30, -60.25, 25.43, -63.62, -53.90, -2.78, 84.10, -37.14, -51.35, -18.41, 38.26, 17.67, -81.83, -34.75, -12.18, 96.96, 79.45, 18.78, 57.24, 99.74, 88.20, 58.83, -98.04, 53.54, 38.51, -36.24, 86.15, 86.64, 55.68, -78.25, 3.53, -45.62, 55.93, -42.38, 66.15, 64.61, -77.92, -47.07, 6.05, -50.42, -38.07, 7.64, 58.32, -11.54, -9.11, 83.14, -82.97, 76.89
32,914.59,1056.59,0.10,0.90,-47.82, -74.42, 47.30, -60.25, 25.43, -63.62, -53.90, -2.78, 84.10, -37.14, -51.35, -18.41, 38.26, 17.67, -81.83, -34.75, -12.18, 96.96, 79.45, 18.78, 57.24, 99.74, 88.20, 58.83, -98.04, 53.54, 38.51, -36.24, 86.15, 86.64, 55.68, -78.25, 3.53, -45.62, 55.93, -42.38, 66.15, 64.61, -77.92, -47.07, 6.05, -50.42, -38.07, 7.64, 58.32, -11.54, -9.11, 83.14, -82.97, 76.89
33,745.14,1056.59,0.10,0.90,-47.82, -74.42, 47.30, -60.25, 25.43, -63.62, -53.90, -2.78, 84.10, -37.14, -51.35, -18.41, 38.26, 17.67, -81.83, -34.75, -12.18, 96.96, 79.45, 18.78, 57.24, 99.74, 88.20, 58.83, -98.04, 53.54, 38.51, -36.24, 86.15, 86.64, 55.68, -78.25, 3.53, -45.62, 55.93, -42.38, 66.15, 64.61, -77.92, -47.07, 6.05, -50.42, -38.07, 7.64, 58.32, -11.54, -9.11, 83.14, -82.97, 76.89
34,897.64,1056.59,0.10,0.90,-47.82, -74.42, 47.30, -60.25, 25.43, -63.62, -53.90, -2.78, 84.10, -37.14, -51.35, -18.41, 38.26, 17.67, -81.83, -34.75, -12.18, 96.96, 79.45, 18.78, 57.24, 99.74, 88.20, 58.83, -98.04, 53.54, 38.51, -36.24, 86.15, 86.64, 55.68, -78.25, 3.53, -45.62, 55.93, -42.38, 66.15, 64.61, -77.92, -47.07, 6.05, -50.42, -38.07, 7.64, 58.32, -11.54, -9.11, 83.14, -82.97, 76.89
35,935.11,1056.59,0.10,0.90,-47.82, -74.42, 47.30, -60.25, 25.43, -63.62, -53.90, -2.78, 84.10, -37.14, -51.35, -18.41, 38.26, 17.67, -81.83, -34.75, -12.18, 96.96, 79.45, 18.78, 57.24, 99.74, 88.20, 58.83, -98.04, 53.54, 38.51, -36.24, 86.15, 86.64, 55.68, -78.25, 3.53, -45.62, 55.93, -42.38, 66.15, 64.61, -77.92, -47.07, 6.05, -50.42, -38.07, 7.64, 58.32, -11.54, -9.11, 83.14, -82.97, 76.89
36,718.61,1056.59,0.10,0.90,-47.82, -74.42, 47.30, -60.25, 25.43, -63.62, -53.90, -2.78, 84.10, -37.14, -51.35, -18.41, 38.26, 17.67, -81.83, -34.75, -12.18, 96.96, 79.45, 18.78, 57.24, 99.74, 88.20, 58.83, -98.04, 53.54, 38.51, -36.24, 86.15, 86.64, 55.68, -78.25, 3.53, -45.62, 55.93, -42.38, 66.15, 64.61, -77.92, -47.07, 6.05, -50.42, -38.07, 7.64, 58.32, -11.54, -9.11, 83.14, -82.97, 76.89
37,809.80,1056.59,0.10,0.90,-47.82, -74.42, 47.30, -60.25, 25.43, -63.62, -53.90, -2.78, 84.10, -37.14, -51.35, -18.41, 38.26, 17.67, -81.83, -34.75, -12.18, 96.96, 79.45, 18.78, 57.24, 99.74, 88.20, 58.83, -98.04, 53.54, 38.51, -36.24, 86.15, 86.64, 55.68, -78.25, 3.53, -45.62, 55.93, -42.38, 66.15, 64.61, -77.92, -47.07, 6.05, -50.42, -38.07, 7.64, 58.32, -11.54, -9.11, 83.14, -82.97, 76.89
38,762.82,1056.59,0.10,0.90,-47.82, -74.42, 47.30, -60.25, 25.43, -63.62, -53.90, -2.78, 84.10, -37.14, -51.35, -18.41, 38.26, 17.67, -81.83, -34.75, -12.18, 96.96, 79.45, 18.78, 57.24, 99.74, 88.20, 58.83, -98.04, 53.54, 38.51, -36.24, 86.15, 86.64, 55.68, -78.25, 3.53, -45.62, 55.93, -42.38, 66.15, 64.61, -77.92, -47.07, 6.05, -50.42, -38.07, 7.64, 58.32, -11.54, -9.11, 83.14, -82.97, 76.89
39,697.48,1056.59,0.10,0.90,-47.82, -74.42, 47.30, -60.25, 25.43, -63.62, -53.90, -2.78, 84.10, -37.14, -51.35, -18.41, 38.26, 17.67, -81.83, -34.75, -12.18, 96.96, 79.45, 18.78, 57.24, 99.74, 88.20, 58.83, -98.04, 53.54, 38.51, -36.24, 86.15, 86.64, 55.68, -78.25, 3.53, -45.62, 55.93, -42.38, 66.15, 64.61, -77.92, -47.07, 6.05, -50.42, -38.07, 7.64, 58.32, -11.54, -9.11, 83.14, -82.97, 76.89
40,815.93,1056.59,0.10,0.90,-47.82, -74.42, 47.30, -60.25, 25.43, -63.62, -53.90, -2.78, 84.10, -37.14, -51.35, -18.41, 38.26, 17.67, -81.83, -34.75, -12.18, 96.96, 79.45, 18.78, 57.24, 99.74, 88.20, 58.83, -98.04, 53.54, 38.51, -36.24, 86.15, 86.64, 55.68, -78.25, 3.53, -45.62, 55.93, -42.38, 66.15, 64.61, -77.92, -47.07, 6.05, -50.42, -38.07, 7.64, 58.32, -11.54, -9.11, 83.14, -82.97, 76.89
41,878.93,1056.59,0.10,0.90,-47.82, -74.42, 47.30, -60.25, 25.43, -63.62, -53.90, -2.78, 84.10, -37.14, -51.35, -18.41, 38.26, 17.67, -81.83, -34.75, -12.18, 96.96, 79.45, 18.78, 57.24, 99.74, 88.20, 58.83, -98.04, 53.54, 38.51, -36.24, 86.15, 86.64, 55.68, -78.25, 3.53, -45.62, 55.93, -42.38, 66.15, 64.61, -77.92, -47.07, 6.05, -50.42, -38.07, 7.64, 58.32, -11.54, -9.11, 83.14, -82.97, 76.89
42,911.01,1056.59,0.10,0.90,-47.82, -74.42, 47.30, -60.25, 25.43, -63.62, -53.90, -2.78, 84.10, -37.14, -51.35, -18.41, 38.26, 17.67, -81.83, -34.75, -12.18, 96.96, 79.45, 18.78, 57.24, 99.74, 88.20, 58.83, -98.04, 53.54, 38.51, -36.24, 86.15, 86.64, 55.68, -78.25, 3.53, -45.62, 55.93, -42.38, 66.15, 64.61, -77.92, -47.07, 6.05, -50.42, -38.07, 7.64, 58.32, -11.54, -9.11, 83.14, -82.97, 76.89
43,756.29,1056.59,0.10,0.90,-47.82, -74.42, 47.30, -60.25, 25.43, -63.62, -53.90, -2.78, 84.10, -37.14, -51.35, -18.41, 38.26, 17.67, -81.83, -34.75, -12.18, 96.96, 79.45, 18.78, 57.24, 99.74, 88.20, 58.83, -98.04, 53.54, 38.51, -36.24, 86.15, 86.64, 55.68, -78.25, 3.53, -45.62, 55.93, -42.38, 66.15, 64.61, -77.92, -47.07, 6.05, -50.42, -38.07, 7.64, 58.32, -11.54, -9.11, 83.14, -82.97, 76.89
44,735.43,1056.59,0.10,0.90,-47.82, -74.42, 47.30, -60.25, 25.43, -63.62, -53.90, -2.78, 84.10, -37.14, -51.35, -18.41, 38.26, 17.67, -81.83, -34.75, -12.18, 96.96, 79.45, 18.78, 57.24, 99.74, 88.20, 58.83, -98.04, 53.54, 38.51, -36.24, 86.15, 86.64, 55.68, -78.25, 3.53, -45.62, 55.93, -42.38, 66.15, 64.61, -77.92, -47.07, 6.05, -50.42, -38.07, 7.64, 58.32, -11.54, -9.11, 83.14, -82.97, 76.89
45,782.98,1056.59,0.10,0.90,-47.82, -74.42, 47.30, -60.25, 25.43, -63.62, -53.90, -2.78, 84.10, -37.14, -51.35, -18.41, 38.26, 17.67, -81.83, -34.75, -12.18, 96.96, 79.45, 18.78, 57.24, 99.74, 88.20, 58.83, -98.04, 53.54, 38.51, -36.24, 86.15, 86.64, 55.68, -78.25, 3.53, -45.62, 55.93, -42.38, 66.15, 64.61, -77.92, -47.07, 6.05, -50.42, -38.07, 7.64, 58.32, -11.54, -9.11, 83.14, -82.97, 76.89
46,918.25,1056.59,0.10,0.90,-47.82, -74.42, 47.30, -60.25, 25.43, -63.62, -53.90, -2.78, 84.10, -37.14, -51.35, -18.41, 38.26, 17.67, -81.83, -34.75, -12.18, 96.96, 79.45, 18.78, 57.24, 99.74, 88.20, 58.83, -98.04, 53.54, 38.51, -36.24, 86.15, 86.64, 55.68, -78.25, 3.53, -45.62, 55.93, -42.38, 66.15, 64.61, -77.92, -47.07, 6.05, -50.42, -38.07, 7.64, 58.32, -11.54, -9.11, 83.14, -82.97, 76.89
47,832.14,1056.59,0.10,0.90,-47.82, -74.42, 47.30, -60.25, 25.43, -63.62, -53.90, -2.78, 84.10, -37.14, -51.35, -18.41, 38.26, 17.67, -81.83, -34.75, -12.18, 96.96, 79.45, 18.78, 57.24, 99.74, 88.20, 58.83, -98.04, 53.54, 38.51, -36.24, 86.15, 86.64, 55.68, -78.25, 3.53, -45.62, 55.93, -42.38, 66.15, 64.61, -77.92, -47.07, 6.05, -50.42, -38.07, 7.64, 58.32, -11.54, -9.11, 83.14, -82.97, 76.89
48,640.82,1056.59,0.10,0.90,-47.82, -74.42, 47.30, -60.25, 25.43, -63.62, -53.90, -2.78, 84.10, -37.14, -51.35, -18.41, 38.26, 17.67, -81.83, -34.75, -12.18, 96.96, 79.45, 18.78, 57.24, 99.74, 88.20, 58.83, -98.04, 53.54, 38.51, -36.24, 86.15, 86.64, 55.68, -78.25, 3.53, -45.62, 55.93, -42.38, 66.15, 64.61, -77.92, -47.07, 6.05, -50.42, -38.07, 7.64, 58.32, -11.54, -9.11, 83.14, -82.97, 76.89
49,761.77,1056.59,0.10,0.90,-47.82, -74.42, 47.30, -60.25, 25.43, -63.62, -53.90, -2.78, 84.10, -37.14, -51.35, -18.41, 38.26, 17.67, -81.83, -34.75, -12.18, 96.96, 79.45, 18.78, 57.24, 99.74, 88.20, 58.83, -98.04, 53.54, 38.51, -36.24, 86.15, 86.64, 55.68, -78.25, 3.53, -45.62, 55.93, -42.38, 66.15, 64.61, -77.92, -47.07, 6.05, -50.42, -38.07, 7.64, 58.32, -11.54, -9.11, 83.14, -82.97, 76.89
50,677.98,1056.59,0.10,0.90,-47.82, -74.42, 47.30, -60.25, 25.43, -63.62, -53.90, -2.78, 84.10, -37.14, -51.35, -18.41, 38.26, 17.67, -81.83, -34.75, -12.18, 96.96, 79.45, 18.78, 57.24, 99.74, 88.20, 58.83, -98.04, 53.54, 38.51, -36.24, 86.15, 86.64, 55.68, -78.25, 3.53, -45.62, 55.93, -42.38, 66.15, 64.61, -77.92, -47.07, 6.05, -50.42, -38.07, 7.64, 58.32, -11.54, -9.11, 83.14, -82.97, 76.89
51,751.79,1056.59,0.10,0.90,-47.82, -74.42, 47.30, -60.25, 25.43, -63.62, -53.90, -2.78, 84.10, -37.14, -51.35, -18.41, 38.26, 17.67, -81.83, -34.75, -12.18, 96.96, 79.45, 18.78, 57.24, 99.74, 88.20, 58.83, -98.04, 53.54, 38.51, -36.24, 86.15, 86.64, 55.68, -78.25, 3.53, -45.62, 55.93, -42.38, 66.15, 64.61, -77.92, -47.07, 6.05, -50.42, -38.07, 7.64, 58.32, -11.54, -9.11, 83.14, -82.97, 76.89
52,901.11,1056.59,0.10,0.90,-47.82, -74.42, 47.30, -60.25, 25.43, -63.62, -53.90, -2.78, 84.10, -37.14, -51.35, -18.41, 38.26, 17.67, -81.83, -34.75, -12.18, 96.96, 79.45, 18.78, 57.24, 99.74, 88.20, 58.83, -98.04, 53.54, 38.51, -36.24, 86.15, 86.64, 55.68, -78.25, 3.53, -45.62, 55.93, -42.38, 66.15, 64.61, -77.92, -47.07, 6.05, -50.42, -38.07, 7.64, 58.32, -11.54, -9.11, 83.14, -82.97, 76.89
53,879.77,1056.59,0.10,0.90,-47.82, -74.42, 47.30, -60.25, 25.43, -63.62, -53.90, -2.78, 84.10, -37.14, -51.35, -18.41, 38.26, 17.67, -81.83, -34.75, -12.18, 96.96, 79.45, 18.78, 57.24, 99.74, 88.20, 58.83, -98.04, 53.54, 38.51, -36.24, 86.15, 86.64, 55.68, -78.25, 3.53, -45.62, 55.93, -42.38, 66.15, 64.61, -77.92, -47.07, 6.05, -50.42, -38.07, 7.64, 58.32, -11.54, -9.11, 83.14, -82.97, 76.89
54,888.29,1056.59,0.10,0.90,-47.82, -74.42, 47.30, -60.25, 25.43, -63.62, -53.90, -2.78, 84.10, -37.14, -51.35, -18.41, 38.26, 17.67, -81.83, -34.75, -12.18, 96.96, 79.45, 18.78, 57.24, 99.74, 88.20, 58.83, -98.04, 53.54, 38.51, -36.24, 86.15, 86.64, 55.68, -78.25, 3.53, -45.62, 55.93, -42.38, 66.15, 64.61, -77.92, -47.07, 6.05, -50.42, -38.07, 7.64, 58.32, -11.54, -9.11, 83.14, -82.97, 76.89
55,947.93,1056.59,0.10,0.90,-47.82, -74.42, 47.30, -60.25, 25.43, -63.62, -53.90, -2.78, 84.10, -37.14, -51.35, -18.41, 38.26, 17.67, -81.83, -34.75, -12.18, 96.96, 79.45, 18.78, 57.24, 99.74, 88.20, 58.83, -98.04, 53.54, 38.51, -36.24, 86.15, 86.64, 55.68, -78.25, 3.53, -45.62, 55.93, -42.38, 66.15, 64.61, -77.92, -47.07, 6.05, -50.42, -38.07, 7.64, 58.32, -11.54, -9.11, 83.14, -82.97, 76.89
56,755.64,1056.59,0.10,0.90,-47.82, -74.42, 47.30, -60.25, 25.43, -63.62, -53.90, -2.78, 84.10, -37.14, -51.35, -18.41, 38.26, 17.67, -81.83, -34.75, -12.18, 96.96, 79.45, 18.78, 57.24, 99.74, 88.20, 58.83, -98.04, 53.54, 38.51, -36.24, 86.15, 86.64, 55.68, -78.25, 3.53, -45.62, 55.93, -42.38, 66.15, 64.61, -77.92, -47.07, 6.05, -50.42, -38.07, 7.64, 58.32, -11.54, -9.11, 83.14, -82.97, 76.89
57,783.79,1056.59,0.10,0.90,-47.82, -74.42, 47.30, -60.25, 25.43, -63.62, -53.90, -2.78, 84.10, -37.14, -51.35, -18.41, 38.26, 17.67, -81.83, -34.75, -12.18, 96.96, 79.45, 18.78, 57.24, 99.74, 88.20, 58.83, -98.04, 53.54, 38.51, -36.24, 86.15, 86.64, 55.68, -78.25, 3.53, -45.62, 55.93, -42.38, 66.15, 64.61, -77.92, -47.07, 6.05, -50.42, -38.07, 7.64, 58.32, -11.54, -9.11, 83.14, -82.97, 76.89
58,755.14,1056.59,0.10,0.90,-47.82, -74.42, 47.30, -60.25, 25.43, -63.62, -53.90, -2.78, 84.10, -37.14, -51.35, -18.41, 38.26, 17.67, -81.83, -34.75, -12.18, 96.96, 79.45, 18.78, 57.24, 99.74, 88.20, 58.83, -98.04, 53.54, 38.51, -36.24, 86.15, 86.64, 55.68, -78.25, 3.53, -45.62, 55.93, -42.38, 66.15, 64.61, -77.92, -47.07, 6.05, -50.42, -38.07, 7.64, 58.32, -11.54, -9.11, 83.14, -82.97, 76.89
59,749.43,1056.59,0.10,0.90,-47.82, -74.42, 47.30, -60.25, 25.43, -63.62, -53.90, -2.78, 84.10, -37.14, -51.35, -18.41, 38.26, 17.67, -81.83, -34.75, -12.18, 96.96, 79.45, 18.78, 57.24, 99.74, 88.20, 58.83, -98.04, 53.54, 38.51, -36.24, 86.15, 86.64, 55.68, -78.25, 3.53, -45.62, 55.93, -42.38, 66.15, 64.61, -77.92, -47.07, 6.05, -50.42, -38.07, 7.64, 58.32, -11.54, -9.11, 83.14, -82.97, 76.89
60,755.48,1056.59,0.10,0.90,-47.82, -74.42, 47.30, -60.25, 25.43, -63.62, -53.90, -2.78, 84.10, -37.14, -51.35, -18.41, 38.26, 17.67, -81.83, -34.75, -12.18, 96.96, 79.45, 18.78, 57.24, 99.74, 88.20, 58.83, -98.04, 53.54, 38.51, -36.24, 86.15, 86.64, 55.68, -78.25, 3.53, -45.62, 55.93, -42.38, 66.15, 64.61, -77.92, -47.07, 6.05, -50.42, -38.07, 7.64, 58.32, -11.54, -9.11, 83.14, -82.97, 76.89
61,848.79,1056.59,0.10,0.90,-47.82, -74.42, 47.30, -60.25, 25.43, -63.62, -53.90, -2.78, 84.10, -37.14, -51.35, -18.41, 38.26, 17.67, -81.83, -34.75, -12.18, 96.96, 79.45, 18.78, 57.24, 99.74, 88.20, 58.83, -98.04, 53.54, 38.51, -36.24, 86.15, 86.64, 55.68, -78.25, 3.53, -45.62, 55.93, -42.38, 66.15, 64.61, -77.92, -47.07, 6.05, -50.42, -38.07, 7.64, 58.32, -11.54, -9.11, 83.14, -82.97, 76.89
62,820.48,1056.59,0.10,0.90,-47.82, -74.42, 47.30, -60.25, 25.43, -63.62, -53.90, -2.78, 84.10, -37.14, -51.35, -18.41, 38.26, 17.67, -81.83, -34.75, -12.18, 96.96, 79.45, 18.78, 57.24, 99.74, 88.20, 58.83, -98.04, 53.54, 38.51, -36.24, 86.15, 86.64, 55.68, -78.25, 3.53, -45.62, 55.93, -42.38, 66.15, 64.61, -77.92, -47.07, 6.05, -50.42, -38.07, 7.64, 58.32, -11.54, -9.11, 83.14, -82.97, 76.89
63,897.14,1056.59,0.10,0.90,-47.82, -74.42, 47.30, -60.25, 25.43, -63.62, -53.90, -2.78, 84.10, -37.14, -51.35, -18.41, 38.26, 17.67, -81.83, -34.75, -12.18, 96.96, 79.45, 18.78, 57.24, 99.74, 88.20, 58.83, -98.04, 53.54, 38.51, -36.24, 86.15, 86.64, 55.68, -78.25, 3.53, -45.62, 55.93, -42.38, 66.15, 64.61, -77.92, -47.07, 6.05, -50.42, -38.07, 7.64, 58.32, -11.54, -9.11, 83.14, -82.97, 76.89
64,903.64,1056.59,0.10,0.90,-47.82, -74.42, 47.30, -60.25, 25.43, -63.62, -53.90, -2.78, 84.10, -37.14, -51.35, -18.41, 38.26, 17.67, -81.83, -34.75, -12.18, 96.96, 79.45, 18.78, 57.24, 99.74, 88.20, 58.83, -98.04, 53.54, 38.51, -36.24, 86.15, 86.64, 55.68, -78.25, 3.53, -45.62, 55.93, -42.38, 66.15, 64.61, -77.92, -47.07, 6.05, -50.42, -38.07, 7.64, 58.32, -11.54, -9.11, 83.14, -82.97, 76.89
65,806.29,1056.59,0.10,0.90,-47.82, -74.42, 47.30, -60.25, 25.43, -63.62, -53.90, -2.78, 84.10, -37.14, -51.35, -18.41, 38.26, 17.67, -81.83, -34.75, -12.18, 96.96, 79.45, 18.78, 57.24, 99.74, 88.20, 58.83, -98.04, 53.54, 38.51, -36.24, 86.15, 86.64, 55.68, -78.25, 3.53, -45.62, 55.93, -42.38, 66.15, 64.61, -77.92, -47.07, 6.05, -50.42, -38.07, 7.64, 58.32, -11.54, -9.11, 83.14, -82.97, 76.89
66,768.64,1056.59,0.10,0.90,-47.82, -74.42, 47.30, -60.25, 25.43, -63.62, -53.90, -2.78, 84.10, -37.14, -51.35, -18.41, 38.26, 17.67, -81.83, -34.75, -12.18, 96.96, 79.45, 18.78, 57.24, 99.74, 88.20, 58.83, -98.04, 53.54, 38.51, -36.24, 86.15, 86.64, 55.68, -78.25, 3.53, -45.62, 55.93, -42.38, 66.15, 64.61, -77.92, -47.07, 6.05, -50.42, -38.07, 7.64, 58.32, -11.54, -9.11, 83.14, -82.97, 76.89
67,779.57,1056.59,0.10,0.90,-47.82, -74.42, 47.30, -60.25, 25.43, -63.62, -53.90, -2.78, 84.10, -37.14, -51.35, -18.41, 38.26, 17.67, -81.83, -34.75, -12.18, 96.96, 79.45, 18.78, 57.24, 99.74, 88.20, 58.83, -98.04, 53.54, 38.51, -36.24, 86.15, 86.64, 55.68, -78.25, 3.53, -45.62, 55.93, -42.38, 66.15, 64.61, -77.92, -47.07, 6.05, -50.42, -38.07, 7.64, 58.32, -11.54, -9.11, 83.14, -82.97, 76.89
68,714.27,1056.59,0.10,0.90,-47.82, -74.42, 47.30, -60.25, 25.43, -63.62, -53.90, -2.78, 84.10, -37.14, -51.35, -18.41, 38.26, 17.67, -81.83, -34.75, -12.18, 96.96, 79.45, 18.78, 57.24, 99.74, 88.20, 58.83, -98.04, 53.54, 38.51, -36.24, 86.15, 86.64, 55.68, -78.25, 3.53, -45.62, 55.93, -42.38, 66.15, 64.61, -77.92, -47.07, 6.05, -50.42, -38.07, 7.64, 58.32, -11.54, -9.11, 83.14, -82.97, 76.89
69,887.79,1056.59,0.10,0.90,-47.82, -74.42, 47.30, -60.25, 25.43, -63.62, -53.90, -2.78, 84.10, -37.14, -51.35, -18.41, 38.26, 17.67, -81.83, -34.75, -12.18, 96.96, 79.45, 18.78, 57.24, 99.74, 88.20, 58.83, -98.04, 53.54, 38.51, -36.24, 86.15, 86.64, 55.68, -78.25, 3.53, -45.62, 55.93, -42.38, 66.15, 64.61, -77.92, -47.07, 6.05, -50.42, -38.07, 7.64, 58.32, -11.54, -9.11, 83.14, -82.97, 76.89
70,844.57,1056.59,0.10,0.90,-47.82, -74.42, 47.30, -60.25, 25.43, -63.62, -53.90, -2.78, 84.10, -37.14, -51.35, -18.41, 38.26, 17.67, -81.83, -34.75, -12.18, 96.96, 79.45, 18.78, 57.24, 99.74, 88.20, 58.83, -98.04, 53.54, 38.51, -36.24, 86.15, 86.64, 55.68, -78.25, 3.53, -45.62, 55.93, -42.38, 66.15, 64.61, -77.92, -47.07, 6.05, -50.42, -38.07, 7.64, 58.32, -11.54, -9.11, 83.14, -82.97, 76.89
71,935.29,1056.59,0.10,0.90,-47.82, -74.42, 47.30, -60.25, 25.43, -63.62, -53.90, -2.78, 84.10, -37.14, -51.35, -18.41, 38.26, 17.67, -81.83, -34.75, -12.18, 96.96, 79.45, 18.78, 57.24, 99.74, 88.20, 58.83, -98.04, 53.54, 38.51, -36.24, 86.15, 86.64, 55.68, -78.25, 3.53, -45.62, 55.93, -42.38, 66.15, 64.61, -77.92, -47.07, 6.05, -50.42, -38.07, 7.64, 58.32, -11.54, -9.11, 83.14, -82.97, 76.89
72,923.95,1056.59,0.10,0.90,-47.82, -74.42, 47.30, -60.25, 25.43, -63.62, -53.90, -2.78, 84.10, -37.14, -51.35, -18.41, 38.26, 17.67, -81.83, -34.75, -12.18, 96.96, 79.45, 18.78, 57.24, 99.74, 88.20, 58.83, -98.04, 53.54, 38.51, -36.24, 86.15, 86.64, 55.68, -78.25, 3.53, -45.62, 55.93, -42.38, 66.15, 64.61, -77.92, -47.07, 6.05, -50.42, -38.07, 7.64, 58.32, -11.54, -9.11, 83.14, -82.97, 76.89
73,847.11,1056.59,0.10,0.90,-47.82, -74.42, 47.30, -60.25, 25.43, -63.62, -53.90, -2.78, 84.10, -37.14, -51.35, -18.41, 38.26, 17.67, -81.83, -34.75, -12.18, 96.96, 79.45, 18.78, 57.24, 99.74, 88.20, 58.83, -98.04, 53.54, 38.51, -36.24, 86.15, 86.64, 55.68, -78.25, 3.53, -45.62, 55.93, -42.38, 66.15, 64.61, -77.92, -47.07, 6.05, -50.42, -38.07, 7.64, 58.32, -11.54, -9.11, 83.14, -82.97, 76.89
74,863.09,1056.59,0.10,0.90,-47.82, -74.42, 47.30, -60.25, 25.43, -63.62, -53.90, -2.78, 84.10, -37.14, -51.35, -18.41, 38.26, 17.67, -81.83, -34.75, -12.18, 96.96, 79.45, 18.78, 57.24, 99.74, 88.20, 58.83, -98.04, 53.54, 38.51, -36.24, 86.15, 86.64, 55.68, -78.25, 3.53, -45.62, 55.93, -42.38, 66.15, 64.61, -77.92, -47.07, 6.05, -50.42, -38.07, 7.64, 58.32, -11.54, -9.11, 83.14, -82.97, 76.89
75,804.61,1056.59,0.10,0.90,-47.82, -74.42, 47.30, -60.25, 25.43, -63.62, -53.90, -2.78, 84.10, -37.14, -51.35, -18.41, 38.26, 17.67, -81.83, -34.75, -12.18, 96.96, 79.45, 18.78, 57.24, 99.74, 88.20, 58.83, -98.04, 53.54, 38.51, -36.24, 86.15, 86.64, 55.68, -78.25, 3.53, -45.62, 55.93, -42.38, 66.15, 64.61, -77.92, -47.07, 6.05, -50.42, -38.07, 7.64, 58.32, -11.54, -9.11, 83.14, -82.97, 76.89
76,867.27,1056.59,0.10,0.90,-47.82, -74.42, 47.30, -60.25, 25.43, -63.62, -53.90, -2.78, 84.10, -37.14, -51.35, -18.41, 38.26, 17.67, -81.83, -34.75, -12.18, 96.96, 79.45, 18.78, 57.24, 99.74, 88.20, 58.83, -98.04, 53.54, 38.51, -36.24, 86.15, 86.64, 55.68, -78.25, 3.53, -45.62, 55.93, -42.38, 66.15, 64.61, -77.92, -47.07, 6.05, -50.42, -38.07, 7.64, 58.32, -11.54, -9.11, 83.14, -82.97, 76.89
77,635.15,1056.59,0.10,0.90,-47.82, -74.42, 47.30, -60.25, 25.43, -63.62, -53.90, -2.78, 84.10, -37.14, -51.35, -18.41, 38.26, 17.67, -81.83, -34.75, -12.18, 96.96, 79.45, 18.78, 57.24, 99.74, 88.20, 58.83, -98.04, 53.54, 38.51, -36.24, 86.15, 86.64, 55.68, -78.25, 3.53, -45.62, 55.93, -42.38, 66.15, 64.61, -77.92, -47.07, 6.05, -50.42, -38.07, 7.64, 58.32, -11.54, -9.11, 83.14, -82.97, 76.89
78,644.82,1056.59,0.10,0.90,-47.82, -74.42, 47.30, -60.25, 25.43, -63.62, -53.90, -2.78, 84.10, -37.14, -51.35, -18.41, 38.26, 17.67, -81.83, -34.75, -12.18, 96.96, 79.45, 18.78, 57.24, 99.74, 88.20, 58.83, -98.04, 53.54, 38.51, -36.24, 86.15, 86.64, 55.68, -78.25, 3.53, -45.62, 55.93, -42.38, 66.15, 64.61, -77.92, -47.07, 6.05, -50.42, -38.07, 7.64, 58.32, -11.54, -9.11, 83.14, -82.97, 76.89
79,768.32,1056.59,0.10,0.90,-47.82, -74.42, 47.30, -60.25, 25.43, -63.62, -53.90, -2.78, 84.10, -37.14, -51.35, -18.41, 38.26, 17.67, -81.83, -34.75, -12.18, 96.96, 79.45, 18.78, 57.24, 99.74, 88.20, 58.83, -98.04, 53.54, 38.51, -36.24, 86.15, 86.64, 55.68, -78.25, 3.53, -45.62, 55.93, -42.38, 66.15, 64.61, -77.92, -47.07, 6.05, -50.42, -38.07, 7.64, 58.32, -11.54, -9.11, 83.14, -82.97, 76.89
80,912.99,1056.59,0.10,0.90,-47.82, -74.42, 47.30, -60.25, 25.43, -63.62, -53.90, -2.78, 84.10, -37.14, -51.35, -18.41, 38.26, 17.67, -81.83, -34.75, -12.18, 96.96, 79.45, 18.78, 57.24, 99.74, 88.20, 58.83, -98.04, 53.54, 38.51, -36.24, 86.15, 86.64, 55.68, -78.25, 3.53, -45.62, 55.93, -42.38, 66.15, 64.61, -77.92, -47.07, 6.05, -50.42, -38.07, 7.64, 58.32, -11.54, -9.11, 83.14, -82.97, 76.89
81,918.51,1056.59,0.10,0.90,-47.82, -74.42, 47.30, -60.25, 25.43, -63.62, -53.90, -2.78, 84.10, -37.14, -51.35, -18.41, 38.26, 17.67, -81.83, -34.75, -12.18, 96.96, 79.45, 18.78, 57.24, 99.74, 88.20, 58.83, -98.04, 53.54, 38.51, -36.24, 86.15, 86.64, 55.68, -78.25, 3.53, -45.62, 55.93, -42.38, 66.15, 64.61, -77.92, -47.07, 6.05, -50.42, -38.07, 7.64, 58.32, -11.54, -9.11, 83.14, -82.97, 76.89
82,863.98,1056.59,0.10,0.90,-47.82, -74.42, 47.30, -60.25, 25.43, -63.62, -53.90, -2.78, 84.10, -37.14, -51.35, -18.41, 38.26, 17.67, -81.83, -34.75, -12.18, 96.96, 79.45, 18.78, 57.24, 99.74, 88.20, 58.83, -98.04, 53.54, 38.51, -36.24, 86.15, 86.64, 55.68, -78.25, 3.53, -45.62, 55.93, -42.38, 66.15, 64.61, -77.92, -47.07, 6.05, -50.42, -38.07, 7.64, 58.32, -11.54, -9.11, 83.14, -82.97, 76.89
83,772.14,1056.59,0.10,0.90,-47.82, -74.42, 47.30, -60.25, 25.43, -63.62, -53.90, -2.78, 84.10, -37.14, -51.35, -18.41, 38.26, 17.67, -81.83, -34.75, -12.18, 96.96, 79.45, 18.78, 57.24, 99.74, 88.20, 58.83, -98.04, 53.54, 38.51, -36.24, 86.15, 86.64, 55.68, -78.25, 3.53, -45.62, 55.93, -42.38, 66.15, 64.61, -77.92, -47.07, 6.05, -50.42, -38.07, 7.64, 58.32, -11.54, -9.11, 83.14, -82.97, 76.89
84,792.60,1056.59,0.10,0.90,-47.82, -74.42, 47.30, -60.25, 25.43, -63.62, -53.90, -2.78, 84.10, -37.14, -51.35, -18.41, 38.26, 17.67, -81.83, -34.75, -12.18, 96.96, 79.45, 18.78, 57.24, 99.74, 88.20, 58.83, -98.04, 53.54, 38.51, -36.24, 86.15, 86.64, 55.68, -78.25, 3.53, -45.62, 55.93, -42.38, 66.15, 64.61, -77.92, -47.07, 6.05, -50.42, -38.07, 7.64, 58.32, -11.54, -9.11, 83.14, -82.97, 76.89
85,805.80,1056.59,0.10,0.90,-47.82, -74.42, 47.30, -60.25, 25.43, -63.62, -53.90, -2.78, 84.10, -37.14, -51.35, -18.41, 38.26, 17.67, -81.83, -34.75, -12.18, 96.96, 79.45, 18.78, 57.24, 99.74, 88.20, 58.83, -98.04, 53.54, 38.51, -36.24, 86.15, 86.64, 55.68, -78.25, 3.53, -45.62, 55.93, -42.38, 66.15, 64.61, -77.92, -47.07, 6.05, -50.42, -38.07, 7.64, 58.32, -11.54, -9.11, 83.14, -82.97, 76.89
86,822.64,1056.59,0.10,0.90,-47.82, -74.42, 47.30, -60.25, 25.43, -63.62, -53.90, -2.78, 84.10, -37.14, -51.35, -18.41, 38.26, 17.67, -81.83, -34.75, -12.18, 96.96, 79.45, 18.78, 57.24, 99.74, 88.20, 58.83, -98.04, 53.54, 38.51, -36.24, 86.15, 86.64, 55.68, -78.25, 3.53, -45.62, 55.93, -42.38, 66.15, 64.61, -77.92, -47.07, 6.05, -50.42, -38.07, 7.64, 58.32, -11.54, -9.11, 83.14, -82.97, 76.89
87,923.59,1056.59,0.10,0.90,-47.82, -74.42, 47.30, -60.25, 25.43, -63.62, -53.90, -2.78, 84.10, -37.14, -51.35, -18.41, 38.26, 17.67, -81.83, -34.75, -12.18, 96.96, 79.45, 18.78, 57.24, 99.74, 88.20, 58.83, -98.04, 53.54, 38.51, -36.24, 86.15, 86.64, 55.68, -78.25, 3.53, -45.62, 55.93, -42.38, 66.15, 64.61, -77.92, -47.07, 6.05, -50.42, -38.07, 7.64, 58.32, -11.54, -9.11, 83.14, -82.97, 76.89
88,753.77,1056.59,0.10,0.90,-47.82, -74.42, 47.30, -60.25, 25.43, -63.62, -53.90, -2.78, 84.10, -37.14, -51.35, -18.41, 38.26, 17.67, -81.83, -34.75, -12.18, 96.96, 79.45, 18.78, 57.24, 99.74, 88.20, 58.83, -98.04, 53.54, 38.51, -36.24, 86.15, 86.64, 55.68, -78.25, 3.53, -45.62, 55.93, -42.38, 66.15, 64.61, -77.92, -47.07, 6.05, -50.42, -38.07, 7.64, 58.32, -11.54, -9.11, 83.14, -82.97, 76.89
89,816.64,1056.59,0.10,0.90,-47.82, -74.42, 47.30, -60.25, 25.43, -63.62, -53.90, -2.78, 84.10, -37.14, -51.35, -18.41, 38.26, 17.67, -81.83, -34.75, -12.18, 96.96, 79.45, 18.78, 57.24, 99.74, 88.20, 58.83, -98.04, 53.54, 38.51, -36.24, 86.15, 86.64, 55.68, -78.25, 3.53, -45.62, 55.93, -42.38, 66.15, 64.61, -77.92, -47.07, 6.05, -50.42, -38.07, 7.64, 58.32, -11.54, -9.11, 83.14, -82.97, 76.89
90,937.93,1056.59,0.10,0.90,-47.82, -74.42, 47.30, -60.25, 25.43, -63.62, -53.90, -2.78, 84.10, -37.14, -51.35, -18.41, 38.26, 17.67, -81.83, -34.75, -12.18, 96.96, 79.45, 18.78, 57.24, 99.74, 88.20, 58.83, -98.04, 53.54, 38.51, -36.24, 86.15, 86.64, 55.68, -78.25, 3.53, -45.62, 55.93, -42.38, 66.15, 64.61, -77.92, -47.07, 6.05, -50.42, -38.07, 7.64, 58.32, -11.54, -9.11, 83.14, -82.97, 76.89
91,810.27,1056.59,0.10,0.90,-47.82, -74.42, 47.30, -60.25, 25.43, -63.62, -53.90, -2.78, 84.10, -37.14, -51.35, -18.41, 38.26, 17.67, -81.83, -34.75, -12.18, 96.96, 79.45, 18.78, 57.24, 99.74, 88.20, 58.83, -98.04, 53.54, 38.51, -36.24, 86.15, 86.64, 55.68, -78.25, 3.53, -45.62, 55.93, -42.38, 66.15, 64.61, -77.92, -47.07, 6.05, -50.42, -38.07, 7.64, 58.32, -11.54, -9.11, 83.14, -82.97, 76.89
92,906.57,1056.59,0.10,0.90,-47.82, -74.42, 47.30, -60.25, 25.43, -63.62, -53.90, -2.78, 84.10, -37.14, -51.35, -18.41, 38.26, 17.67, -81.83, -34.75, -12.18, 96.96, 79.45, 18.78, 57.24, 99.74, 88.20, 58.83, -98.04, 53.54, 38.51, -36.24, 86.15, 86.64, 55.68, -78.25, 3.53, -45.62, 55.93, -42.38, 66.15, 64.61, -77.92, -47.07, 6.05, -50.42, -38.07, 7.64, 58.32, -11.54, -9.11, 83.14, -82.97, 76.89
93,707.32,1056.59,0.10,0.90,-47.82, -74.42, 47.30, -60.25, 25.43, -63.62, -53.90, -2.78, 84.10, -37.14, -51.35, -18.41, 38.26, 17.67, -81.83, -34.75, -12.18, 96.96, 79.45, 18.78, 57.24, 99.74, 88.20, 58.83, -98.04, 53.54, 38.51, -36.24, 86.15, 86.64, 55.68, -78.25, 3.53, -45.62, 55.93, -42.38, 66.15, 64.61, -77.92, -47.07, 6.05, -50.42, -38.07, 7.64, 58.32, -11.54, -9.11, 83.14, -82.97, 76.89
94,829.11,1065.00,0.10,0.90,13.34, -15.68, 89.93, -42.66, -44.83, -26.35, -51.76, -34.30, -45.34, -66.67, -51.35, -18.41, 38.26, 17.67, -81.83, -34.75, -12.18, 96.96, 79.45, 18.78, 57.24, 99.74, 88.20, 58.83, -98.04, 53.54, 38.51, -36.24, 86.15, 86.64, 55.68, -78.25, 3.53, -45.62, 55.93, -42.38, 66.15, 64.61, -77.92, -47.07, 6.05, -50.42, -38.07, 7.64, 58.32, -11.54, -9.11, 83.14, -82.97, 76.89
95,911.27,1065.00,0.10,0.90,13.34, -15.68, 89.93, -42.66, -44.83, -26.35, -51.76, -34.30, -45.34, -66.67, -51.35, -18.41, 38.26, 17.67, -81.83, -34.75, -12.18, 96.96, 79.45, 18.78, 57.24, 99.74, 88.20, 58.83, -98.04, 53.54, 38.51, -36.24, 86.15, 86.64, 55.68, -78.25, 3.53, -45.62, 55.93, -42.38, 66.15, 64.61, -77.92, -47.07, 6.05, -50.42, -38.07, 7.64, 58.32, -11.54, -9.11, 83.14, -82.97, 76.89
96,894.59,1065.00,0.10,0.90,13.34, -15.68, 89.93, -42.66, -44.83, -26.35, -51.76, -34.30, -45.34, -66.67, -51.35, -18.41, 38.26, 17.67, -81.83, -34.75, -12.18, 96.96, 79.45, 18.78, 57.24, 99.74, 88.20, 58.83, -98.04, 53.54, 38.51, -36.24, 86.15, 86.64, 55.68, -78.25, 3.53, -45.62, 55.93, -42.38, 66.15, 64.61, -77.92, -47.07, 6.05, -50.42, -38.07, 7.64, 58.32, -11.54, -9.11, 83.14, -82.97, 76.89
97,854.43,1065.00,0.10,0.90,13.34, -15.68, 89.93, -42.66, -44.83, -26.35, -51.76, -34.30, -45.34, -66.67, -51.35, -18.41, 38.26, 17.67, -81.83, -34.75, -12.18, 96.96, 79.45, 18.78, 57.24, 99.74, 88.20, 58.83, -98.04, 53.54, 38.51, -36.24, 86.15, 86.64, 55.68, -78.25, 3.53, -45.62, 55.93, -42.38, 66.15, 64.61, -77.92, -47.07, 6.05, -50.42, -38.07, 7.64, 58.32, -11.54, -9.11, 83.14, -82.97, 76.89
98,774.00,1065.00,0.10,0.90,13.34, -15.68, 89.93, -42.66, -44.83, -26.35, -51.76, -34.30, -45.34, -66.67, -51.35, -18.41, 38.26, 17.67, -81.83, -34.75, -12.18, 96.96, 79.45, 18.78, 57.24, 99.74, 88.20, 58.83, -98.04, 53.54, 38.51, -36.24, 86.15, 86.64, 55.68, -78.25, 3.53, -45.62, 55.93, -42.38, 66.15, 64.61, -77.92, -47.07, 6.05, -50.42, -38.07, 7.64, 58.32, -11.54, -9.11, 83.14, -82.97, 76.89
99,763.95,1065.00,0.10,0.90,13.34, -15.68, 89.93, -42.66, -44.83, -26.35, -51.76, -34.30, -45.34, -66.67, -51.35, -18.41, 38.26, 17.67, -81.83, -34.75, -12.18, 96.96, 79.45, 18.78, 57.24, 99.74, 88.20, 58.83, -98.04, 53.54, 38.51, -36.24, 86.15, 86.64, 55.68, -78.25, 3.53, -45.62, 55.93, -42.38, 66.15, 64.61, -77.92, -47.07, 6.05, -50.42, -38.07, 7.64, 58.32, -11.54, -9.11, 83.14, -82.97, 76.89
100,620.45,1065.00,0.10,0.90,13.34, -15.68, 89.93, -42.66, -44.83, -26.35, -51.76, -34.30, -45.34, -66.67, -51.35, -18.41, 38.26, 17.67, -81.83, -34.75, -12.18, 96.96, 79.45, 18.78, 57.24, 99.74, 88.20, 58.83, -98.04, 53.54, 38.51, -36.24, 86.15, 86.64, 55.68, -78.25, 3.53, -45.62, 55.93, -42.38, 66.15, 64.61, -77.92, -47.07, 6.05, -50.42, -38.07, 7.64, 58.32, -11.54, -9.11, 83.14, -82.97, 76.89
