Generacion,Aptitud Mejor Individuo,margin,range,teammateG,wallG,goalieG,forceLimit,side,forward_angle,goalie_x,offensive_pos1.x,offensive_pos1.y,offensive_pos2.x,offensive_pos2.y,tiempo,tiempo acumulado,uso de CPU
1,1070.0,0.973551319193252,0.01551824586059225,7.176159742388143,1.6987324879594456,0.01652494994523024,8.933560013453265,-0.3131065990571835,3.1943141608195913,0.4875010786295464,-0.6904876407744893,-0.03837454746280944,0.366407466720315,-0.43870435618727655,3.872625,3,0.00
2,1072.0,0.9401699782173302,0.6052486637654346,9.049909998799711,0.6056631846893301,3.08190878440896,9.702218358645395,-0.9158693099334283,2.131467554588878,-0.7170190115790005,-0.2108183156810699,0.10828382941482761,0.0662454933833323,0.6058117395893934,1.353541,4,0.65
3,1072.0,0.9401699782173302,0.6052486637654346,9.049909998799711,0.6056631846893301,3.08190878440896,9.702218358645395,-0.9158693099334283,2.131467554588878,-0.7170190115790005,-0.2108183156810699,0.10828382941482761,0.0662454933833323,0.6058117395893934,0.11425,4,0.65
4,1072.0,0.9401699782173302,0.6052486637654346,9.049909998799711,0.6056631846893301,3.08190878440896,9.702218358645395,-0.9158693099334283,2.131467554588878,-0.7170190115790005,-0.2108183156810699,0.10828382941482761,0.0662454933833323,0.6058117395893934,0.91675,4,0.70
5,1073.0,0.973551319193252,0.01551824586059225,7.176159742388143,1.6987324879594456,0.01652494994523024,3.7526585240189334,-0.3131065990571835,3.539552781600558,0.297957608701902,-0.6904876407744893,-0.03837454746280944,0.366407466720315,-0.43870435618727655,0.112959,4,0.66
6,1072.0,0.9401699782173302,0.6052486637654346,9.049909998799711,0.6056631846893301,3.08190878440896,9.702218358645395,-0.9158693099334283,2.131467554588878,-0.7170190115790005,-0.2108183156810699,0.10828382941482761,0.0662454933833323,0.6058117395893934,0.133584,4,0.67
7,1075.0,0.973551319193252,0.01551824586059225,7.176159742388143,1.6987324879594456,0.01652494994523024,8.933560013453265,-0.3131065990571835,2.131467554588878,0.4875010786295464,-0.6904876407744893,-0.03837454746280944,0.366407466720315,-0.43870435618727655,1.298042,5,0.68
8,1075.0,0.973551319193252,0.01551824586059225,7.176159742388143,1.6987324879594456,0.01652494994523024,8.933560013453265,-0.3131065990571835,2.131467554588878,0.4875010786295464,-0.6904876407744893,-0.03837454746280944,0.366407466720315,-0.43870435618727655,0.084958,5,0.64
9,1075.0,0.973551319193252,0.01551824586059225,7.176159742388143,1.6987324879594456,0.01652494994523024,8.933560013453265,-0.3131065990571835,2.131467554588878,0.4875010786295464,-0.6904876407744893,-0.03837454746280944,0.366407466720315,-0.43870435618727655,0.923959,5,0.63
10,1075.0,0.973551319193252,0.01551824586059225,7.176159742388143,1.6987324879594456,0.01652494994523024,8.933560013453265,-0.3131065990571835,2.131467554588878,0.4875010786295464,-0.6904876407744893,-0.03837454746280944,0.366407466720315,-0.43870435618727655,0.1745,5,0.62
11,1075.0,0.973551319193252,0.01551824586059225,7.176159742388143,1.6987324879594456,0.01652494994523024,8.933560013453265,-0.3131065990571835,2.131467554588878,0.4875010786295464,-0.6904876407744893,-0.03837454746280944,0.366407466720315,-0.43870435618727655,0.121708,5,0.66
12,1075.0,0.973551319193252,0.01551824586059225,7.176159742388143,1.6987324879594456,0.01652494994523024,8.933560013453265,-0.3131065990571835,2.131467554588878,0.4875010786295464,-0.6904876407744893,-0.03837454746280944,0.366407466720315,-0.43870435618727655,0.082,5,0.67
13,1075.0,0.973551319193252,0.01551824586059225,7.176159742388143,1.6987324879594456,0.01652494994523024,8.933560013453265,-0.3131065990571835,2.131467554588878,0.4875010786295464,-0.6904876407744893,-0.03837454746280944,0.366407466720315,-0.43870435618727655,0.150375,5,0.67
14,1076.0,0.973551319193252,0.01551824586059225,7.176159742388143,1.6987324879594456,0.01652494994523024,8.933560013453265,-0.3131065990571835,2.131467554588878,-0.7170190115790005,-0.6904876407744893,-0.03837454746280944,0.366407466720315,-0.43870435618727655,0.939708,5,0.68
15,1076.0,0.973551319193252,0.01551824586059225,7.176159742388143,1.6987324879594456,0.01652494994523024,8.933560013453265,-0.3131065990571835,2.131467554588878,-0.7170190115790005,-0.6904876407744893,-0.03837454746280944,0.366407466720315,-0.43870435618727655,0.082834,5,0.67
16,1076.0,0.973551319193252,0.01551824586059225,7.176159742388143,1.6987324879594456,0.01652494994523024,8.933560013453265,-0.3131065990571835,2.131467554588878,-0.7170190115790005,-0.6904876407744893,-0.03837454746280944,0.366407466720315,-0.43870435618727655,0.623541,5,0.64
17,1075.0,0.973551319193252,0.01551824586059225,7.176159742388143,1.6987324879594456,0.01652494994523024,8.933560013453265,-0.3131065990571835,2.131467554588878,0.4875010786295464,-0.6904876407744893,-0.03837454746280944,0.366407466720315,-0.43870435618727655,0.087208,5,0.66
18,1076.0,0.973551319193252,0.01551824586059225,7.176159742388143,1.6987324879594456,0.5246692656636232,7.585014775730322,-0.3131065990571835,2.131467554588878,0.3925286368739125,-0.6904876407744893,-0.03837454746280944,0.366407466720315,-0.43870435618727655,0.09325,5,0.69
19,1076.0,0.973551319193252,0.01551824586059225,7.176159742388143,1.6987324879594456,0.5246692656636232,7.585014775730322,-0.3131065990571835,2.131467554588878,0.3925286368739125,-0.6904876407744893,-0.03837454746280944,0.366407466720315,-0.43870435618727655,0.126667,5,0.66
20,1076.0,0.973551319193252,0.01551824586059225,7.176159742388143,1.6987324879594456,0.5246692656636232,7.585014775730322,-0.3131065990571835,2.131467554588878,0.3925286368739125,-0.6904876407744893,-0.03837454746280944,0.366407466720315,-0.43870435618727655,0.102792,5,0.66
21,1076.0,0.973551319193252,0.01551824586059225,7.176159742388143,1.6987324879594456,0.5246692656636232,7.585014775730322,-0.3131065990571835,2.131467554588878,0.3925286368739125,-0.6904876407744893,-0.03837454746280944,0.366407466720315,-0.43870435618727655,1.247584,6,0.70
22,1076.0,0.973551319193252,0.01551824586059225,7.176159742388143,1.6987324879594456,0.5246692656636232,7.585014775730322,-0.3131065990571835,2.131467554588878,0.3925286368739125,-0.6904876407744893,-0.03837454746280944,0.366407466720315,-0.43870435618727655,0.055625,6,0.66
23,1076.0,0.973551319193252,0.01551824586059225,7.176159742388143,1.6987324879594456,0.5246692656636232,7.585014775730322,-0.3131065990571835,2.131467554588878,0.3925286368739125,-0.6904876407744893,-0.03837454746280944,0.366407466720315,-0.43870435618727655,0.905084,6,0.69
24,1076.0,0.973551319193252,0.01551824586059225,7.176159742388143,1.6987324879594456,0.5246692656636232,7.585014775730322,-0.3131065990571835,2.131467554588878,0.3925286368739125,-0.6904876407744893,-0.03837454746280944,0.366407466720315,-0.43870435618727655,0.068708,6,0.69
25,1076.0,0.973551319193252,0.01551824586059225,7.176159742388143,1.6987324879594456,0.5246692656636232,7.585014775730322,-0.3131065990571835,2.131467554588878,0.3925286368739125,-0.6904876407744893,-0.03837454746280944,0.366407466720315,-0.43870435618727655,0.058459,6,0.66
26,1076.0,0.973551319193252,0.01551824586059225,7.176159742388143,1.6987324879594456,0.5246692656636232,7.585014775730322,-0.3131065990571835,2.131467554588878,0.3925286368739125,-0.6904876407744893,-0.03837454746280944,0.366407466720315,-0.43870435618727655,0.072958,6,0.66
27,1076.0,0.973551319193252,0.01551824586059225,7.176159742388143,1.6987324879594456,0.5246692656636232,7.585014775730322,-0.3131065990571835,2.131467554588878,0.3925286368739125,-0.6904876407744893,-0.03837454746280944,0.366407466720315,-0.43870435618727655,0.059125,6,0.65
28,1076.0,0.973551319193252,0.01551824586059225,7.176159742388143,1.6987324879594456,0.5246692656636232,7.585014775730322,-0.3131065990571835,2.131467554588878,0.3925286368739125,-0.6904876407744893,-0.03837454746280944,0.366407466720315,-0.43870435618727655,0.943292,6,0.66
29,1076.0,0.973551319193252,0.01551824586059225,7.176159742388143,1.6987324879594456,0.5246692656636232,7.585014775730322,-0.3131065990571835,2.131467554588878,0.3925286368739125,-0.6904876407744893,-0.03837454746280944,0.366407466720315,-0.43870435618727655,0.088333,6,0.66
30,1076.0,0.973551319193252,0.01551824586059225,7.176159742388143,1.6987324879594456,0.5246692656636232,7.585014775730322,-0.3131065990571835,2.131467554588878,0.3925286368739125,-0.6904876407744893,-0.03837454746280944,0.366407466720315,-0.43870435618727655,1.268833,7,0.68
31,1076.0,0.973551319193252,0.01551824586059225,7.176159742388143,1.6987324879594456,0.5246692656636232,7.585014775730322,-0.3131065990571835,2.131467554588878,0.3925286368739125,-0.6904876407744893,-0.03837454746280944,0.366407466720315,-0.43870435618727655,0.064042,7,0.65
32,1076.0,0.973551319193252,0.01551824586059225,7.176159742388143,1.6987324879594456,0.5246692656636232,7.585014775730322,-0.3131065990571835,2.131467554588878,0.3925286368739125,-0.6904876407744893,-0.03837454746280944,0.366407466720315,-0.43870435618727655,0.065083,7,0.70
33,1076.0,0.973551319193252,0.01551824586059225,7.176159742388143,1.6987324879594456,0.5246692656636232,7.585014775730322,-0.3131065990571835,2.131467554588878,0.3925286368739125,-0.6904876407744893,-0.03837454746280944,0.366407466720315,-0.43870435618727655,0.054292,7,0.68
34,1076.0,0.973551319193252,0.01551824586059225,7.176159742388143,1.6987324879594456,0.5246692656636232,7.585014775730322,-0.3131065990571835,2.131467554588878,0.3925286368739125,-0.6904876407744893,-0.03837454746280944,0.366407466720315,-0.43870435618727655,0.06075,7,0.66
35,1076.0,0.973551319193252,0.01551824586059225,7.176159742388143,1.6987324879594456,0.5246692656636232,7.585014775730322,-0.3131065990571835,2.131467554588878,0.3925286368739125,-0.6904876407744893,-0.03837454746280944,0.366407466720315,-0.43870435618727655,0.891083,7,0.68
36,1076.0,0.973551319193252,0.01551824586059225,7.176159742388143,1.6987324879594456,0.5246692656636232,7.585014775730322,-0.3131065990571835,2.131467554588878,0.3925286368739125,-0.6904876407744893,-0.03837454746280944,0.366407466720315,-0.43870435618727655,0.111,7,0.65
37,1076.0,0.973551319193252,0.01551824586059225,7.176159742388143,1.6987324879594456,0.5246692656636232,7.585014775730322,-0.3131065990571835,2.131467554588878,0.3925286368739125,-0.6904876407744893,-0.03837454746280944,0.366407466720315,-0.43870435618727655,0.925625,7,0.65
38,1076.0,0.973551319193252,0.01551824586059225,7.176159742388143,1.6987324879594456,0.5246692656636232,7.585014775730322,-0.3131065990571835,2.131467554588878,0.3925286368739125,-0.6904876407744893,-0.03837454746280944,0.366407466720315,-0.43870435618727655,0.180625,7,0.57
39,1076.0,0.973551319193252,0.01551824586059225,9.758035982956349,1.6987324879594456,0.5246692656636232,7.585014775730322,-0.3131065990571835,2.131467554588878,0.3925286368739125,-0.5654034124196692,-0.03837454746280944,0.366407466720315,-0.43870435618727655,0.082833,7,0.53
40,1076.0,0.973551319193252,0.01551824586059225,7.176159742388143,1.6987324879594456,0.5246692656636232,7.585014775730322,-0.3131065990571835,2.131467554588878,0.3925286368739125,-0.6904876407744893,-0.03837454746280944,0.366407466720315,-0.43870435618727655,0.056084,7,0.68
41,1076.0,0.973551319193252,0.01551824586059225,7.176159742388143,1.6987324879594456,0.5246692656636232,7.585014775730322,-0.3131065990571835,2.131467554588878,0.3925286368739125,-0.6904876407744893,-0.03837454746280944,0.366407466720315,-0.43870435618727655,0.085833,7,0.69
42,1076.0,0.973551319193252,0.01551824586059225,7.176159742388143,1.6987324879594456,0.5246692656636232,7.585014775730322,-0.3131065990571835,2.131467554588878,0.3925286368739125,-0.6904876407744893,-0.03837454746280944,0.366407466720315,-0.43870435618727655,0.941458,7,0.66
43,1076.0,0.973551319193252,0.01551824586059225,7.176159742388143,1.6987324879594456,0.5246692656636232,7.585014775730322,-0.3131065990571835,2.131467554588878,0.3925286368739125,-0.6904876407744893,-0.03837454746280944,0.366407466720315,-0.43870435618727655,0.068292,7,0.66
44,1076.0,0.973551319193252,0.01551824586059225,9.758035982956349,1.6987324879594456,0.5246692656636232,7.585014775730322,-0.3131065990571835,2.131467554588878,0.3925286368739125,-0.5654034124196692,-0.03837454746280944,0.366407466720315,-0.43870435618727655,0.864334,7,0.64
45,1076.0,0.973551319193252,0.01551824586059225,7.176159742388143,1.6987324879594456,0.5246692656636232,7.585014775730322,-0.3131065990571835,2.131467554588878,0.3925286368739125,-0.6904876407744893,-0.03837454746280944,0.366407466720315,-0.43870435618727655,0.054917,7,0.67
46,1076.0,0.973551319193252,0.01551824586059225,9.758035982956349,1.6987324879594456,0.5246692656636232,7.585014775730322,-0.3131065990571835,2.131467554588878,0.3925286368739125,-0.5654034124196692,-0.03837454746280944,0.366407466720315,-0.43870435618727655,0.054375,7,0.65
47,1076.0,0.973551319193252,0.01551824586059225,9.758035982956349,1.6987324879594456,0.5246692656636232,7.585014775730322,-0.3131065990571835,2.131467554588878,0.3925286368739125,-0.5654034124196692,-0.03837454746280944,0.366407466720315,-0.43870435618727655,0.054833,7,0.67
48,1076.0,0.973551319193252,0.01551824586059225,9.758035982956349,1.6987324879594456,0.5246692656636232,7.585014775730322,-0.3131065990571835,2.131467554588878,0.3925286368739125,-0.5654034124196692,-0.03837454746280944,0.366407466720315,-0.43870435618727655,0.061459,7,0.69
49,1076.0,0.973551319193252,0.01551824586059225,7.176159742388143,1.6987324879594456,0.5246692656636232,7.585014775730322,-0.3131065990571835,2.131467554588878,0.3925286368739125,-0.6904876407744893,-0.03837454746280944,0.366407466720315,-0.43870435618727655,1.235875,8,0.69
50,1076.0,0.973551319193252,0.01551824586059225,7.176159742388143,1.6987324879594456,0.5246692656636232,7.585014775730322,-0.3131065990571835,2.131467554588878,0.3925286368739125,-0.6904876407744893,-0.03837454746280944,0.366407466720315,-0.43870435618727655,0.057125,8,0.68
51,1076.0,0.973551319193252,0.01551824586059225,9.758035982956349,1.6987324879594456,0.5246692656636232,7.585014775730322,-0.3131065990571835,2.131467554588878,0.3925286368739125,-0.5654034124196692,-0.03837454746280944,0.366407466720315,-0.43870435618727655,0.962291,8,0.67
52,1076.0,0.973551319193252,0.01551824586059225,7.176159742388143,1.6987324879594456,0.5246692656636232,7.585014775730322,-0.3131065990571835,2.131467554588878,0.3925286368739125,-0.6904876407744893,-0.03837454746280944,0.366407466720315,-0.43870435618727655,0.06875,8,0.67
53,1076.0,0.973551319193252,0.01551824586059225,7.176159742388143,1.6987324879594456,0.5246692656636232,7.585014775730322,-0.3131065990571835,2.131467554588878,0.3925286368739125,-0.6904876407744893,-0.03837454746280944,0.366407466720315,-0.43870435618727655,0.053375,8,0.64
54,1076.0,0.973551319193252,0.01551824586059225,9.758035982956349,1.6987324879594456,0.5246692656636232,7.585014775730322,-0.3131065990571835,2.131467554588878,0.3925286368739125,-0.5654034124196692,-0.03837454746280944,0.366407466720315,-0.43870435618727655,0.0575,8,0.62
55,1076.0,0.973551319193252,0.01551824586059225,9.758035982956349,1.6987324879594456,0.5246692656636232,7.585014775730322,-0.3131065990571835,2.131467554588878,0.41904377703625184,-0.5654034124196692,-0.03837454746280944,0.366407466720315,-0.43870435618727655,0.054292,8,0.68
56,1076.0,0.973551319193252,0.01551824586059225,9.758035982956349,1.6987324879594456,0.5246692656636232,7.585014775730322,-0.3131065990571835,2.131467554588878,0.41904377703625184,-0.5654034124196692,-0.03837454746280944,0.366407466720315,-0.43870435618727655,0.936333,8,0.66
57,1076.0,0.973551319193252,0.01551824586059225,9.758035982956349,1.6987324879594456,0.5246692656636232,7.585014775730322,-0.3131065990571835,2.131467554588878,0.3925286368739125,-0.5654034124196692,-0.03837454746280944,0.366407466720315,-0.43870435618727655,0.054333,8,0.67
58,1076.0,0.973551319193252,0.01551824586059225,9.758035982956349,1.6987324879594456,0.5246692656636232,7.585014775730322,-0.3131065990571835,2.131467554588878,0.3925286368739125,-0.5654034124196692,-0.03837454746280944,0.366407466720315,-0.43870435618727655,1.348958,9,0.67
59,1076.0,0.973551319193252,0.01551824586059225,9.758035982956349,1.6987324879594456,0.5246692656636232,7.585014775730322,-0.3131065990571835,2.131467554588878,0.41904377703625184,-0.5654034124196692,-0.03837454746280944,0.366407466720315,-0.43870435618727655,0.061458,9,0.66
60,1076.0,0.973551319193252,0.01551824586059225,9.758035982956349,1.6987324879594456,0.5246692656636232,7.585014775730322,-0.3131065990571835,2.131467554588878,0.3925286368739125,-0.5654034124196692,-0.03837454746280944,0.366407466720315,-0.43870435618727655,0.072583,9,0.68
61,1076.0,0.973551319193252,0.01551824586059225,7.176159742388143,1.6987324879594456,0.5246692656636232,7.585014775730322,-0.3131065990571835,2.131467554588878,0.3925286368739125,-0.6904876407744893,-0.03837454746280944,0.366407466720315,-0.43870435618727655,0.0995,9,0.69
62,1076.0,0.973551319193252,0.01551824586059225,9.758035982956349,1.6987324879594456,0.5246692656636232,7.585014775730322,-0.3131065990571835,2.131467554588878,0.3925286368739125,-0.5654034124196692,-0.03837454746280944,0.366407466720315,-0.43870435618727655,0.059125,9,0.65
63,1076.0,0.973551319193252,0.01551824586059225,9.758035982956349,1.6987324879594456,0.5246692656636232,7.585014775730322,-0.3131065990571835,2.131467554588878,0.41904377703625184,-0.5654034124196692,-0.03837454746280944,0.366407466720315,-0.43870435618727655,1.229375,10,0.70
64,1076.0,0.973551319193252,0.01551824586059225,9.758035982956349,1.6987324879594456,0.5246692656636232,7.585014775730322,-0.3131065990571835,2.131467554588878,0.3925286368739125,-0.5654034124196692,-0.03837454746280944,0.366407466720315,-0.43870435618727655,0.057875,10,0.66
65,1076.0,0.973551319193252,0.01551824586059225,9.758035982956349,1.6987324879594456,0.5246692656636232,7.585014775730322,-0.3131065990571835,2.131467554588878,0.41904377703625184,-0.5654034124196692,-0.03837454746280944,0.366407466720315,-0.43870435618727655,0.864625,10,0.68
66,1076.0,0.973551319193252,0.01551824586059225,7.176159742388143,1.6987324879594456,0.5246692656636232,7.585014775730322,-0.3131065990571835,2.131467554588878,0.3925286368739125,-0.6904876407744893,-0.03837454746280944,0.366407466720315,-0.43870435618727655,0.075125,10,0.68
67,1076.0,0.973551319193252,0.01551824586059225,9.758035982956349,1.6987324879594456,0.5246692656636232,7.585014775730322,-0.3131065990571835,2.131467554588878,0.3925286368739125,-0.5654034124196692,-0.03837454746280944,0.366407466720315,-0.43870435618727655,0.069708,10,0.66
68,1076.0,0.973551319193252,0.01551824586059225,9.758035982956349,1.6987324879594456,0.5246692656636232,7.585014775730322,-0.3131065990571835,2.131467554588878,0.3925286368739125,-0.5654034124196692,-0.03837454746280944,0.366407466720315,-0.43870435618727655,0.0705,10,0.65
69,1076.0,0.973551319193252,0.01551824586059225,9.758035982956349,1.6987324879594456,0.5246692656636232,7.585014775730322,-0.3131065990571835,2.131467554588878,0.3925286368739125,-0.5654034124196692,-0.03837454746280944,0.366407466720315,-0.43870435618727655,0.074,10,0.71
70,1076.0,0.973551319193252,0.01551824586059225,9.758035982956349,1.6987324879594456,0.5246692656636232,7.585014775730322,-0.3131065990571835,2.131467554588878,0.41904377703625184,-0.5654034124196692,-0.03837454746280944,0.366407466720315,-0.43870435618727655,1.141875,11,0.68
71,1076.0,0.973551319193252,0.01551824586059225,9.758035982956349,1.6987324879594456,0.5246692656636232,7.585014775730322,-0.3131065990571835,2.131467554588878,0.3925286368739125,-0.5654034124196692,-0.03837454746280944,0.366407466720315,-0.43870435618727655,0.05275,11,0.68
72,1076.0,0.973551319193252,0.01551824586059225,9.758035982956349,1.6987324879594456,0.5246692656636232,7.585014775730322,-0.3131065990571835,2.131467554588878,0.41904377703625184,-0.5654034124196692,-0.03837454746280944,0.366407466720315,-0.43870435618727655,0.915,11,0.66
73,1076.0,0.973551319193252,0.01551824586059225,9.758035982956349,1.6987324879594456,0.5246692656636232,7.585014775730322,-0.3131065990571835,2.131467554588878,0.41904377703625184,-0.5654034124196692,-0.03837454746280944,0.366407466720315,-0.43870435618727655,0.105458,11,0.65
74,1076.0,0.973551319193252,0.01551824586059225,9.758035982956349,1.6987324879594456,0.5246692656636232,7.585014775730322,-0.3131065990571835,2.131467554588878,0.3925286368739125,-0.5654034124196692,-0.03837454746280944,0.366407466720315,-0.43870435618727655,0.072917,11,0.68
75,1076.0,0.973551319193252,0.01551824586059225,9.758035982956349,1.6987324879594456,0.5246692656636232,7.585014775730322,-0.3131065990571835,2.131467554588878,0.41904377703625184,-0.6904876407744893,-0.05257883319088208,0.366407466720315,-0.43870435618727655,0.073416,11,0.63
76,1076.0,0.973551319193252,0.01551824586059225,9.758035982956349,1.6987324879594456,0.5246692656636232,7.585014775730322,-0.3131065990571835,2.131467554588878,0.41904377703625184,-0.6904876407744893,-0.05257883319088208,0.366407466720315,-0.43870435618727655,0.061875,11,0.67
77,1076.0,0.973551319193252,0.01551824586059225,9.758035982956349,1.6987324879594456,0.5246692656636232,7.585014775730322,-0.3131065990571835,2.131467554588878,0.3925286368739125,-0.5654034124196692,-0.03837454746280944,0.366407466720315,-0.43870435618727655,0.881708,11,0.66
78,1076.0,0.973551319193252,0.01551824586059225,9.758035982956349,1.6987324879594456,0.5246692656636232,7.585014775730322,-0.3131065990571835,2.131467554588878,0.41904377703625184,-0.5654034124196692,-0.03837454746280944,0.366407466720315,-0.43870435618727655,0.056375,11,0.68
79,1076.0,0.973551319193252,0.01551824586059225,9.758035982956349,1.6987324879594456,0.5246692656636232,7.585014775730322,-0.3131065990571835,2.131467554588878,0.41904377703625184,-0.5654034124196692,-0.03837454746280944,0.366407466720315,-0.43870435618727655,1.253666,12,0.64
80,1076.0,0.973551319193252,0.01551824586059225,7.176159742388143,1.6987324879594456,0.5246692656636232,7.585014775730322,-0.3131065990571835,2.131467554588878,0.3925286368739125,-0.6904876407744893,-0.03837454746280944,0.366407466720315,-0.43870435618727655,0.07925,12,0.64
81,1076.0,0.973551319193252,0.01551824586059225,7.176159742388143,1.6987324879594456,0.5246692656636232,7.585014775730322,-0.3131065990571835,2.131467554588878,0.3925286368739125,-0.6904876407744893,-0.03837454746280944,0.366407466720315,-0.43870435618727655,0.127417,12,0.69
82,1076.0,0.973551319193252,0.01551824586059225,9.758035982956349,1.6987324879594456,0.5246692656636232,7.585014775730322,-0.3131065990571835,2.131467554588878,0.3925286368739125,-0.5654034124196692,-0.03837454746280944,0.366407466720315,-0.43870435618727655,0.061458,12,0.66
83,1076.0,0.973551319193252,0.01551824586059225,9.758035982956349,1.6987324879594456,0.5246692656636232,7.585014775730322,-0.3131065990571835,2.131467554588878,0.41904377703625184,-0.5654034124196692,-0.03837454746280944,0.366407466720315,-0.43870435618727655,0.063,12,0.67
84,1076.0,0.973551319193252,0.01551824586059225,9.758035982956349,1.6987324879594456,0.5246692656636232,7.585014775730322,-0.3131065990571835,2.131467554588878,0.3925286368739125,-0.5654034124196692,-0.03837454746280944,0.366407466720315,-0.43870435618727655,1.301958,13,0.66
85,1076.0,0.973551319193252,0.01551824586059225,9.758035982956349,1.6987324879594456,0.5246692656636232,7.585014775730322,-0.3131065990571835,2.131467554588878,0.41904377703625184,-0.5654034124196692,-0.03837454746280944,0.366407466720315,-0.43870435618727655,0.05675,13,0.67
86,1076.0,0.973551319193252,0.01551824586059225,1.340435174777166,1.6987324879594456,6.630777548336423,7.585014775730322,-0.3131065990571835,2.131467554588878,0.30054362080338115,-0.5654034124196692,-0.03837454746280944,0.366407466720315,-0.43870435618727655,0.88825,13,0.67
87,1076.0,0.973551319193252,0.01551824586059225,9.758035982956349,1.6987324879594456,0.5246692656636232,7.585014775730322,-0.3131065990571835,2.131467554588878,0.3925286368739125,-0.5654034124196692,-0.03837454746280944,0.366407466720315,-0.43870435618727655,0.056292,13,0.67
88,1076.0,0.973551319193252,0.01551824586059225,1.340435174777166,1.6987324879594456,6.630777548336423,7.585014775730322,-0.3131065990571835,2.131467554588878,0.30054362080338115,-0.5654034124196692,-0.03837454746280944,0.366407466720315,-0.43870435618727655,1.293333,14,0.68
89,1076.0,0.973551319193252,0.01551824586059225,7.079574589709407,1.6987324879594456,0.5246692656636232,7.585014775730322,-0.3131065990571835,2.131467554588878,0.41904377703625184,-0.5654034124196692,-0.03837454746280944,0.366407466720315,-0.43870435618727655,0.056208,14,0.65
90,1076.0,0.973551319193252,0.01551824586059225,1.340435174777166,1.6987324879594456,6.630777548336423,7.585014775730322,-0.3131065990571835,2.131467554588878,0.30054362080338115,-0.5654034124196692,-0.03837454746280944,0.366407466720315,-0.43870435618727655,0.05975,14,0.68
91,1076.0,0.973551319193252,0.01551824586059225,1.340435174777166,1.6987324879594456,6.630777548336423,7.585014775730322,-0.3131065990571835,2.131467554588878,0.30054362080338115,-0.5654034124196692,-0.03837454746280944,0.366407466720315,-0.43870435618727655,1.180834,15,0.65
92,1076.0,0.973551319193252,0.01551824586059225,7.079574589709407,1.6987324879594456,0.5246692656636232,7.585014775730322,-0.3131065990571835,2.131467554588878,0.41904377703625184,-0.5654034124196692,-0.03837454746280944,0.366407466720315,-0.43870435618727655,0.056791,15,0.65
93,1076.0,0.973551319193252,0.01551824586059225,1.340435174777166,1.6987324879594456,6.630777548336423,7.585014775730322,-0.3131065990571835,2.131467554588878,0.30054362080338115,-0.5654034124196692,-0.03837454746280944,0.366407466720315,-0.43870435618727655,0.950084,15,0.64
94,1076.0,0.973551319193252,0.01551824586059225,1.340435174777166,1.6987324879594456,6.630777548336423,7.585014775730322,-0.3131065990571835,2.131467554588878,0.30054362080338115,-0.5654034124196692,-0.03837454746280944,0.366407466720315,-0.43870435618727655,0.056833,15,0.69
95,1076.0,0.973551319193252,0.01551824586059225,1.340435174777166,1.6987324879594456,6.630777548336423,7.585014775730322,-0.3131065990571835,2.131467554588878,0.30054362080338115,-0.5654034124196692,-0.03837454746280944,0.366407466720315,-0.43870435618727655,0.946417,15,0.67
96,1076.0,0.973551319193252,0.01551824586059225,7.079574589709407,1.6987324879594456,0.5246692656636232,7.585014775730322,-0.3131065990571835,2.131467554588878,0.41904377703625184,-0.5654034124196692,-0.03837454746280944,0.366407466720315,-0.43870435618727655,0.059959,15,0.66
97,1076.0,0.973551319193252,0.01551824586059225,1.340435174777166,1.6987324879594456,6.630777548336423,7.585014775730322,-0.3131065990571835,2.131467554588878,0.30054362080338115,-0.5654034124196692,-0.03837454746280944,0.366407466720315,-0.43870435618727655,0.057417,15,0.69
98,1076.0,0.973551319193252,0.01551824586059225,7.079574589709407,1.6987324879594456,0.5246692656636232,7.585014775730322,-0.3131065990571835,2.131467554588878,0.41904377703625184,-0.5654034124196692,-0.03837454746280944,0.366407466720315,-0.43870435618727655,0.994708,15,0.70
99,1076.0,0.973551319193252,0.01551824586059225,9.758035982956349,1.6987324879594456,0.5246692656636232,7.585014775730322,-0.3131065990571835,2.131467554588878,0.41904377703625184,-0.5654034124196692,-0.03837454746280944,0.366407466720315,-0.43870435618727655,0.084708,15,0.69
100,1076.0,0.973551319193252,0.01551824586059225,1.340435174777166,1.6987324879594456,6.630777548336423,7.585014775730322,-0.3131065990571835,2.131467554588878,0.30054362080338115,-0.5654034124196692,-0.03837454746280944,0.366407466720315,-0.43870435618727655,0.658042,15,0.67
101,1076.0,0.973551319193252,0.01551824586059225,7.079574589709407,1.6987324879594456,0.5246692656636232,7.585014775730322,-0.3131065990571835,2.131467554588878,0.41904377703625184,-0.5654034124196692,-0.03837454746280944,0.366407466720315,-0.43870435618727655,0.059833,15,0.67
102,1076.0,0.973551319193252,0.01551824586059225,1.340435174777166,1.6987324879594456,0.5246692656636232,7.585014775730322,-0.3131065990571835,2.131467554588878,0.30054362080338115,-0.5654034124196692,-0.03837454746280944,0.366407466720315,-0.43870435618727655,1.094666,16,0.69
103,1076.0,0.973551319193252,0.01551824586059225,7.079574589709407,1.6987324879594456,0.5246692656636232,7.585014775730322,-0.3131065990571835,2.131467554588878,0.41904377703625184,-0.5654034124196692,-0.03837454746280944,0.366407466720315,-0.43870435618727655,0.053958,16,0.66
104,1076.0,0.973551319193252,0.01551824586059225,7.079574589709407,1.6987324879594456,6.630777548336423,9.541300107170201,-0.3131065990571835,2.131467554588878,0.30054362080338115,-0.5654034124196692,-0.03837454746280944,0.366407466720315,0.7522622577367655,0.058625,16,0.68
105,1076.0,0.973551319193252,0.01551824586059225,1.340435174777166,1.6987324879594456,0.5246692656636232,7.585014775730322,-0.3131065990571835,2.131467554588878,0.30054362080338115,-0.5654034124196692,-0.03837454746280944,0.366407466720315,-0.43870435618727655,0.93375,16,0.68
106,1076.0,0.973551319193252,0.01551824586059225,7.079574589709407,1.6987324879594456,0.5246692656636232,7.585014775730322,-0.3131065990571835,2.131467554588878,0.41904377703625184,-0.5654034124196692,-0.03837454746280944,0.366407466720315,-0.43870435618727655,0.056208,16,0.66
107,1076.0,0.973551319193252,0.01551824586059225,1.340435174777166,1.6987324879594456,0.5246692656636232,7.585014775730322,-0.3131065990571835,2.131467554588878,0.30054362080338115,-0.5654034124196692,-0.03837454746280944,0.366407466720315,-0.43870435618727655,0.993875,16,0.69
108,1076.0,0.973551319193252,0.01551824586059225,1.340435174777166,1.6987324879594456,0.5246692656636232,7.585014775730322,-0.3131065990571835,2.131467554588878,0.30054362080338115,-0.5654034124196692,-0.03837454746280944,0.366407466720315,-0.43870435618727655,0.068291,16,0.68
109,1076.0,0.973551319193252,0.01551824586059225,1.340435174777166,1.6987324879594456,6.630777548336423,7.585014775730322,-0.3131065990571835,2.131467554588878,0.30054362080338115,-0.5654034124196692,-0.03837454746280944,0.366407466720315,-0.43870435618727655,0.5405,16,0.68
110,1076.0,0.973551319193252,0.01551824586059225,7.079574589709407,1.6987324879594456,0.5246692656636232,7.585014775730322,-0.3131065990571835,2.131467554588878,0.41904377703625184,-0.5654034124196692,-0.03837454746280944,0.366407466720315,-0.43870435618727655,0.064292,16,0.62
111,1076.0,0.973551319193252,0.01551824586059225,1.340435174777166,1.6987324879594456,0.5246692656636232,7.585014775730322,-0.3131065990571835,2.131467554588878,0.30054362080338115,-0.5654034124196692,-0.03837454746280944,0.366407466720315,-0.43870435618727655,0.063458,16,0.68
112,1076.0,0.973551319193252,0.01551824586059225,7.079574589709407,1.6987324879594456,6.630777548336423,9.541300107170201,-0.3131065990571835,2.131467554588878,0.30054362080338115,-0.5654034124196692,-0.03837454746280944,0.366407466720315,0.7522622577367655,1.193667,17,0.67
113,1076.0,0.973551319193252,0.01551824586059225,7.079574589709407,1.6987324879594456,0.5246692656636232,7.585014775730322,-0.3131065990571835,2.131467554588878,0.41904377703625184,-0.5654034124196692,-0.03837454746280944,0.366407466720315,-0.43870435618727655,0.061084,17,0.65
114,1076.0,0.973551319193252,0.01551824586059225,7.079574589709407,1.6987324879594456,0.5246692656636232,7.267961290788102,-0.33614944321316775,2.131467554588878,-0.4135703362343721,-0.5654034124196692,-0.03837454746280944,0.366407466720315,-0.43870435618727655,0.393917,17,0.68
115,1076.0,0.973551319193252,0.01551824586059225,1.340435174777166,1.6987324879594456,6.630777548336423,7.585014775730322,-0.3131065990571835,2.131467554588878,0.30054362080338115,-0.5654034124196692,-0.03837454746280944,0.366407466720315,-0.43870435618727655,0.108625,17,0.62
116,1076.0,0.973551319193252,0.01551824586059225,7.079574589709407,1.6987324879594456,0.5246692656636232,7.585014775730322,-0.3131065990571835,2.131467554588878,0.41904377703625184,-0.5654034124196692,-0.03837454746280944,0.366407466720315,-0.43870435618727655,0.999875,17,0.66
117,1076.0,0.973551319193252,0.01551824586059225,1.340435174777166,1.6987324879594456,6.630777548336423,7.585014775730322,-0.3131065990571835,2.131467554588878,0.30054362080338115,-0.5654034124196692,-0.03837454746280944,0.366407466720315,-0.43870435618727655,0.061958,17,0.68
118,1076.0,0.973551319193252,0.01551824586059225,7.079574589709407,1.6987324879594456,6.630777548336423,9.541300107170201,-0.3131065990571835,2.131467554588878,0.30054362080338115,-0.5654034124196692,-0.03837454746280944,0.366407466720315,0.7522622577367655,0.051042,17,0.66
119,1076.0,0.973551319193252,0.01551824586059225,1.340435174777166,1.6987324879594456,6.630777548336423,7.585014775730322,-0.3131065990571835,2.131467554588878,0.30054362080338115,-0.5654034124196692,-0.03837454746280944,0.366407466720315,-0.43870435618727655,1.193542,18,0.69
120,1076.0,0.973551319193252,0.01551824586059225,1.340435174777166,1.6987324879594456,6.630777548336423,7.585014775730322,-0.3131065990571835,2.131467554588878,0.30054362080338115,-0.5654034124196692,-0.03837454746280944,0.366407466720315,-0.43870435618727655,0.364125,18,0.65
121,1076.0,0.973551319193252,0.01551824586059225,1.340435174777166,1.6987324879594456,6.630777548336423,7.585014775730322,-0.3131065990571835,2.131467554588878,0.30054362080338115,-0.5654034124196692,-0.03837454746280944,0.366407466720315,-0.43870435618727655,0.93175,18,0.63
122,1076.0,0.973551319193252,0.01551824586059225,1.340435174777166,1.6987324879594456,6.630777548336423,7.585014775730322,-0.3131065990571835,2.131467554588878,0.30054362080338115,-0.5654034124196692,-0.03837454746280944,0.366407466720315,-0.43870435618727655,0.032834,18,0.65
123,1076.0,0.973551319193252,0.01551824586059225,1.340435174777166,1.6987324879594456,6.630777548336423,7.585014775730322,-0.3131065990571835,2.131467554588878,0.30054362080338115,-0.5654034124196692,-0.03837454746280944,0.366407466720315,-0.43870435618727655,1.152041,19,0.66
124,1076.0,0.973551319193252,0.01551824586059225,7.079574589709407,1.6987324879594456,6.630777548336423,9.541300107170201,-0.3131065990571835,2.131467554588878,0.30054362080338115,-0.5654034124196692,-0.03837454746280944,0.366407466720315,0.7522622577367655,0.030542,19,0.65
125,1076.0,0.973551319193252,0.01551824586059225,1.340435174777166,1.6987324879594456,6.630777548336423,7.585014775730322,-0.3131065990571835,2.131467554588878,0.30054362080338115,-0.5654034124196692,-0.03837454746280944,0.366407466720315,-0.43870435618727655,0.034625,19,0.68
126,1076.0,0.973551319193252,0.01551824586059225,1.340435174777166,1.6987324879594456,6.630777548336423,7.585014775730322,-0.3131065990571835,2.131467554588878,0.30054362080338115,-0.5654034124196692,-0.03837454746280944,0.366407466720315,-0.43870435618727655,0.889,19,0.66
127,1076.0,0.973551319193252,0.01551824586059225,7.079574589709407,1.6987324879594456,6.630777548336423,9.541300107170201,-0.3131065990571835,2.131467554588878,0.30054362080338115,-0.5654034124196692,-0.03837454746280944,0.366407466720315,0.7522622577367655,0.066334,19,0.63
128,1076.0,0.973551319193252,0.01551824586059225,7.079574589709407,1.6987324879594456,6.630777548336423,9.541300107170201,-0.3131065990571835,2.131467554588878,0.30054362080338115,-0.5654034124196692,-0.03837454746280944,0.366407466720315,0.7522622577367655,0.8745,19,0.68
129,1076.0,0.973551319193252,0.01551824586059225,6.194067725946052,1.6987324879594456,0.5246692656636232,7.585014775730322,-0.3131065990571835,2.131467554588878,0.019962749838203786,-0.5654034124196692,-0.03837454746280944,0.366407466720315,-0.45432703993681023,0.057584,19,0.66
130,1076.0,0.973551319193252,0.01551824586059225,7.079574589709407,1.6987324879594456,0.5246692656636232,7.585014775730322,-0.3131065990571835,2.131467554588878,0.41904377703625184,-0.5654034124196692,-0.03837454746280944,0.366407466720315,-0.43870435618727655,0.409917,19,0.60
131,1076.0,0.973551319193252,0.01551824586059225,1.340435174777166,1.6987324879594456,6.630777548336423,7.585014775730322,-0.3131065990571835,2.131467554588878,0.30054362080338115,-0.5654034124196692,-0.03837454746280944,0.366407466720315,-0.43870435618727655,0.03425,19,0.63
132,1076.0,0.973551319193252,0.01551824586059225,7.079574589709407,1.6987324879594456,6.630777548336423,9.541300107170201,-0.3131065990571835,2.131467554588878,0.30054362080338115,-0.5654034124196692,-0.03837454746280944,0.366407466720315,0.7522622577367655,0.039375,19,0.66
133,1076.0,0.973551319193252,0.01551824586059225,1.340435174777166,1.6987324879594456,6.630777548336423,7.585014775730322,-0.3131065990571835,2.687976101805737,0.30054362080338115,-0.5654034124196692,-0.03837454746280944,0.366407466720315,-0.43870435618727655,0.391875,19,0.63
134,1076.0,0.973551319193252,0.01551824586059225,7.079574589709407,1.6987324879594456,6.630777548336423,9.541300107170201,-0.3131065990571835,2.131467554588878,0.30054362080338115,-0.5654034124196692,-0.03837454746280944,0.366407466720315,0.7522622577367655,0.036625,19,0.62
135,1076.0,0.973551319193252,0.01551824586059225,1.340435174777166,1.6987324879594456,6.630777548336423,7.585014775730322,-0.3131065990571835,2.687976101805737,0.30054362080338115,-0.5654034124196692,-0.03837454746280944,0.366407466720315,-0.43870435618727655,0.3105,19,0.66
136,1076.0,0.973551319193252,0.01551824586059225,1.340435174777166,1.6987324879594456,6.630777548336423,7.585014775730322,-0.3131065990571835,2.131467554588878,0.30054362080338115,-0.5654034124196692,-0.03837454746280944,0.366407466720315,-0.43870435618727655,0.034625,19,0.66
137,1076.0,0.973551319193252,0.01551824586059225,1.340435174777166,1.6987324879594456,6.630777548336423,7.585014775730322,-0.3131065990571835,2.687976101805737,0.30054362080338115,-0.5654034124196692,-0.03837454746280944,0.366407466720315,-0.43870435618727655,0.257875,19,0.67
138,1076.0,0.973551319193252,0.01551824586059225,7.079574589709407,1.6987324879594456,6.630777548336423,9.541300107170201,-0.3131065990571835,2.131467554588878,0.30054362080338115,-0.5654034124196692,-0.03837454746280944,0.366407466720315,0.7522622577367655,0.152417,19,0.62
139,1076.0,0.973551319193252,0.01551824586059225,7.079574589709407,1.6987324879594456,6.630777548336423,9.541300107170201,-0.3131065990571835,2.131467554588878,0.30054362080338115,-0.5654034124196692,-0.03837454746280944,0.366407466720315,0.7522622577367655,0.032708,19,0.67
140,1076.0,0.973551319193252,0.01551824586059225,7.079574589709407,1.6987324879594456,0.5246692656636232,7.585014775730322,-0.3131065990571835,2.131467554588878,0.41904377703625184,-0.5654034124196692,-0.03837454746280944,0.366407466720315,-0.43870435618727655,0.031833,19,0.67
141,1076.0,0.973551319193252,0.01551824586059225,7.079574589709407,1.6987324879594456,6.630777548336423,9.541300107170201,-0.3131065990571835,2.131467554588878,0.30054362080338115,-0.5654034124196692,-0.03837454746280944,0.366407466720315,0.7522622577367655,0.063208,19,0.65
142,1076.0,0.973551319193252,0.01551824586059225,7.079574589709407,1.6987324879594456,6.630777548336423,9.541300107170201,-0.3131065990571835,2.131467554588878,0.30054362080338115,-0.5654034124196692,-0.03837454746280944,0.366407466720315,0.7522622577367655,0.367625,19,0.67
143,1076.0,0.973551319193252,0.01551824586059225,1.340435174777166,1.6987324879594456,6.630777548336423,7.585014775730322,-0.3131065990571835,2.131467554588878,0.30054362080338115,-0.5654034124196692,-0.03837454746280944,0.366407466720315,-0.43870435618727655,0.068542,19,0.67
144,1076.0,0.973551319193252,0.01551824586059225,1.340435174777166,1.6987324879594456,6.630777548336423,7.585014775730322,-0.3131065990571835,2.131467554588878,0.30054362080338115,-0.5654034124196692,-0.03837454746280944,0.366407466720315,-0.43870435618727655,0.090083,19,0.68
145,1076.0,0.973551319193252,0.01551824586059225,7.079574589709407,1.6987324879594456,6.630777548336423,9.541300107170201,-0.3131065990571835,2.131467554588878,0.30054362080338115,-0.5654034124196692,-0.03837454746280944,0.366407466720315,0.7522622577367655,0.02975,19,0.63
146,1076.0,0.973551319193252,0.01551824586059225,7.079574589709407,1.6987324879594456,6.630777548336423,9.541300107170201,-0.3131065990571835,2.131467554588878,0.30054362080338115,-0.5654034124196692,-0.03837454746280944,0.366407466720315,0.7522622577367655,0.03,19,0.69
147,1076.0,0.973551319193252,0.01551824586059225,7.079574589709407,1.6987324879594456,6.630777548336423,9.541300107170201,-0.3131065990571835,2.131467554588878,0.30054362080338115,-0.5654034124196692,-0.03837454746280944,0.366407466720315,0.7522622577367655,0.033834,19,0.69
148,1076.0,0.973551319193252,0.01551824586059225,7.079574589709407,1.6987324879594456,6.630777548336423,9.541300107170201,-0.3131065990571835,2.131467554588878,0.30054362080338115,-0.5654034124196692,-0.03837454746280944,0.366407466720315,0.7522622577367655,0.050166,19,0.65
149,1076.0,0.973551319193252,0.01551824586059225,7.079574589709407,1.6987324879594456,6.630777548336423,9.541300107170201,-0.3131065990571835,2.131467554588878,0.30054362080338115,-0.5654034124196692,-0.03837454746280944,0.366407466720315,0.7522622577367655,1.242708,20,0.67
150,1076.0,0.973551319193252,0.01551824586059225,1.340435174777166,1.6987324879594456,6.630777548336423,7.585014775730322,-0.3131065990571835,2.131467554588878,0.30054362080338115,-0.5654034124196692,-0.03837454746280944,0.366407466720315,-0.43870435618727655,0.032084,20,0.66
